Name,Age,#days,Lev,Tm,G,GS,W,L,SV,IP,H,R,ER,BB,SO,HR,HBP,ERA,AB,2B,3B,IBB,GDP,SF,SB,CS,PO,BF,Pit,Str,StL,StS,GB/FB,LD,PU,WHIP,BAbip,SO9,SO/W,mlbID,Season
Albert Abreu,26,1453,Maj-AL,"KCR,New York,TEX",33,0,2.0,2.0,,38.2,35,15,14,22,38,5,3,3.26,144,5,0,0,5,2,1,2,2,172,707,0.59,0.18,0.1,0.53,0.26,0.03,1.474,0.291,8.8,1.73,656061,2022
Bryan Abreu,25,1422,Maj-AL,HOU,65,0,4.0,,2.0,71.2,49,16,13,30,107,2,5,1.63,255,7,0,0,6,1,8,1,0,291,1197,0.62,0.14,0.18,0.47,0.23,0.12,1.102,0.32,13.4,3.57,650556,2022
Jason Adam,30,1450,Maj-AL,TBR,68,0,2.0,3.0,8.0,65.1,32,12,11,17,77,5,7,1.52,216,3,1,2,10,2,12,0,0,243,963,0.67,0.17,0.18,0.45,0.18,0.13,0.75,0.199,10.6,4.53,592094,2022
Austin Adams,31,1629,Maj-NL,SDP,2,0,1.0,,,2.1,0,0,0,3,2,0,0,0.0,6,0,0,0,1,0,0,0,0,9,47,0.55,0.19,0.11,1.0,0.0,0.0,1.286,0.0,7.7,0.67,613534,2022
Keegan Akin,27,1453,Maj-AL,BAL,45,1,3.0,3.0,2.0,81.2,69,35,29,20,77,10,1,3.2,304,15,0,0,8,2,0,2,0,329,1235,0.7,0.17,0.12,0.5,0.25,0.03,1.09,0.269,8.5,3.85,669211,2022
Hanser Alberto,29,1458,Maj-NL,LAD,10,0,,,,11.0,10,5,5,3,1,2,1,4.09,42,2,0,0,0,1,0,0,0,47,152,0.59,0.11,0.01,0.19,0.24,0.07,1.182,0.2,0.8,0.33,593643,2022
Jorge Alcala,26,1631,Maj-AL,MIN,2,0,,,,2.1,2,0,0,2,2,0,0,0.0,8,0,0,0,1,0,0,0,0,10,40,0.6,0.18,0.13,0.5,0.17,0.0,1.714,0.333,7.7,1.0,660896,2022
Sandy Alcantara,26,1458,Maj-NL,MIA,32,32,14.0,9.0,,228.2,174,67,58,50,207,16,9,2.28,820,32,6,1,21,6,24,4,3,886,3248,0.69,0.15,0.12,0.54,0.19,0.07,0.98,0.262,8.1,4.14,645261,2022
Jason Alexander,29,1470,Maj-NL,MIL,18,11,2.0,3.0,,71.2,88,47,43,28,46,12,4,5.4,282,15,3,0,10,7,3,4,0,321,1160,0.62,0.19,0.07,0.52,0.23,0.03,1.619,0.329,5.8,1.64,669920,2022
Tyler Alexander,27,1453,Maj-AL,DET,27,17,4.0,11.0,,101.0,108,58,54,25,61,18,1,4.81,393,20,2,1,9,6,7,3,1,427,1591,0.66,0.16,0.08,0.37,0.25,0.1,1.317,0.281,5.4,2.44,641302,2022
A.J. Alexy,24,1476,Maj-AL,TEX,4,0,1.0,1.0,,7.0,10,9,9,9,6,1,0,11.57,29,2,0,0,2,0,0,0,1,38,152,0.52,0.2,0.05,0.52,0.35,0.04,2.714,0.409,7.7,0.67,669935,2022
Kolby Allard,24,1454,Maj-AL,TEX,10,0,1.0,2.0,1.0,21.0,21,17,17,6,19,9,1,7.29,80,4,0,1,2,0,0,1,0,87,299,0.65,0.18,0.11,0.28,0.28,0.07,1.286,0.231,8.1,3.17,663465,2022
Logan Allen,25,1596,Maj-AL,"BAL,CLE",7,0,1.0,,,7.2,12,5,5,5,7,0,1,5.87,34,2,2,0,1,0,0,0,0,40,164,0.58,0.18,0.09,0.44,0.26,0.07,2.217,0.444,8.2,1.4,663531,2022
Yency Almonte,28,1443,Maj-NL,LAD,36,0,,1.0,1.0,37.2,20,6,6,10,39,2,4,1.43,129,5,0,1,4,1,2,0,0,144,507,0.65,0.19,0.16,0.49,0.21,0.1,0.796,0.202,9.3,3.9,622075,2022
Jos\xc3\xa9 Alvarado,27,1422,Maj-NL,PHI,71,0,5.0,2.0,3.0,62.1,47,28,25,29,95,5,3,3.61,230,9,1,4,4,2,7,1,2,265,1081,0.62,0.16,0.17,0.57,0.2,0.06,1.219,0.318,13.7,3.28,621237,2022
Adbert Alzolay,27,1453,Maj-NL,CHC,6,0,2.0,1.0,,13.1,9,5,5,2,19,1,1,3.38,49,3,1,0,0,0,0,0,0,52,198,0.67,0.16,0.16,0.4,0.2,0.17,0.825,0.276,12.8,9.5,640470,2022
Chase Anderson,34,1453,Maj-NL,CIN,9,7,2.0,4.0,,24.0,17,18,17,15,23,3,3,6.38,83,4,0,0,1,2,2,2,0,103,493,0.59,0.14,0.09,0.55,0.18,0.06,1.333,0.237,8.6,1.53,502624,2022
Ian Anderson,24,1506,Maj-NL,ATL,22,22,10.0,6.0,,111.2,115,63,62,54,97,12,1,5.0,436,25,1,0,9,2,4,3,0,493,2005,0.6,0.13,0.12,0.48,0.24,0.05,1.513,0.313,7.8,1.8,666120,2022
Shaun Anderson,27,1553,Maj-AL,TOR,1,0,,,,1.0,4,2,2,0,0,0,0,18.0,6,0,0,0,0,1,0,0,0,7,21,0.71,0.24,0.05,0.43,0.14,0.14,4.0,0.571,0.0,,641312,2022
Tyler Anderson,32,1443,Maj-NL,LAD,31,29,15.0,5.0,,183.2,147,57,51,36,144,14,9,2.5,674,31,6,0,17,4,4,1,1,726,2662,0.69,0.16,0.12,0.41,0.22,0.1,0.996,0.256,7.1,4.0,542881,2022
Mark Appel,30,1517,Maj-NL,PHI,6,0,,,,10.1,9,2,2,3,5,0,0,1.74,37,2,0,0,2,0,0,1,0,40,149,0.56,0.17,0.07,0.53,0.22,0.09,1.161,0.281,4.4,1.67,571446,2022
Chris Archer,33,1478,Maj-AL,MIN,25,25,2.0,8.0,,102.2,87,56,52,48,84,12,3,4.56,381,26,0,0,10,4,3,1,0,437,1787,0.61,0.16,0.1,0.44,0.25,0.04,1.315,0.26,7.4,1.75,502042,2022
Orlando Arcia,27,1465,Maj-NL,ATL,1,0,,,,1.0,0,0,0,1,0,0,0,0.0,3,0,0,0,0,0,0,0,0,4,10,0.6,0.0,0.1,0.0,0.33,0.0,1.0,0.0,0.0,0.0,606115,2022
Kohei Arihara,29,1478,Maj-AL,TEX,5,4,1.0,3.0,,20.0,36,22,21,11,14,4,3,9.45,93,12,0,0,3,0,1,0,0,108,390,0.6,0.12,0.1,0.51,0.24,0.05,2.35,0.427,6.3,1.27,685503,2022
Shawn Armstrong,31,1450,"Maj-AL,Maj-NL","MIA,TBR",51,3,2.0,3.0,2.0,63.0,67,32,30,17,69,7,4,4.29,247,17,0,2,3,5,4,1,0,274,1062,0.69,0.16,0.13,0.49,0.21,0.04,1.333,0.341,9.9,4.06,542888,2022
Aaron Ashby,24,1453,Maj-NL,MIL,27,19,2.0,10.0,1.0,107.1,106,62,53,47,126,15,6,4.44,418,19,2,0,10,3,7,0,1,475,1878,0.64,0.2,0.12,0.57,0.19,0.04,1.425,0.325,10.6,2.68,676879,2022
Graham Ashcraft,24,1453,Maj-NL,CIN,19,19,5.0,6.0,,105.0,119,61,57,30,71,11,8,4.89,423,19,0,1,8,3,6,1,0,464,1756,0.64,0.15,0.08,0.55,0.23,0.04,1.419,0.314,6.1,2.37,668933,2022
Javier Assad,24,1454,Maj-NL,CHC,9,8,2.0,2.0,,37.2,35,14,13,20,30,4,0,3.11,146,5,1,0,1,0,5,2,0,166,690,0.61,0.15,0.1,0.41,0.21,0.15,1.46,0.277,7.2,1.5,665871,2022
Willians Astudillo,30,1525,Maj-NL,MIA,2,0,,,,2.0,0,0,0,2,0,0,0,0.0,5,0,0,0,1,0,0,0,0,7,23,0.39,0.13,0.0,0.2,0.6,0.0,1.0,0.0,0.0,0.0,553902,2022
Pedro Avila,25,1617,Maj-NL,SDP,2,0,,,,4.0,3,3,2,1,5,1,1,4.5,16,0,0,0,0,0,0,0,0,18,70,0.64,0.16,0.14,0.55,0.27,0.0,1.0,0.2,11.3,5.0,658648,2022
Michel B\xc3\xa1ez,26,1517,Maj-NL,SDP,2,0,,,,2.0,1,0,0,0,2,0,0,0.0,7,0,0,0,0,0,0,0,0,7,25,0.56,0.08,0.08,0.4,0.2,0.0,0.5,0.2,9.0,,673258,2022
Pedro B\xc3\xa1ez,34,1622,Maj-AL,HOU,3,0,,,,2.1,5,6,3,3,2,0,0,11.57,12,2,0,0,0,1,0,0,0,16,73,0.58,0.12,0.14,0.36,0.45,0.0,3.429,0.455,7.7,0.67,520980,2022
Bryan Baker,27,1453,Maj-AL,BAL,66,2,4.0,3.0,1.0,69.2,60,29,27,26,76,3,3,3.49,261,8,2,1,6,1,2,0,1,291,1181,0.62,0.17,0.11,0.42,0.27,0.09,1.234,0.311,9.8,2.92,641329,2022
Anthony Banda,28,1486,"Maj-AL,Maj-NL","New York,Pittsburgh,TOR",32,1,1.0,1.0,,26.2,43,20,20,13,30,4,2,6.75,119,9,0,2,1,1,3,1,0,135,551,0.64,0.16,0.09,0.33,0.32,0.1,2.1,0.453,10.1,2.31,607455,2022
Tanner Banks,30,1465,Maj-AL,CHC,35,0,2.0,,,53.0,42,25,18,18,49,5,1,3.06,197,5,0,0,3,1,0,3,1,217,905,0.68,0.18,0.09,0.46,0.28,0.04,1.132,0.257,8.3,2.72,621383,2022
Luke Bard,31,1491,Maj-AL,"New York,TBR",9,0,1.0,1.0,,15.0,7,3,3,7,8,0,2,1.8,49,1,1,0,0,0,9,1,1,59,241,0.61,0.15,0.11,0.43,0.31,0.05,0.933,0.171,4.8,1.14,572703,2022
Luke Barker,30,1570,Maj-NL,MIL,3,0,,,,4.0,7,5,5,0,3,2,0,11.25,19,2,0,0,0,0,0,0,0,19,54,0.72,0.17,0.11,0.5,0.31,0.0,1.75,0.357,6.8,,673316,2022
Joe Barlow,26,1455,Maj-AL,TEX,35,0,3.0,1.0,13.0,35.0,27,18,15,13,28,5,4,3.86,127,4,1,0,2,2,1,1,0,146,554,0.65,0.16,0.13,0.37,0.23,0.08,1.143,0.229,7.2,2.15,669618,2022
Scott Barlow,29,1455,Maj-AL,KCR,69,0,7.0,4.0,24.0,74.1,52,23,18,22,77,9,3,2.18,262,4,1,1,10,3,4,1,0,290,1198,0.65,0.19,0.14,0.47,0.19,0.07,0.996,0.24,9.3,3.5,605130,2022
Jacob Barnes,32,1457,Maj-AL,"DET,New York",23,0,3.0,1.0,,22.1,23,14,14,9,12,3,2,5.64,85,8,0,0,4,0,1,0,0,97,361,0.62,0.13,0.09,0.51,0.23,0.04,1.433,0.286,4.8,1.33,606930,2022
Matt Barnes,32,1453,Maj-AL,BOS,44,0,,4.0,8.0,39.2,36,22,19,21,34,2,3,4.31,150,6,1,1,4,1,5,0,0,176,693,0.61,0.17,0.11,0.45,0.19,0.05,1.437,0.296,7.7,1.62,598264,2022
Tucker Barnhart,31,1565,Maj-AL,DET,1,0,,,,1.0,3,1,1,0,0,0,0,9.0,5,1,0,0,1,0,0,0,0,5,17,0.71,0.24,0.06,0.2,0.6,0.2,3.0,0.6,0.0,,571466,2022
Kyle Barraclough,32,1582,Maj-AL,LAD,8,0,,1.0,,9.0,7,3,3,4,9,0,0,3.0,32,3,0,0,0,1,1,1,0,37,139,0.62,0.12,0.19,0.25,0.29,0.08,1.222,0.292,9.0,2.25,607457,2022
Jaime Barria,25,1453,Maj-AL,LAD,35,1,3.0,3.0,,79.1,63,29,23,19,54,11,3,2.61,290,12,3,0,10,1,2,0,1,316,1123,0.67,0.16,0.11,0.42,0.19,0.08,1.034,0.23,6.1,2.84,642545,2022
Anthony Bass,34,1450,"Maj-AL,Maj-NL","MIA,TOR",74,0,4.0,3.0,,70.1,54,18,15,20,73,6,0,1.92,257,9,1,1,5,1,3,3,1,278,999,0.66,0.17,0.15,0.4,0.25,0.08,1.052,0.268,9.3,3.65,542914,2022
Matthew Batten,27,1514,Maj-NL,SDP,2,0,,,,2.0,2,1,1,0,1,1,0,4.5,8,0,0,0,0,0,0,0,0,8,26,0.69,0.15,0.12,0.0,0.29,0.0,1.0,0.167,4.5,,676946,2022
Mike Baumann,26,1453,Maj-AL,BAL,13,4,1.0,3.0,,34.1,43,19,18,9,23,3,2,4.72,137,9,0,0,5,1,1,3,0,149,580,0.62,0.13,0.07,0.5,0.21,0.08,1.515,0.357,6.0,2.56,657508,2022
F\xc3\xa9lix Bautista,27,1458,Maj-AL,BAL,65,0,4.0,4.0,15.0,65.2,38,18,16,23,88,7,1,2.19,227,7,0,1,5,2,6,2,0,253,995,0.65,0.15,0.15,0.43,0.23,0.11,0.929,0.231,12.1,3.83,642585,2022
Shane Baz,23,1540,Maj-AL,TBR,6,6,1.0,2.0,,27.0,27,15,15,9,30,5,1,5.0,107,4,1,0,2,0,1,0,0,117,444,0.63,0.16,0.13,0.44,0.27,0.1,1.333,0.306,10.0,3.33,669358,2022
Eduard Bazardo,26,1453,Maj-AL,BOS,12,0,1.0,,,16.1,12,5,5,4,11,4,2,2.76,59,2,0,0,0,0,1,1,1,65,236,0.62,0.15,0.11,0.4,0.23,0.08,0.98,0.182,6.1,2.75,660825,2022
Jeremy Beasley,26,1523,Maj-AL,TOR,9,0,,,,15.0,14,9,8,5,19,4,2,4.8,56,1,1,0,0,1,0,2,0,64,271,0.64,0.13,0.13,0.28,0.21,0.08,1.267,0.294,11.4,3.8,676886,2022
Jalen Beeks,28,1471,Maj-AL,TBR,42,7,2.0,3.0,2.0,61.0,49,22,19,22,70,7,2,2.8,224,13,1,0,5,1,0,0,1,250,999,0.63,0.15,0.14,0.46,0.24,0.07,1.164,0.284,10.3,3.18,656222,2022
Andrew Bellatti,30,1425,Maj-NL,PHI,67,1,4.0,4.0,2.0,61.1,49,26,21,26,87,6,1,3.08,224,15,0,1,0,3,3,2,2,254,1056,0.62,0.14,0.16,0.28,0.25,0.11,1.223,0.321,12.8,3.35,571479,2022
Brayan Bello,23,1457,Maj-AL,BOS,13,11,2.0,8.0,,57.1,75,34,30,27,55,1,2,4.71,238,17,2,1,9,1,6,1,0,268,994,0.62,0.16,0.12,0.55,0.24,0.03,1.779,0.404,8.6,2.04,678394,2022
Anthony Bender,27,1506,Maj-NL,MIA,22,0,1.0,3.0,6.0,19.1,17,7,7,8,17,3,1,3.26,68,0,0,0,5,1,2,0,1,78,274,0.64,0.22,0.11,0.54,0.23,0.08,1.293,0.286,7.9,2.13,669622,2022
Brennan Bernardino,30,1513,Maj-AL,SEA,2,0,,1.0,,2.1,3,3,1,2,0,0,0,3.86,10,0,0,1,0,1,0,0,0,13,41,0.61,0.1,0.0,0.55,0.09,0.27,2.143,0.273,0.0,0.0,657514,2022
Jos\xc3\xa9 Berr\xc3\xados,28,1455,Maj-AL,TOR,32,32,12.0,7.0,,172.0,199,103,100,45,149,29,11,5.23,692,34,1,0,11,3,6,5,2,753,2721,0.67,0.18,0.09,0.41,0.26,0.07,1.419,0.329,7.8,3.31,621244,2022
Christian Bethancourt,30,1478,Maj-AL,"Oakland,TBR",4,0,,,,4.0,6,1,1,1,1,1,0,2.25,18,0,0,0,0,0,0,0,0,19,52,0.73,0.23,0.02,0.24,0.24,0.12,1.75,0.313,2.3,1.0,542194,2022
Phil Bickford,26,1465,Maj-NL,LAD,60,0,2.0,1.0,,61.0,53,33,32,14,67,12,2,4.72,227,13,0,0,4,4,7,2,1,247,993,0.68,0.17,0.11,0.38,0.2,0.1,1.098,0.27,9.9,4.79,641360,2022
Shane Bieber,27,1444,Maj-AL,CLE,33,33,14.0,8.0,,213.1,180,73,67,40,213,20,2,2.83,794,29,2,0,18,3,10,4,2,842,3075,0.67,0.18,0.14,0.49,0.24,0.06,1.031,0.284,9.0,5.33,669456,2022
Brandon Bielak,26,1484,Maj-AL,HOU,5,0,,,,12.1,11,5,5,4,12,2,3,3.65,47,1,0,0,1,0,0,0,0,54,226,0.62,0.19,0.08,0.51,0.06,0.06,1.216,0.273,8.8,3.0,656232,2022
Ronel Blanco,28,1616,Maj-AL,HOU,7,0,,,,6.1,8,5,5,4,7,1,1,7.11,27,4,0,0,0,0,0,0,0,32,120,0.63,0.04,0.19,0.25,0.35,0.0,1.895,0.368,9.9,1.75,669854,2022
Richard Bleier,35,1455,Maj-NL,MIA,55,1,2.0,2.0,1.0,50.2,63,22,20,10,32,3,1,3.55,209,24,0,3,2,1,3,1,2,222,768,0.71,0.16,0.1,0.54,0.25,0.03,1.441,0.343,5.7,3.2,542947,2022
Ronald Bola\xc3\xb1os,25,1577,Maj-AL,KCR,8,0,,,,18.1,20,9,9,12,12,2,3,4.42,70,5,0,1,1,2,0,2,0,87,332,0.56,0.15,0.09,0.5,0.23,0.02,1.745,0.31,5.9,1.0,671790,2022
Ryan Borucki,28,1511,Maj-AL,"SEA,TOR",32,0,2.0,,,25.1,24,16,16,11,21,6,2,5.68,97,3,0,0,1,0,3,1,1,111,414,0.62,0.14,0.12,0.51,0.16,0.05,1.382,0.257,7.5,1.91,621366,2022
Brad Boxberger,34,1453,Maj-NL,MIL,70,0,4.0,3.0,1.0,64.0,52,23,21,27,68,6,2,2.95,233,6,2,1,4,3,7,0,0,268,1090,0.64,0.21,0.1,0.37,0.22,0.09,1.234,0.284,9.6,2.52,502202,2022
Matthew Boyd,31,1443,Maj-AL,SEA,11,0,2.0,,,13.2,6,2,2,9,13,0,1,1.32,45,0,0,3,1,0,1,0,0,56,200,0.65,0.18,0.13,0.42,0.21,0.09,1.098,0.188,8.6,1.44,571510,2022
Silvino Bracho,29,1453,Maj-NL,ATL,3,0,,,,4.1,3,3,3,1,4,2,1,6.23,16,0,0,0,0,0,0,0,0,18,65,0.68,0.17,0.11,0.42,0.17,0.17,0.923,0.1,8.3,4.0,611093,2022
Kyle Bradish,25,1456,Maj-AL,BAL,23,23,4.0,7.0,,117.2,119,68,64,46,111,17,7,4.9,449,18,0,0,16,4,1,0,1,509,1993,0.61,0.16,0.1,0.46,0.24,0.04,1.402,0.314,8.5,2.41,680694,2022
Archie Bradley,29,1555,Maj-AL,LAD,21,0,,1.0,2.0,18.2,17,13,10,7,15,1,0,4.82,71,3,0,1,3,0,4,0,0,78,305,0.63,0.18,0.09,0.59,0.16,0.04,1.286,0.291,7.2,2.14,605151,2022
Jackie Bradley Jr.,32,1542,Maj-AL,BOS,1,0,,,,1.0,1,1,1,3,1,0,0,9.0,4,0,0,0,0,0,0,0,0,7,30,0.43,0.07,0.07,0.33,0.33,0.33,4.0,0.333,9.0,0.33,598265,2022
Matt Brash,24,1443,Maj-AL,SEA,42,5,4.0,4.0,,54.0,46,25,25,33,66,3,2,4.17,196,6,0,1,7,0,0,3,0,232,981,0.62,0.19,0.13,0.51,0.24,0.07,1.463,0.339,11.0,2.0,666374,2022
Ryan Brasier,34,1453,Maj-AL,BOS,68,0,,3.0,1.0,62.1,68,43,40,13,64,9,1,5.78,243,22,0,1,6,6,7,0,2,263,985,0.7,0.15,0.13,0.41,0.26,0.08,1.299,0.335,9.2,4.92,518489,2022
Steven Brault,30,1496,Maj-NL,CHC,9,0,,,,9.0,8,4,3,5,8,0,1,3.0,33,3,1,0,2,0,1,0,0,39,157,0.56,0.15,0.1,0.44,0.2,0.0,1.444,0.32,8.0,1.6,643230,2022
Huascar Brazob\xc3\xa1n,32,1454,Maj-NL,MIA,27,0,1.0,1.0,,32.0,26,13,11,21,40,3,2,3.09,117,6,0,1,3,0,2,2,1,141,631,0.58,0.13,0.17,0.5,0.21,0.0,1.469,0.311,11.3,1.9,623211,2022
Jake Brentz,27,1612,Maj-AL,KCR,8,0,,3.0,,5.1,11,15,14,10,9,1,1,23.63,26,2,0,0,1,0,0,0,0,38,160,0.52,0.2,0.09,0.39,0.33,0.11,3.938,0.625,15.2,0.9,641394,2022
Beau Brieske,24,1538,Maj-AL,DET,15,15,3.0,6.0,,81.2,73,39,38,25,54,14,1,4.19,309,10,1,0,3,3,2,2,1,339,1287,0.64,0.14,0.08,0.38,0.23,0.08,1.2,0.242,6.0,2.16,689225,2022
Jeff Brigham,30,1453,Maj-NL,MIA,16,0,,1.0,1.0,24.0,22,10,9,10,28,3,0,3.38,90,6,0,0,1,0,5,1,0,101,419,0.64,0.18,0.12,0.22,0.33,0.08,1.333,0.322,10.5,2.8,656257,2022
Connor Brogdon,27,1424,Maj-NL,PHI,54,0,2.0,2.0,2.0,52.2,50,18,18,13,63,6,1,3.08,205,11,1,0,0,1,2,2,0,221,854,0.67,0.14,0.16,0.34,0.28,0.12,1.196,0.321,10.8,4.85,641401,2022
Aaron Brooks,32,1613,Maj-NL,STL,5,0,,,,9.1,11,8,8,2,7,3,1,7.71,40,4,0,0,0,0,1,0,0,43,154,0.69,0.22,0.09,0.39,0.24,0.0,1.393,0.267,6.8,3.5,605156,2022
Mike Brosseau,28,1545,Maj-NL,MIL,3,0,,,,3.0,2,0,0,1,0,0,0,0.0,12,1,0,0,0,0,0,0,0,13,42,0.55,0.17,0.02,0.5,0.42,0.0,1.0,0.167,0.0,0.0,670712,2022
Hunter Brown,23,1436,Maj-AL,HOU,10,2,2.0,,,24.0,17,2,2,10,23,0,0,0.75,84,4,1,0,3,0,2,2,0,94,375,0.65,0.21,0.09,0.66,0.13,0.07,1.125,0.279,8.6,2.3,686613,2022
Justin Bruihl,25,1467,Maj-NL,LAD,24,0,1.0,1.0,1.0,23.2,22,11,10,6,13,4,3,3.8,87,2,1,2,0,1,1,1,1,100,341,0.65,0.12,0.11,0.41,0.26,0.08,1.183,0.254,4.9,2.17,677865,2022
Kris Bubic,24,1457,Maj-AL,KCR,28,27,3.0,13.0,,129.0,156,87,80,63,110,18,4,5.58,510,30,1,0,19,9,4,2,0,587,2262,0.63,0.16,0.09,0.42,0.29,0.04,1.698,0.353,7.7,1.75,663460,2022
Walker Buehler,27,1570,Maj-NL,LAD,12,12,6.0,3.0,,65.0,67,30,29,17,58,8,2,4.02,255,12,1,0,4,0,6,2,1,274,1046,0.64,0.15,0.12,0.48,0.25,0.07,1.292,0.312,8.0,3.41,621111,2022
Madison Bumgarner,32,1467,Maj-NL,ARI,30,30,7.0,15.0,,158.2,179,97,86,49,112,25,9,4.88,637,50,3,0,14,2,15,5,4,698,2715,0.65,0.16,0.08,0.38,0.26,0.06,1.437,0.307,6.4,2.29,518516,2022
Aaron Bummer,28,1453,Maj-AL,CHC,32,0,2.0,1.0,2.0,26.2,30,11,7,10,30,2,2,2.36,104,3,0,0,3,1,2,1,1,117,457,0.6,0.21,0.1,0.64,0.27,0.0,1.5,0.384,10.1,3.0,607481,2022
Dylan Bundy,29,1457,Maj-AL,MIN,29,29,8.0,8.0,,140.0,151,79,76,28,94,24,3,4.89,558,29,2,0,5,6,9,1,0,595,2180,0.69,0.17,0.1,0.34,0.24,0.09,1.279,0.285,6.0,3.36,605164,2022
Brock Burke,25,1454,Maj-AL,TEX,52,0,7.0,5.0,,82.1,63,25,18,24,90,9,2,1.97,298,14,1,1,7,0,2,2,0,328,1330,0.64,0.17,0.11,0.4,0.24,0.08,1.057,0.271,9.8,3.75,656271,2022
Corbin Burnes,27,1453,Maj-NL,MIL,33,33,12.0,8.0,,202.0,144,73,66,51,243,23,13,2.94,731,24,6,0,15,2,5,4,4,797,3274,0.63,0.17,0.15,0.48,0.22,0.06,0.965,0.259,10.8,4.76,669203,2022
Ryan Burr,28,1593,Maj-AL,CHC,8,0,1.0,1.0,,9.0,8,7,6,4,7,3,0,6.0,35,2,0,0,1,0,1,0,0,39,149,0.62,0.18,0.07,0.5,0.21,0.04,1.333,0.2,7.0,1.75,621114,2022
Matt Bush,36,1456,"Maj-AL,Maj-NL","MIL,TEX",65,6,2.0,3.0,3.0,59.2,43,31,23,18,74,11,3,3.47,219,4,0,2,2,2,5,0,2,244,908,0.67,0.21,0.13,0.42,0.17,0.07,1.022,0.235,11.2,4.11,456713,2022
Edward Cabrera,24,1457,Maj-NL,MIA,14,14,6.0,4.0,,71.2,44,24,24,33,75,10,9,3.01,249,7,0,0,6,0,4,1,0,291,1215,0.61,0.17,0.13,0.47,0.19,0.06,1.074,0.207,9.4,2.27,665795,2022
G\xc3\xa9nesis Cabrera,25,1493,Maj-NL,STL,39,0,4.0,2.0,1.0,44.2,39,24,23,20,32,8,4,4.63,169,8,0,3,3,1,1,1,1,194,736,0.63,0.16,0.1,0.45,0.24,0.11,1.321,0.238,6.4,1.6,650893,2022
Yennier Cano,28,1453,Maj-AL,"BAL,MIN",13,0,1.0,1.0,,18.0,26,23,23,16,21,3,1,11.5,78,5,0,0,0,2,1,0,0,97,394,0.61,0.18,0.1,0.51,0.31,0.03,2.333,0.411,10.5,1.31,666974,2022
Victor Caratini,28,1496,Maj-NL,MIL,1,0,,,,1.0,2,3,3,1,0,0,1,27.0,5,2,0,0,0,0,0,0,0,7,14,0.5,0.07,0.0,0.4,0.2,0.0,3.0,0.4,0.0,0.0,605170,2022
Drew Carlton,26,1537,Maj-AL,DET,5,0,,,,8.2,4,4,2,0,7,1,0,2.08,31,0,0,0,0,1,0,0,0,32,120,0.69,0.14,0.09,0.46,0.12,0.04,0.462,0.125,7.3,,656290,2022
Daniel Castano,27,1522,Maj-NL,MIA,10,7,1.0,3.0,,35.2,42,20,16,9,20,5,2,4.04,144,12,2,0,4,0,0,1,0,156,577,0.67,0.16,0.07,0.49,0.24,0.06,1.43,0.311,5.0,2.22,641447,2022
Humberto Castellanos,24,1580,Maj-NL,ARI,11,9,3.0,2.0,,44.1,50,29,28,12,32,7,4,5.68,173,10,1,0,3,4,1,0,0,194,748,0.65,0.18,0.08,0.34,0.28,0.08,1.398,0.312,6.5,2.67,528748,2022
Diego Castillo,28,1443,Maj-AL,SEA,62,0,7.0,3.0,7.0,56.0,42,27,22,22,53,5,4,3.54,202,4,0,4,6,1,10,1,0,230,872,0.64,0.16,0.12,0.48,0.21,0.07,1.143,0.255,8.5,2.41,650895,2022
Jos\xc3\xa9 Castillo,26,1495,Maj-NL,SDP,1,0,,,,1.0,1,1,1,1,1,0,0,9.0,3,0,0,0,0,1,0,0,0,5,16,0.69,0.06,0.19,0.67,0.0,0.0,2.0,0.333,9.0,1.0,620454,2022
Luis Castillo,27,1483,Maj-AL,DET,3,0,,,,3.2,2,0,0,0,4,0,0,0.0,14,0,0,0,0,0,0,0,0,14,60,0.63,0.12,0.12,0.7,0.2,0.0,0.545,0.2,9.8,,622379,2022
Luis Castillo,29,1445,"Maj-AL,Maj-NL","CIN,SEA",27,27,9.0,7.0,,164.2,129,59,53,45,179,15,9,2.9,610,30,0,0,12,3,11,1,1,669,2718,0.66,0.16,0.13,0.47,0.24,0.07,1.057,0.272,9.8,3.98,622491,2022
Max Castillo,23,1456,Maj-AL,"KCR,TOR",14,6,,2.0,,39.1,38,28,26,15,37,8,2,5.95,151,2,2,0,3,1,3,1,1,170,697,0.62,0.15,0.1,0.48,0.21,0.07,1.347,0.28,8.5,2.47,666721,2022
Anthony Castro,27,1526,Maj-AL,CLE,12,0,,,,13.1,19,15,11,10,12,5,0,7.43,55,2,0,0,5,0,2,1,0,65,260,0.59,0.15,0.12,0.51,0.28,0.0,2.175,0.368,8.1,1.2,621593,2022
Harold Castro,28,1534,Maj-AL,DET,4,0,,,,4.0,6,2,2,1,1,0,1,4.5,15,2,0,0,1,1,0,0,0,18,50,0.68,0.18,0.02,0.27,0.4,0.0,1.75,0.4,2.3,1.0,605612,2022
Kervin Castro,23,1494,Maj-NL,"CHC,San Francisco",10,0,,1.0,,12.1,15,14,14,7,11,3,0,10.22,50,3,1,0,2,0,1,0,0,57,239,0.62,0.17,0.1,0.41,0.26,0.1,1.784,0.333,8.0,1.57,665645,2022
Dylan Cease,26,1457,Maj-AL,CHC,32,32,14.0,8.0,,184.0,126,55,45,78,227,16,3,2.2,663,25,2,2,5,1,10,5,3,747,3120,0.62,0.15,0.15,0.39,0.22,0.08,1.109,0.261,11.1,2.91,656302,2022
Luis Cessa,30,1454,Maj-NL,CIN,46,10,4.0,4.0,,80.2,76,44,41,28,59,14,2,4.57,304,11,2,0,9,2,6,1,0,336,1237,0.64,0.17,0.09,0.5,0.23,0.06,1.289,0.266,6.6,2.11,570666,2022
Andrew Chafin,32,1454,Maj-AL,DET,64,0,2.0,3.0,3.0,57.1,48,26,18,19,67,5,3,2.83,216,6,1,0,8,3,2,1,1,243,899,0.63,0.16,0.14,0.53,0.18,0.08,1.169,0.293,10.5,3.53,605177,2022
Yu Chang,26,1507,Maj-AL,TBR,2,0,,,,2.0,6,3,3,0,0,1,0,13.5,10,1,0,0,1,1,0,0,0,11,26,0.73,0.15,0.0,0.27,0.36,0.09,3.0,0.5,0.0,,644374,2022
JT Chargois,31,1453,Maj-AL,TBR,21,3,2.0,,,22.1,16,7,6,5,17,3,2,2.42,79,5,1,0,5,0,1,0,0,86,334,0.68,0.19,0.1,0.6,0.13,0.06,0.94,0.22,6.9,3.4,608638,2022
Jesse Chavez,38,1444,"Maj-AL,Maj-NL","ATL,CHC,LAD",62,1,4.0,3.0,,72.2,75,36,31,21,77,8,1,3.84,280,15,4,1,6,2,3,1,0,306,1254,0.67,0.21,0.1,0.41,0.28,0.07,1.321,0.34,9.5,3.67,445926,2022
Yonny Chirinos,28,1475,Maj-AL,TBR,2,1,1.0,,,7.0,7,0,0,1,6,0,1,0.0,28,2,0,0,0,0,0,0,0,30,100,0.67,0.18,0.09,0.77,0.09,0.0,1.143,0.318,7.7,6.0,630023,2022
Adam Cimber,31,1450,Maj-AL,TOR,79,0,10.0,6.0,4.0,71.2,66,28,22,15,58,6,8,2.76,269,10,2,2,4,2,7,0,0,298,1058,0.69,0.18,0.09,0.44,0.28,0.07,1.13,0.29,7.3,3.87,643256,2022
Jos\xc3\xa9 Cisnero,33,1453,Maj-AL,DET,28,0,1.0,,,25.0,15,4,3,19,23,0,1,1.08,85,3,0,0,4,0,0,0,1,105,430,0.59,0.16,0.12,0.37,0.32,0.03,1.36,0.242,8.3,1.21,542585,2022
Aaron Civale,27,1440,Maj-AL,CLE,21,21,5.0,7.0,,97.1,95,61,56,23,99,15,8,5.18,376,23,0,1,5,5,8,1,1,412,1613,0.64,0.17,0.1,0.42,0.24,0.06,1.212,0.3,9.2,4.3,650644,2022
Taylor Clarke,29,1455,Maj-AL,KCR,47,0,3.0,1.0,3.0,49.0,50,25,22,8,48,6,1,4.04,192,10,2,0,2,2,1,0,2,203,859,0.64,0.11,0.12,0.36,0.23,0.12,1.184,0.314,8.8,6.0,664199,2022
Emmanuel Clase,24,1440,Maj-AL,CLE,81,0,4.0,4.0,43.0,78.2,44,18,11,12,83,3,2,1.26,277,6,0,2,9,1,5,0,0,293,1001,0.75,0.14,0.17,0.64,0.19,0.03,0.712,0.214,9.5,6.92,661403,2022
Garrett Cleavinger,28,1450,"Maj-AL,Maj-NL","LAD,TBR",19,0,1.0,1.0,,25.1,15,12,10,7,38,2,1,3.55,90,4,1,0,0,1,0,0,0,100,384,0.68,0.22,0.14,0.41,0.22,0.09,0.868,0.255,13.5,5.43,664076,2022
Kody Clemens,26,1458,Maj-AL,DET,7,0,,,,7.0,12,3,3,1,1,0,0,3.86,32,1,1,0,1,0,0,0,0,33,88,0.68,0.07,0.0,0.35,0.32,0.13,1.857,0.387,1.3,1.0,665019,2022
Ernie Clement,26,1548,Maj-AL,CLE,2,0,,,,2.0,6,4,4,0,0,2,0,18.0,10,0,0,0,1,1,0,0,0,11,42,0.62,0.14,0.02,0.55,0.18,0.0,3.0,0.444,0.0,,676391,2022
Mike Clevinger,31,1436,Maj-NL,SDP,25,24,7.0,8.0,,117.0,111,64,62,38,94,22,10,4.77,454,21,1,0,4,2,13,1,3,505,2006,0.63,0.16,0.11,0.36,0.22,0.07,1.274,0.262,7.2,2.47,605182,2022
Dylan Coleman,25,1455,Maj-AL,KCR,68,0,5.0,2.0,,68.0,47,26,21,37,71,5,6,2.78,242,12,0,1,4,4,2,3,0,289,1205,0.6,0.15,0.13,0.42,0.27,0.08,1.235,0.247,9.4,1.92,669395,2022
Sam Coonrod,29,1468,Maj-NL,PHI,12,0,,,,12.2,12,12,11,7,12,1,3,7.82,45,4,0,0,2,3,0,0,1,58,236,0.64,0.13,0.09,0.36,0.33,0.03,1.5,0.314,8.5,1.71,656322,2022
Jharel Cotton,30,1454,"Maj-AL,Maj-NL","MIN,San Francisco",30,0,4.0,2.0,,43.0,34,20,17,20,39,7,2,3.56,156,8,0,0,3,3,5,1,0,181,746,0.65,0.14,0.12,0.3,0.23,0.11,1.256,0.239,8.2,1.95,605194,2022
Danny Coulombe,32,1584,Maj-AL,MIN,10,0,,,,12.1,7,3,2,9,9,0,0,1.46,43,2,0,0,0,1,3,0,0,53,225,0.58,0.12,0.13,0.37,0.26,0.03,1.297,0.2,6.6,1.0,543056,2022
Jake Cousins,27,1454,Maj-NL,MIL,12,0,2.0,1.0,,13.1,10,4,4,8,21,1,2,2.7,49,5,0,1,1,0,1,0,0,59,267,0.6,0.16,0.18,0.5,0.07,0.04,1.35,0.333,14.2,2.63,664776,2022
Kutter Crawford,26,1489,Maj-AL,BOS,21,12,3.0,6.0,,77.1,81,49,47,29,77,12,2,5.47,301,21,0,1,4,2,5,4,0,334,1296,0.64,0.16,0.11,0.31,0.29,0.09,1.422,0.322,9.0,2.66,676710,2022
Kyle Crick,29,1567,Maj-AL,CHC,14,0,2.0,,,15.2,10,7,7,11,19,0,2,4.02,53,2,0,0,0,0,0,2,2,66,279,0.62,0.21,0.1,0.32,0.41,0.03,1.34,0.294,10.9,1.73,605195,2022
Nabil Crismatt,27,1453,Maj-NL,SDP,50,1,5.0,2.0,,67.1,57,29,22,22,65,5,2,2.94,252,19,0,1,7,4,9,0,0,280,1062,0.66,0.18,0.12,0.5,0.27,0.04,1.173,0.28,8.7,2.95,622503,2022
Cooper Criswell,25,1476,Maj-AL,TBR,1,1,,,,3.1,2,1,1,1,4,0,0,2.7,12,0,0,0,0,0,0,0,0,13,45,0.71,0.27,0.11,0.63,0.13,0.13,0.9,0.25,10.8,4.0,681867,2022
Fernando Cruz,32,1454,Maj-NL,CIN,14,2,,1.0,,14.2,9,3,2,9,21,1,1,1.23,54,2,0,0,0,0,2,0,0,64,260,0.59,0.13,0.17,0.42,0.21,0.06,1.227,0.25,12.9,2.33,518585,2022
Jesus Cruz,27,1550,Maj-NL,ATL,7,0,,,,8.2,8,6,6,4,6,3,1,6.23,34,1,0,0,1,0,1,0,0,39,163,0.62,0.12,0.12,0.46,0.18,0.14,1.385,0.2,6.2,1.5,672911,2022
Jose Cuas,28,1463,Maj-AL,KCR,47,0,4.0,2.0,1.0,37.2,39,18,15,24,34,2,6,3.58,148,10,0,2,1,1,3,1,0,180,688,0.62,0.19,0.1,0.5,0.28,0.06,1.673,0.327,8.1,1.42,621016,2022
Johnny Cueto,36,1455,Maj-AL,CHC,25,24,8.0,10.0,,158.1,161,66,59,33,102,15,6,3.35,604,37,2,2,20,7,4,2,2,651,2372,0.65,0.16,0.08,0.43,0.23,0.07,1.225,0.296,5.8,3.09,456501,2022
Charlie Culberson,33,1486,Maj-AL,TEX,2,0,,,,2.0,1,0,0,1,0,0,0,0.0,7,0,0,0,0,0,0,0,0,8,28,0.61,0.14,0.04,0.43,0.14,0.0,1.0,0.143,0.0,0.0,518586,2022
Xzavion Curry,23,1485,Maj-AL,CLE,2,2,,1.0,,9.1,13,7,6,6,3,1,1,5.79,40,2,0,0,1,0,0,1,0,47,165,0.56,0.16,0.09,0.32,0.27,0.05,2.036,0.333,2.9,0.5,675540,2022
Tyler Cyr,29,1454,"Maj-AL,Maj-NL","Oakland,PHI",12,0,1.0,,,13.1,11,4,4,5,16,2,1,2.7,49,2,0,0,2,0,1,0,0,55,224,0.63,0.15,0.12,0.48,0.27,0.06,1.2,0.29,10.8,3.2,664202,2022
Tyler Danish,27,1458,Maj-AL,BOS,32,0,3.0,1.0,,40.1,40,24,23,12,32,7,4,5.13,157,6,1,0,4,0,2,0,1,173,664,0.63,0.19,0.08,0.49,0.22,0.07,1.289,0.28,7.1,2.67,641501,2022
Yu Darvish,35,1435,Maj-NL,SDP,34,34,18.0,9.0,,219.2,168,75,75,43,220,29,15,3.07,807,25,1,0,12,6,18,3,0,872,3357,0.68,0.18,0.11,0.37,0.22,0.09,0.961,0.246,9.0,5.12,506433,2022
Tucker Davidson,26,1456,"Maj-AL,Maj-NL","ATL,LAD",12,11,2.0,7.0,,52.0,54,39,39,35,33,7,3,6.75,203,14,1,0,5,2,3,1,0,243,912,0.6,0.15,0.1,0.45,0.25,0.06,1.712,0.285,5.7,0.94,656353,2022
Zach Davies,29,1456,Maj-NL,ARI,27,27,2.0,5.0,,134.1,122,66,61,52,102,21,2,4.09,507,20,2,0,10,8,7,5,2,570,2292,0.6,0.18,0.09,0.44,0.21,0.07,1.295,0.258,6.8,1.96,605200,2022
Austin Davis,29,1481,Maj-AL,"BOS,MIN",52,3,2.0,1.0,,56.0,57,39,36,33,64,5,5,5.79,221,9,2,1,2,3,4,0,0,264,1118,0.62,0.16,0.11,0.35,0.26,0.1,1.607,0.335,10.3,1.94,656354,2022
\xc3\x81ngel De Jes\xc3\xbas,25,1459,Maj-AL,DET,8,0,,,,12.2,9,3,3,4,7,2,2,2.13,48,1,0,0,0,0,0,0,0,54,195,0.64,0.17,0.08,0.37,0.2,0.1,1.026,0.179,5.0,1.75,669804,2022
Enyel De Los Santos,26,1443,Maj-AL,CLE,53,0,5.0,,1.0,56.2,42,18,18,18,62,3,2,2.86,203,12,1,1,3,4,4,0,0,227,897,0.67,0.15,0.14,0.42,0.28,0.06,1.059,0.275,9.8,3.44,660853,2022
Matt Dermody,31,1515,Maj-NL,CHC,1,0,,,,1.0,2,2,2,2,1,0,0,18.0,5,2,0,1,0,0,0,0,0,7,26,0.58,0.12,0.12,0.25,0.75,0.0,4.0,0.5,9.0,0.5,571616,2022
Reid Detmers,22,1458,Maj-AL,LAD,25,25,7.0,6.0,,129.0,110,56,54,46,122,13,8,3.77,477,27,2,1,9,7,13,4,2,539,2181,0.64,0.16,0.11,0.37,0.28,0.09,1.209,0.278,8.5,2.65,672282,2022
Ross Detwiler,36,1490,Maj-NL,CIN,30,0,,2.0,1.0,26.1,31,13,13,10,28,5,3,4.44,108,7,0,2,1,1,0,0,0,122,471,0.66,0.18,0.09,0.4,0.31,0.07,1.557,0.342,9.6,2.8,446321,2022
Chris Devenski,31,1454,Maj-NL,"ARI,PHI",13,0,2.0,1.0,,14.2,21,14,14,1,12,3,1,8.59,62,6,2,0,0,3,4,0,0,67,241,0.69,0.17,0.13,0.42,0.21,0.08,1.5,0.36,7.4,12.0,606965,2022
Alexis D\xc3\xadaz,25,1454,Maj-NL,CIN,59,0,7.0,3.0,10.0,63.2,28,18,13,33,83,5,5,1.84,213,3,0,3,4,3,8,0,1,255,1077,0.63,0.14,0.17,0.31,0.2,0.12,0.958,0.18,11.7,2.52,664747,2022
Jhonathan D\xc3\xadaz,25,1570,Maj-AL,LAD,4,3,1.0,1.0,,15.1,13,5,5,10,11,1,0,2.93,55,3,1,0,3,1,1,0,0,66,236,0.57,0.14,0.08,0.51,0.2,0.07,1.5,0.273,6.5,1.1,646242,2022
Miguel D\xc3\xadaz,27,1453,Maj-AL,DET,3,0,,,,3.2,1,1,1,2,3,0,0,2.45,12,0,0,0,0,0,1,0,0,14,56,0.64,0.11,0.18,0.56,0.0,0.11,0.818,0.111,7.4,1.5,622766,2022
Corey Dickerson,33,1465,Maj-NL,STL,1,0,,,,1.0,2,0,0,1,0,0,0,0.0,5,1,0,0,0,0,0,0,0,6,18,0.56,0.11,0.0,0.2,0.6,0.0,3.0,0.4,0.0,0.0,572816,2022
Phillip Diehl,27,1604,Maj-NL,CIN,5,0,,,,5.2,8,7,7,3,3,3,0,11.12,25,3,0,1,0,0,0,0,0,28,120,0.65,0.18,0.1,0.23,0.27,0.0,1.941,0.263,4.8,1.0,670426,2022
Jake Diekman,35,1453,Maj-AL,"BOS,CHC",70,0,5.0,4.0,1.0,57.2,52,40,32,42,79,9,8,4.99,216,11,0,2,4,3,6,2,0,269,1172,0.6,0.17,0.13,0.41,0.29,0.1,1.63,0.328,12.3,1.88,518617,2022
Marcos Dipl\xc3\xa1n,25,1580,Maj-AL,BAL,5,0,,,,5.2,4,2,1,5,8,0,0,1.59,22,1,0,0,0,0,0,0,0,27,122,0.59,0.16,0.07,0.43,0.36,0.07,1.588,0.286,12.7,1.6,650959,2022
Seranthony Dom\xc3\xadnguez,27,1422,Maj-NL,PHI,63,0,8.0,5.0,10.0,61.2,43,20,19,23,79,4,1,2.77,222,11,0,1,5,1,4,1,0,247,998,0.63,0.13,0.16,0.47,0.23,0.06,1.07,0.279,11.5,3.43,622554,2022
Kyle Dowdy,29,1471,Maj-NL,CIN,2,0,,,,6.1,5,0,0,3,3,0,1,0.0,23,0,0,0,1,0,0,0,0,27,95,0.59,0.14,0.04,0.5,0.1,0.05,1.263,0.25,4.3,1.0,664871,2022
Hunter Dozier,30,1493,Maj-AL,KCR,1,0,,,,1.0,2,2,2,1,0,1,0,18.0,5,0,0,0,0,0,0,0,0,6,23,0.57,0.22,0.0,0.6,0.0,0.0,3.0,0.25,0.0,0.0,641531,2022
Daniel Duarte,25,1625,Maj-NL,CIN,3,0,,,,2.2,3,3,3,3,2,1,0,10.13,10,1,0,0,0,1,0,0,0,14,77,0.57,0.12,0.05,0.11,0.33,0.22,2.25,0.25,6.8,0.67,650960,2022
Tyler Duffey,31,1515,Maj-AL,MIN,40,0,2.0,4.0,2.0,44.0,45,24,24,15,39,8,1,4.91,168,10,0,1,5,1,1,1,0,185,741,0.63,0.16,0.11,0.45,0.3,0.04,1.364,0.303,8.0,2.6,608648,2022
Robert Dugger,26,1514,"Maj-AL,Maj-NL","CIN,TBR",4,1,,1.0,,16.0,19,11,11,7,19,3,0,6.19,65,5,0,0,0,0,2,1,0,72,284,0.64,0.17,0.12,0.28,0.33,0.13,1.625,0.372,10.7,2.71,667498,2022
Justin Dunn,26,1477,Maj-NL,CIN,7,7,1.0,3.0,,31.0,32,21,21,17,21,11,3,6.1,116,8,0,0,3,1,5,2,0,138,540,0.59,0.18,0.09,0.31,0.24,0.09,1.581,0.247,6.1,1.24,643290,2022
Dane Dunning,27,1467,Maj-AL,TEX,29,29,4.0,8.0,,153.1,158,80,76,62,137,20,11,4.46,589,39,2,0,13,8,7,5,0,671,2548,0.62,0.18,0.1,0.53,0.23,0.03,1.435,0.314,8.0,2.21,641540,2022
Jhoan Duran,24,1461,Maj-AL,MIN,57,0,2.0,4.0,8.0,67.2,50,15,14,16,89,6,4,1.86,242,4,1,3,8,2,4,2,0,266,1023,0.69,0.14,0.18,0.61,0.18,0.04,0.975,0.295,11.8,5.56,661395,2022
Nick Duron,26,1537,Maj-NL,PHI,1,0,,,,1.0,2,0,0,0,1,0,0,0.0,4,0,0,0,1,0,0,0,0,4,16,0.63,0.25,0.06,1.0,0.0,0.0,2.0,0.667,9.0,,663975,2022
Scott Effross,28,1455,"Maj-AL,Maj-NL","CHC,New York",60,1,1.0,4.0,4.0,56.2,45,23,16,15,62,3,1,2.54,210,6,1,3,3,1,2,2,0,229,815,0.68,0.21,0.1,0.45,0.22,0.08,1.059,0.288,9.8,4.13,664123,2022
Zach Eflin,28,1422,Maj-NL,PHI,30,13,3.0,5.0,2.0,86.1,83,42,38,17,77,9,5,3.96,333,16,2,1,6,3,2,0,0,358,1368,0.66,0.18,0.1,0.46,0.21,0.05,1.158,0.296,8.0,4.53,621107,2022
Bryce Elder,23,1455,Maj-NL,ATL,10,9,2.0,4.0,,54.0,44,19,19,23,47,4,3,3.17,198,10,0,1,5,2,6,1,0,227,873,0.62,0.16,0.1,0.5,0.21,0.06,1.241,0.268,7.8,2.04,693821,2022
Roenis El\xc3\xadas,33,1561,Maj-AL,SEA,7,0,,,,7.2,7,3,3,3,6,1,0,3.52,30,1,0,0,0,0,0,0,0,33,114,0.69,0.15,0.09,0.5,0.21,0.04,1.304,0.261,7.0,2.0,606273,2022
Chris Ellis,29,1617,Maj-AL,BAL,2,2,,,,4.1,5,5,5,6,2,0,1,10.38,18,0,0,0,1,0,2,0,0,25,83,0.52,0.12,0.08,0.5,0.19,0.0,2.538,0.313,4.2,0.33,595939,2022
Nathan Eovaldi,32,1454,Maj-AL,BOS,20,20,6.0,3.0,,109.1,115,55,47,20,103,21,1,3.87,435,21,0,0,10,2,5,1,1,460,1739,0.68,0.16,0.12,0.48,0.22,0.07,1.235,0.3,8.5,5.15,543135,2022
Robbie Erlin,31,1602,Maj-NL,LAD,2,0,,,,2.0,2,2,2,1,1,1,0,9.0,8,1,0,0,0,0,0,0,0,9,40,0.55,0.13,0.05,0.29,0.29,0.0,1.5,0.167,4.5,1.0,572362,2022
Raynel Espinal,30,1472,Maj-NL,CIN,2,0,,1.0,,4.2,6,4,4,1,5,1,0,7.71,19,3,0,0,0,0,0,0,0,21,76,0.67,0.14,0.16,0.4,0.2,0.07,1.5,0.385,9.6,5.0,642659,2022
Anderson Espinoza,24,1496,Maj-NL,CHC,7,0,,2.0,,18.1,14,11,11,16,19,4,4,5.4,65,2,0,0,3,0,1,0,0,85,375,0.52,0.14,0.09,0.43,0.26,0.04,1.636,0.238,9.3,1.19,659262,2022
Jeremiah Estrada,23,1469,Maj-NL,CHC,5,0,,,,5.2,6,2,2,3,8,1,0,3.18,21,1,1,0,0,1,1,0,0,25,117,0.63,0.06,0.15,0.29,0.36,0.07,1.588,0.385,12.7,2.67,669093,2022
Alex Faedo,26,1539,Maj-AL,DET,12,12,1.0,5.0,,53.2,63,34,33,25,44,7,1,5.53,215,16,0,0,3,3,7,3,0,244,967,0.62,0.16,0.1,0.32,0.3,0.06,1.64,0.335,7.4,1.76,656412,2022
Pete Fairbanks,28,1450,Maj-AL,TBR,25,0,,,8.0,24.0,13,3,3,5,38,1,0,1.13,82,1,0,0,1,1,4,0,0,89,363,0.68,0.18,0.17,0.53,0.18,0.04,0.75,0.273,14.3,7.6,664126,2022
Bailey Falter,25,1436,Maj-NL,PHI,21,17,6.0,4.0,,84.2,88,43,40,18,74,17,6,4.25,328,18,2,0,7,3,3,4,2,355,1319,0.68,0.19,0.11,0.34,0.25,0.08,1.252,0.296,7.9,4.11,663559,2022
Jeurys Familia,32,1475,"Maj-AL,Maj-NL","BOS,PHI",48,0,2.0,3.0,,44.1,58,34,30,22,41,7,2,6.09,180,10,1,2,7,0,2,3,0,204,817,0.6,0.17,0.11,0.49,0.25,0.04,1.805,0.386,8.3,1.86,544727,2022
Buck Farmer,31,1454,Maj-NL,CIN,44,0,2.0,2.0,2.0,47.0,36,21,20,25,54,2,1,3.83,171,9,0,0,1,1,3,3,1,199,855,0.61,0.16,0.13,0.44,0.24,0.12,1.298,0.293,10.3,2.16,571656,2022
Luke Farrell,31,1474,Maj-NL,"CHC,CIN",6,2,,,,15.0,18,10,9,7,14,3,0,5.4,63,3,0,0,0,0,1,0,0,70,285,0.59,0.2,0.06,0.31,0.33,0.08,1.667,0.326,8.4,2.0,608652,2022
Calvin Faucher,26,1460,Maj-AL,TBR,22,0,2.0,3.0,1.0,21.1,26,16,13,10,21,4,1,5.48,90,2,0,0,2,0,4,0,0,101,433,0.6,0.18,0.1,0.41,0.28,0.03,1.688,0.338,8.9,2.1,676534,2022
Michael Feliz,29,1542,Maj-AL,BOS,1,0,,,,3.1,1,2,1,2,4,1,0,2.7,11,0,0,0,0,0,2,0,0,13,57,0.6,0.18,0.12,0.71,0.14,0.0,0.9,0.0,10.8,2.0,593140,2022
Caleb Ferguson,25,1453,Maj-NL,LAD,37,1,1.0,,,34.2,23,9,7,17,37,1,2,1.82,123,8,0,0,3,0,1,1,1,142,580,0.65,0.18,0.12,0.42,0.27,0.08,1.154,0.259,9.6,2.18,657571,2022
Junior Fern\xc3\xa1ndez,25,1453,Maj-NL,"Pittsburgh,STL",16,0,,,,18.2,18,6,5,12,14,3,1,2.41,70,2,0,0,4,0,0,0,0,84,333,0.6,0.15,0.11,0.61,0.14,0.09,1.607,0.283,6.8,1.17,658551,2022
Matt Festa,29,1443,Maj-AL,SEA,55,0,2.0,,2.0,57.1,44,27,26,18,66,10,2,4.08,208,7,2,0,4,0,5,1,1,230,935,0.67,0.17,0.14,0.42,0.18,0.07,1.081,0.258,10.4,3.67,670036,2022
J.P. Feyereisen,29,1578,Maj-AL,TBR,22,2,4.0,,1.0,24.1,7,1,0,5,25,0,0,0.0,81,0,0,0,1,0,0,0,0,86,344,0.65,0.14,0.17,0.34,0.11,0.14,0.493,0.125,9.2,5.0,656420,2022
Jake Fishman,27,1453,Maj-NL,MIA,7,0,,,,11.0,13,5,5,0,6,0,3,4.09,45,5,0,0,1,0,0,0,0,48,171,0.68,0.19,0.06,0.51,0.26,0.13,1.182,0.333,4.9,,670288,2022
Jack Flaherty,26,1454,Maj-NL,STL,9,8,2.0,1.0,,36.0,36,18,17,22,33,4,5,4.25,139,7,2,0,6,0,1,0,0,167,662,0.59,0.15,0.11,0.45,0.27,0.05,1.611,0.314,8.3,1.5,656427,2022
Josh Fleming,26,1453,Maj-AL,TBR,10,3,2.0,5.0,,35.0,54,36,25,12,29,5,1,6.43,155,15,0,1,4,1,0,2,0,169,662,0.66,0.17,0.11,0.64,0.21,0.02,1.886,0.402,7.5,2.42,676596,2022
Chris Flexen,27,1454,Maj-AL,SEA,33,22,8.0,9.0,2.0,137.2,132,61,57,51,95,17,2,3.73,529,27,3,3,6,5,6,0,1,590,2204,0.62,0.13,0.1,0.35,0.24,0.09,1.329,0.273,6.2,1.86,623167,2022
Dylan Floro,31,1453,Maj-NL,MIA,56,0,1.0,3.0,10.0,53.2,48,23,18,15,48,4,0,3.02,204,7,1,3,7,1,1,0,0,220,863,0.68,0.19,0.1,0.45,0.27,0.04,1.174,0.288,8.0,3.2,571670,2022
Jason Foley,26,1454,Maj-AL,DET,60,0,1.0,,,60.1,72,27,26,11,43,2,2,3.88,242,8,1,0,7,0,5,3,0,256,961,0.67,0.17,0.08,0.58,0.19,0.03,1.376,0.355,6.4,3.91,671345,2022
Mike Ford,29,1550,Maj-NL,ATL,1,0,,,,1.0,1,2,2,1,0,1,0,18.0,4,0,0,0,0,0,0,0,0,5,15,0.53,0.07,0.0,0.25,0.25,0.25,2.0,0.0,0.0,0.0,645801,2022
Matt Foster,27,1487,Maj-AL,CHC,48,0,1.0,2.0,1.0,45.0,43,25,22,17,42,6,0,4.4,174,7,0,1,4,1,3,0,0,193,768,0.64,0.14,0.1,0.32,0.29,0.13,1.333,0.291,8.4,2.47,641582,2022
Bowden Francis,26,1614,Maj-AL,TOR,1,0,,,,0.2,1,0,0,0,1,0,0,0.0,3,1,0,0,0,0,0,0,0,3,9,0.78,0.0,0.22,1.0,0.0,0.0,1.5,0.5,13.5,,670102,2022
Luis Fr\xc3\xadas,24,1461,Maj-NL,ARI,15,0,1.0,1.0,,17.0,23,20,20,17,14,1,1,10.59,72,5,1,0,1,0,0,0,0,90,356,0.58,0.13,0.1,0.41,0.28,0.05,2.353,0.386,7.4,0.82,666818,2022
Max Fried,28,1447,Maj-NL,ATL,31,31,14.0,8.0,,188.2,164,61,55,33,172,12,4,2.62,709,28,2,2,15,6,3,4,3,753,2879,0.65,0.16,0.12,0.51,0.23,0.05,1.044,0.286,8.2,5.21,608331,2022
Paul Fry,29,1579,"Maj-AL,Maj-NL","ARI,BAL",13,0,,,,13.0,11,10,9,9,14,1,2,6.23,48,1,1,0,2,1,1,0,0,61,232,0.62,0.19,0.11,0.63,0.29,0.0,1.538,0.294,9.7,1.56,643316,2022
Michael Fulmer,29,1456,Maj-AL,"DET,MIN",67,0,5.0,6.0,3.0,63.2,59,27,24,28,61,4,5,3.39,239,14,1,6,5,4,6,1,0,276,1043,0.61,0.15,0.12,0.35,0.29,0.09,1.366,0.309,8.6,2.18,605242,2022
Hunter Gaddis,24,1473,Maj-AL,CLE,2,2,,2.0,,7.1,15,15,15,3,5,7,0,18.41,37,3,0,0,0,0,0,0,0,40,171,0.63,0.13,0.08,0.19,0.25,0.06,2.455,0.32,6.1,1.67,683769,2022
Matt Gage,29,1547,Maj-AL,TOR,11,0,,1.0,,13.0,6,4,2,6,12,1,1,1.38,41,1,0,1,1,1,0,0,0,50,187,0.63,0.13,0.14,0.52,0.13,0.1,0.923,0.172,8.3,2.0,657424,2022
Giovanny Gallegos,30,1450,Maj-NL,STL,59,0,3.0,6.0,14.0,61.1,42,23,20,19,74,6,0,2.93,220,10,1,1,3,3,3,0,0,243,1016,0.67,0.14,0.17,0.29,0.23,0.11,0.995,0.252,10.9,3.89,606149,2022
Zac Gallen,26,1454,Maj-NL,ARI,31,31,12.0,4.0,,184.0,121,56,52,47,192,15,12,2.54,651,32,1,0,12,3,6,3,1,714,2935,0.65,0.18,0.1,0.47,0.22,0.07,0.913,0.237,9.4,4.09,668678,2022
Bryan Garcia,27,1455,Maj-AL,DET,4,4,2.0,,,20.1,14,8,8,10,17,3,3,3.54,70,0,0,0,3,1,0,1,0,84,317,0.62,0.17,0.11,0.43,0.2,0.09,1.18,0.216,7.5,1.7,650530,2022
Luis Garcia,35,1436,Maj-NL,SDP,68,0,4.0,6.0,3.0,65.2,60,29,24,18,73,4,5,3.29,252,7,0,0,7,1,6,0,1,277,1034,0.64,0.16,0.14,0.52,0.2,0.1,1.188,0.318,10.0,4.06,472610,2022
Luis Garcia,25,1430,Maj-AL,HOU,30,28,16.0,9.0,,163.0,135,71,66,47,163,24,1,3.64,610,27,4,0,11,5,5,0,0,664,2548,0.65,0.16,0.13,0.38,0.23,0.09,1.117,0.259,9.0,3.47,677651,2022
Rico Garcia,28,1484,Maj-AL,BAL,6,0,,,,8.0,8,4,4,3,2,2,0,4.5,32,1,0,0,0,0,1,0,0,35,136,0.64,0.14,0.06,0.3,0.13,0.23,1.375,0.214,2.3,0.67,670329,2022
Rony Garc\xc3\xada,24,1526,Maj-AL,DET,16,8,3.0,3.0,,51.0,40,27,25,13,48,9,4,4.41,188,9,1,0,3,1,3,1,0,206,879,0.62,0.15,0.08,0.31,0.25,0.06,1.039,0.235,8.5,3.69,665621,2022
Yimi Garc\xc3\xada,31,1450,Maj-AL,TOR,63,0,4.0,5.0,1.0,62.0,49,26,21,16,59,6,4,3.05,227,11,0,3,4,4,5,1,1,251,1053,0.64,0.16,0.11,0.41,0.16,0.12,1.048,0.259,8.6,3.69,554340,2022
Amir Garrett,30,1455,Maj-AL,KCR,60,0,3.0,1.0,,45.1,28,26,25,32,49,0,5,4.96,158,6,2,0,5,1,6,0,0,196,806,0.6,0.17,0.11,0.4,0.25,0.09,1.324,0.255,9.7,1.53,607237,2022
Braxton Garrett,24,1454,Maj-NL,MIA,17,17,3.0,7.0,,88.0,86,38,35,24,90,9,10,3.58,338,17,3,1,9,0,10,3,0,373,1436,0.67,0.19,0.12,0.48,0.24,0.06,1.25,0.322,9.2,3.75,666129,2022
Ralph Garza,28,1515,Maj-AL,TBR,19,0,2.0,2.0,,35.0,38,14,13,16,17,4,2,3.34,134,5,1,2,5,0,0,0,0,153,514,0.65,0.18,0.09,0.43,0.29,0.09,1.543,0.301,4.4,1.06,621248,2022
Kevin Gausman,31,1450,Maj-AL,TOR,32,32,12.0,10.0,,180.1,193,76,69,29,212,15,1,3.44,712,36,4,0,9,6,18,4,2,749,2878,0.7,0.14,0.16,0.4,0.28,0.06,1.231,0.363,10.6,7.31,592332,2022
Franklin German,24,1456,Maj-AL,BOS,5,0,,,,4.0,7,8,8,4,4,2,0,18.0,19,1,0,0,0,0,0,0,0,23,84,0.6,0.15,0.04,0.53,0.27,0.07,2.75,0.385,9.0,1.0,681464,2022
Ian Gibaut,28,1454,"Maj-AL,Maj-NL","CIN,CLE",34,0,1.0,2.0,1.0,36.0,39,18,18,18,48,3,1,4.5,141,10,2,0,3,0,2,1,0,160,692,0.63,0.18,0.11,0.39,0.26,0.12,1.583,0.4,12.0,2.67,664139,2022
Kyle Gibson,34,1426,Maj-NL,PHI,33,31,10.0,8.0,,170.0,178,98,94,49,146,24,9,4.98,665,33,2,0,16,4,3,3,2,728,2780,0.64,0.15,0.11,0.47,0.25,0.05,1.335,0.309,7.7,2.98,502043,2022
Logan Gilbert,25,1447,Maj-AL,SEA,33,33,13.0,6.0,,191.0,175,74,69,51,179,20,6,3.25,723,42,3,2,11,5,6,5,0,789,3099,0.65,0.14,0.11,0.37,0.29,0.08,1.183,0.293,8.4,3.51,669302,2022
Tyler Gilbert,28,1524,Maj-NL,ARI,8,7,,3.0,,34.1,33,21,20,10,20,8,1,5.24,132,5,0,1,2,1,1,0,0,146,564,0.65,0.17,0.09,0.33,0.22,0.07,1.252,0.238,5.2,2.0,656457,2022
Ken Giles,31,1542,Maj-AL,SEA,5,0,,,,4.1,1,0,0,4,6,0,0,0.0,14,1,0,0,0,0,0,0,0,18,68,0.6,0.16,0.15,0.38,0.38,0.0,1.154,0.125,12.5,1.5,571704,2022
Logan Gillaspie,25,1453,Maj-AL,BAL,17,0,1.0,,,17.1,20,8,6,3,10,1,2,3.12,68,3,1,0,1,1,0,0,0,74,262,0.65,0.18,0.08,0.37,0.39,0.02,1.327,0.328,5.2,3.33,670810,2022
Kevin Ginkel,28,1453,Maj-NL,ARI,30,0,1.0,1.0,1.0,29.1,27,14,11,11,30,1,1,3.38,111,7,0,0,5,1,1,0,0,124,479,0.65,0.2,0.12,0.5,0.21,0.07,1.295,0.321,9.2,2.73,656464,2022
Lucas Giolito,27,1454,Maj-AL,CHC,30,30,11.0,9.0,,161.2,171,92,88,61,177,24,4,4.9,628,37,3,1,18,5,6,1,1,698,2753,0.64,0.17,0.12,0.39,0.27,0.05,1.435,0.34,9.9,2.9,608337,2022
Mychal Givens,32,1449,Maj-NL,"CHC,New York",61,1,7.0,3.0,2.0,62.2,58,29,25,26,74,8,5,3.59,233,11,0,4,5,3,3,3,3,267,1052,0.63,0.18,0.11,0.44,0.25,0.09,1.34,0.325,10.6,2.85,571710,2022
Tyler Glasnow,28,1450,Maj-AL,TBR,3,3,,,,11.2,6,1,1,2,15,1,0,0.77,41,0,0,0,1,0,0,0,0,43,177,0.66,0.15,0.17,0.42,0.23,0.08,0.686,0.2,11.6,7.5,607192,2022
Tony Gonsolin,28,1444,Maj-NL,LAD,25,25,16.0,2.0,,131.2,83,33,32,36,120,11,4,2.19,466,20,3,1,11,1,5,2,0,507,2057,0.66,0.16,0.12,0.43,0.24,0.07,0.904,0.214,8.2,3.33,664062,2022
Marco Gonzales,30,1453,Maj-AL,SEA,32,32,10.0,15.0,,183.0,194,97,84,50,103,30,7,4.13,717,44,0,1,17,6,9,2,1,783,2838,0.66,0.15,0.08,0.43,0.23,0.07,1.333,0.278,5.1,2.06,594835,2022
Chi Chi Gonz\xc3\xa1lez,30,1456,"Maj-AL,Maj-NL","MIL,MIN,New York",7,5,,1.0,,23.0,28,15,15,7,15,5,0,5.87,92,7,0,0,3,0,0,1,1,99,376,0.65,0.2,0.06,0.4,0.22,0.05,1.522,0.319,5.9,2.14,592346,2022
Nick Gordon,26,1485,Maj-AL,MIN,4,0,,,,3.2,10,9,9,4,0,2,0,22.09,21,2,0,0,0,0,0,0,0,25,85,0.47,0.09,0.01,0.14,0.33,0.14,3.818,0.421,0.0,0.0,624503,2022
MacKenzie Gore,23,1525,Maj-NL,SDP,16,13,4.0,4.0,,70.0,66,35,35,37,72,7,4,4.5,266,9,2,0,6,2,1,1,0,309,1255,0.63,0.16,0.11,0.38,0.3,0.07,1.471,0.312,9.3,1.95,669022,2022
Anthony Gose,31,1548,Maj-AL,CLE,22,0,3.0,,,21.0,15,13,11,14,28,4,1,4.71,76,6,0,1,1,1,0,0,0,92,389,0.6,0.15,0.15,0.27,0.27,0.1,1.381,0.244,12.0,2.0,543238,2022
Phil Gosselin,33,1496,Maj-AL,LAD,1,0,,,,1.0,0,0,0,0,0,0,0,0.0,3,0,0,0,0,0,0,0,0,3,5,0.6,0.0,0.0,0.67,0.33,0.0,0.0,0.0,0.0,,594838,2022
Trevor Gott,29,1453,Maj-NL,MIL,45,0,3.0,4.0,,45.2,35,25,21,12,44,8,3,4.14,171,8,0,0,2,0,5,1,0,186,761,0.64,0.18,0.11,0.45,0.2,0.08,1.029,0.227,8.7,3.67,641627,2022
Brusdar Graterol,23,1446,Maj-NL,LAD,48,1,2.0,5.0,4.0,51.0,41,21,18,10,43,3,3,3.18,188,8,1,1,5,3,1,0,0,204,686,0.72,0.15,0.1,0.64,0.16,0.03,1.0,0.262,7.6,4.3,660813,2022
Kendall Graveman,31,1455,Maj-AL,CHC,65,0,3.0,4.0,6.0,65.0,65,29,23,26,66,5,3,3.18,253,8,2,2,6,3,5,0,1,285,1035,0.64,0.18,0.11,0.54,0.23,0.04,1.4,0.324,9.1,2.54,608665,2022
Jon Gray,30,1454,Maj-AL,TEX,24,24,7.0,7.0,,127.1,105,61,56,39,134,17,6,3.96,472,17,2,0,11,4,15,2,1,521,2059,0.67,0.18,0.12,0.44,0.24,0.07,1.131,0.271,9.5,3.44,592351,2022
Sonny Gray,32,1469,Maj-AL,MIN,24,24,8.0,5.0,,119.2,99,44,41,36,117,11,6,3.08,441,16,3,0,9,4,8,1,2,488,1868,0.64,0.2,0.09,0.44,0.26,0.08,1.128,0.278,8.8,3.25,543243,2022
Hunter Greene,22,1455,Maj-NL,CIN,24,24,5.0,13.0,,125.2,104,64,62,48,164,24,10,4.44,469,21,0,0,5,4,10,2,1,531,2200,0.64,0.15,0.15,0.31,0.25,0.08,1.21,0.281,11.7,3.42,668881,2022
Shane Greene,33,1527,"Maj-AL,Maj-NL","LAD,New York",2,0,1.0,,,3.0,3,2,2,1,2,1,0,6.0,12,0,0,0,0,0,0,0,0,13,50,0.62,0.12,0.08,0.1,0.3,0.1,1.333,0.222,6.0,2.0,572888,2022
Zack Greinke,38,1455,Maj-AL,KCR,26,26,4.0,9.0,,137.0,157,65,56,27,73,14,3,3.68,549,30,0,0,11,5,6,2,2,585,2272,0.64,0.18,0.07,0.41,0.28,0.07,1.343,0.306,4.8,2.7,425844,2022
Foster Griffin,26,1466,Maj-AL,"KCR,TOR",6,0,,,,6.1,7,7,6,5,4,0,1,8.53,23,5,0,0,0,1,1,0,0,32,111,0.59,0.2,0.1,0.5,0.36,0.05,1.895,0.35,5.7,0.8,656492,2022
Michael Grove,25,1457,Maj-NL,LAD,7,6,1.0,,,29.1,32,21,15,10,24,6,0,4.6,123,5,1,1,1,0,6,0,0,133,472,0.65,0.15,0.1,0.41,0.17,0.04,1.432,0.28,7.4,2.4,675627,2022
Robert Gsellman,28,1581,Maj-NL,CHC,8,0,,2.0,1.0,15.1,17,10,8,3,9,2,0,4.7,61,6,0,0,1,0,0,0,0,64,207,0.63,0.13,0.11,0.42,0.27,0.04,1.304,0.3,5.3,3.0,607229,2022
Javy Guerra,26,1453,"Maj-AL,Maj-NL","SDP,TBR",18,0,2.0,1.0,,18.0,16,11,10,11,10,3,1,5.0,69,4,0,2,1,0,0,0,0,82,330,0.6,0.17,0.05,0.4,0.27,0.07,1.5,0.232,5.0,0.91,642770,2022
Jandel Gustave,29,1519,Maj-NL,MIL,27,0,2.0,,,28.0,25,13,12,11,27,4,2,3.86,106,1,0,0,3,1,0,1,0,120,466,0.65,0.19,0.07,0.48,0.21,0.09,1.286,0.276,8.7,2.45,594311,2022
Vladimir Gutierrez,26,1577,Maj-NL,CIN,10,8,1.0,6.0,,36.2,46,31,31,24,29,8,6,7.61,147,14,3,1,4,2,3,1,1,179,684,0.6,0.18,0.07,0.33,0.26,0.09,1.909,0.339,7.1,1.21,661269,2022
Josh Hader,28,1439,Maj-NL,"MIL,SDP",61,0,2.0,5.0,40.0,55.1,44,30,29,22,91,8,4,4.72,208,9,1,0,0,3,5,0,0,237,1023,0.64,0.16,0.16,0.31,0.28,0.08,1.193,0.321,14.8,4.14,623352,2022
Jake Hager,29,1562,Maj-NL,ARI,3,0,,,,2.1,3,2,2,0,1,0,0,7.71,10,1,0,0,0,0,0,0,0,10,28,0.75,0.11,0.11,0.33,0.33,0.11,1.286,0.333,3.9,,606993,2022
Darick Hall,26,1499,Maj-NL,PHI,1,0,,,,0.1,1,0,0,0,0,0,0,0.0,2,0,0,0,0,0,0,0,0,2,6,0.67,0.33,0.0,0.0,0.5,0.5,3.0,0.5,0.0,,669742,2022
DL Hall,23,1453,Maj-AL,BAL,11,1,1.0,1.0,1.0,13.2,17,9,9,6,19,0,0,5.93,57,3,0,0,0,1,2,0,0,64,269,0.67,0.17,0.13,0.46,0.31,0.08,1.683,0.436,12.5,3.17,669084,2022
Ian Hamilton,27,1576,Maj-AL,MIN,1,0,,,,2.2,3,2,2,1,0,1,0,6.75,10,1,0,0,1,0,0,0,0,11,42,0.6,0.14,0.05,0.3,0.5,0.0,1.5,0.222,0.0,0.0,641656,2022
Brad Hand,32,1425,Maj-NL,PHI,62,0,5.0,2.0,5.0,50.2,43,21,17,24,42,3,7,3.02,189,9,1,1,3,2,3,0,0,223,918,0.62,0.21,0.07,0.42,0.25,0.08,1.322,0.274,7.5,1.75,543272,2022
Josh Harrison,34,1501,Maj-AL,CHC,3,0,,,,3.0,9,6,6,2,2,1,0,18.0,16,1,0,0,2,0,0,0,0,18,57,0.58,0.19,0.04,0.36,0.36,0.07,3.667,0.615,6.0,1.0,543281,2022
Thomas Hatch,27,1548,Maj-AL,TOR,1,1,,1.0,,4.2,12,10,10,2,4,3,1,19.29,23,2,0,0,3,0,0,0,0,26,71,0.7,0.13,0.08,0.53,0.26,0.0,3.0,0.563,7.7,2.0,641672,2022
Louis Head,32,1495,"Maj-AL,Maj-NL","BAL,MIA",28,0,,,1.0,28.2,32,20,20,15,26,4,5,6.28,117,13,0,1,3,0,1,0,0,138,546,0.61,0.14,0.1,0.3,0.27,0.1,1.64,0.322,8.2,1.73,545343,2022
Andrew Heaney,31,1444,Maj-NL,LAD,17,14,4.0,4.0,,75.2,63,35,26,21,114,15,9,3.09,292,16,1,0,1,1,0,1,0,324,1291,0.66,0.15,0.17,0.37,0.24,0.09,1.11,0.293,13.6,5.43,571760,2022
Taylor Hearn,27,1454,Maj-AL,TEX,31,13,6.0,8.0,1.0,100.0,107,60,57,43,97,11,3,5.13,400,29,1,0,3,2,3,2,1,449,1787,0.64,0.16,0.1,0.39,0.29,0.07,1.5,0.327,8.7,2.26,621368,2022
Jonathan Heasley,25,1453,Maj-AL,KCR,21,21,4.0,10.0,,104.0,108,67,61,47,70,19,6,5.28,404,22,3,0,10,8,1,1,2,465,1795,0.61,0.15,0.08,0.37,0.26,0.08,1.49,0.276,6.1,1.49,669169,2022
Ryan Helsley,27,1451,Maj-NL,STL,55,0,9.0,2.0,19.0,65.2,29,15,13,22,96,6,1,1.78,223,6,0,1,3,0,1,0,0,246,995,0.67,0.14,0.18,0.34,0.19,0.16,0.777,0.19,13.2,4.36,664854,2022
Heath Hembree,33,1478,Maj-NL,"LAD,Pittsburgh",26,0,3.0,1.0,,22.0,26,19,18,17,17,6,0,7.36,87,8,0,2,0,3,7,1,0,107,399,0.61,0.2,0.07,0.26,0.29,0.14,1.955,0.299,7.0,1.0,592390,2022
Kyle Hendricks,32,1545,Maj-NL,CHC,16,16,4.0,6.0,,84.1,85,45,45,24,66,15,3,4.8,327,18,3,0,6,0,9,2,1,356,1347,0.64,0.18,0.1,0.37,0.28,0.07,1.292,0.285,7.0,2.75,543294,2022
Liam Hendriks,33,1455,Maj-AL,CHC,58,0,4.0,4.0,37.0,57.2,44,22,18,16,85,7,2,2.81,210,5,2,1,1,4,7,0,0,235,948,0.62,0.15,0.18,0.36,0.24,0.11,1.04,0.303,13.3,5.31,521230,2022
Ryan Hendrix,27,1510,Maj-NL,CIN,9,0,,,,8.1,9,5,5,6,9,0,2,5.4,30,1,1,1,2,0,2,1,0,38,143,0.56,0.17,0.15,0.52,0.19,0.1,1.8,0.429,9.7,1.5,641682,2022
Ronny Henriquez,22,1457,Maj-AL,MIN,3,0,,1.0,,11.2,8,4,3,3,9,1,2,2.31,45,3,1,0,0,0,2,0,0,50,181,0.61,0.13,0.1,0.53,0.08,0.06,0.943,0.2,6.9,3.0,678692,2022
Tommy Henry,24,1455,Maj-NL,ARI,9,9,3.0,4.0,,47.0,47,28,28,21,36,10,3,5.36,179,8,0,1,5,1,2,0,0,205,773,0.64,0.15,0.11,0.4,0.24,0.06,1.447,0.276,6.9,1.71,674072,2022
Sam Hentges,25,1440,Maj-AL,CLE,60,0,4.0,2.0,1.0,68.1,46,19,18,21,82,5,3,2.37,244,7,0,1,6,1,6,1,0,270,1041,0.67,0.17,0.14,0.62,0.18,0.04,0.98,0.259,10.8,3.9,656529,2022
Jimmy Herget,28,1455,Maj-AL,LAD,49,1,2.0,1.0,9.0,69.0,48,20,19,15,63,4,3,2.48,245,15,1,3,5,1,6,0,0,266,996,0.66,0.19,0.11,0.43,0.25,0.09,0.913,0.246,8.2,4.2,623474,2022
Kevin Herget,31,1455,Maj-AL,TBR,3,0,,1.0,,7.0,9,6,6,0,4,0,0,7.71,28,5,0,0,0,2,0,0,0,30,111,0.68,0.19,0.09,0.35,0.23,0.08,1.286,0.346,5.1,,643361,2022
Carlos Hern\xc3\xa1ndez,25,1453,Maj-AL,KCR,27,7,,5.0,,56.0,72,48,46,31,35,7,1,7.39,229,16,1,1,4,5,4,1,0,266,1035,0.61,0.14,0.11,0.38,0.27,0.09,1.839,0.339,5.6,1.13,672578,2022
Darwinzon Hern\xc3\xa1ndez,25,1509,Maj-AL,BOS,7,0,,1.0,,6.2,14,17,16,8,9,4,2,21.6,33,1,0,0,1,0,0,1,1,43,182,0.61,0.15,0.14,0.33,0.25,0.08,3.3,0.5,12.2,1.13,650382,2022
Elieser Hern\xc3\xa1ndez,27,1453,Maj-NL,MIA,20,10,3.0,6.0,,62.1,67,48,44,22,60,19,4,6.35,249,18,2,1,0,3,5,3,0,278,1095,0.66,0.16,0.1,0.29,0.21,0.15,1.428,0.277,8.7,2.73,622694,2022
Jonathan Hern\xc3\xa1ndez,25,1454,Maj-AL,TEX,29,0,2.0,3.0,4.0,30.1,26,14,10,17,27,2,1,2.97,112,5,0,3,3,0,0,2,0,131,511,0.59,0.15,0.13,0.61,0.22,0.02,1.418,0.289,8.0,1.59,642546,2022
Jordan Hicks,25,1450,Maj-NL,STL,37,8,3.0,6.0,,63.0,46,33,33,36,64,5,7,4.71,223,8,1,0,10,2,5,1,0,268,1076,0.59,0.18,0.09,0.58,0.18,0.04,1.302,0.263,9.1,1.78,663855,2022
Garrett Hill,26,1454,Maj-AL,DET,17,8,3.0,3.0,,60.1,53,29,27,29,40,8,4,4.03,229,10,0,0,4,1,4,1,1,263,1019,0.62,0.16,0.08,0.35,0.25,0.14,1.359,0.247,6.0,1.38,682051,2022
Rich Hill,42,1455,Maj-AL,BOS,26,26,8.0,7.0,,124.1,125,67,59,37,109,15,4,4.27,484,27,6,0,9,1,7,2,1,526,1990,0.68,0.2,0.09,0.41,0.23,0.1,1.303,0.305,7.9,2.95,448179,2022
Tim Hill,32,1437,Maj-NL,SDP,58,0,4.0,,,50.2,46,20,19,14,27,1,4,3.38,188,6,1,1,7,2,3,0,0,208,777,0.64,0.17,0.07,0.6,0.21,0.06,1.184,0.278,4.8,1.93,657612,2022
Bryan Hoeing,25,1453,Maj-NL,MIA,8,1,1.0,1.0,,12.2,19,17,17,5,6,5,0,12.08,54,3,1,0,1,1,1,0,0,61,267,0.62,0.19,0.05,0.54,0.18,0.04,1.895,0.318,4.3,1.2,663773,2022
Jeff Hoffman,29,1527,Maj-NL,CIN,35,1,2.0,,,44.2,40,22,19,23,45,5,3,3.83,170,8,3,1,0,1,5,4,0,197,848,0.6,0.15,0.1,0.29,0.22,0.1,1.41,0.289,9.1,1.96,656546,2022
Greg Holland,36,1625,Maj-AL,TEX,5,0,,1.0,,4.2,6,5,4,1,5,3,0,7.71,18,0,0,0,0,1,1,0,0,20,80,0.59,0.2,0.1,0.5,0.21,0.0,1.5,0.273,9.6,5.0,518813,2022
Jordan Holloway,26,1525,Maj-NL,MIA,1,0,,,,2.2,3,1,1,1,2,0,0,3.38,10,1,0,0,1,0,0,0,0,11,48,0.58,0.25,0.02,0.5,0.38,0.0,1.5,0.375,6.8,2.0,656548,2022
Tyler Holton,26,1493,Maj-NL,ARI,10,0,,,,9.0,8,3,3,2,6,1,1,3.0,36,1,0,0,0,0,0,0,0,39,159,0.62,0.11,0.14,0.3,0.37,0.07,1.111,0.241,6.0,3.0,663947,2022
Tanner Houck,26,1517,Maj-AL,BOS,32,4,5.0,4.0,8.0,60.0,49,22,21,22,56,3,6,3.15,217,6,0,3,9,1,5,1,0,247,918,0.63,0.16,0.13,0.52,0.25,0.03,1.183,0.289,8.4,2.55,656557,2022
Adrian Houser,29,1461,Maj-NL,MIL,22,21,6.0,10.0,,102.2,103,66,54,47,69,8,2,4.73,400,24,2,1,9,6,7,2,1,455,1849,0.6,0.17,0.07,0.47,0.26,0.07,1.461,0.289,6.0,1.47,605288,2022
Spencer Howard,25,1512,Maj-AL,TEX,10,8,2.0,4.0,,37.2,50,33,31,15,32,12,1,7.41,162,12,1,1,1,1,4,0,1,179,692,0.65,0.17,0.08,0.4,0.23,0.05,1.726,0.319,7.6,2.13,675921,2022
Dakota Hudson,27,1454,Maj-NL,STL,27,26,8.0,7.0,,139.2,141,71,69,61,78,9,9,4.45,517,24,1,0,25,6,7,4,0,596,2253,0.6,0.16,0.07,0.54,0.23,0.04,1.446,0.303,5.0,1.28,641712,2022
Daniel Hudson,35,1556,Maj-NL,LAD,25,0,2.0,3.0,5.0,24.1,17,7,6,5,30,1,2,2.22,88,3,0,0,1,1,0,0,0,97,406,0.63,0.11,0.17,0.55,0.22,0.05,0.904,0.276,11.1,6.0,543339,2022
Brandon Hughes,26,1453,Maj-NL,CHC,57,0,2.0,3.0,8.0,57.2,42,22,20,21,68,11,6,3.12,210,6,1,3,5,2,0,0,0,239,970,0.64,0.15,0.15,0.34,0.24,0.09,1.092,0.233,10.6,3.24,676714,2022
Drew Hutchison,31,1457,Maj-AL,DET,28,18,3.0,9.0,,105.1,114,58,53,42,68,15,2,4.53,417,17,2,1,12,2,8,1,1,464,1759,0.63,0.15,0.09,0.4,0.25,0.08,1.481,0.295,5.8,1.62,571800,2022
Raisel Iglesias,32,1443,"Maj-AL,Maj-NL","ATL,LAD",69,0,2.0,6.0,17.0,63.1,50,21,18,15,79,5,3,2.56,234,10,0,1,3,1,1,0,0,255,1011,0.68,0.16,0.16,0.36,0.24,0.08,1.026,0.298,11.2,5.27,628452,2022
Andre Jackson,26,1456,Maj-NL,LAD,4,0,,,1.0,9.2,9,3,2,4,9,0,0,1.86,37,1,1,0,1,0,0,0,0,42,156,0.67,0.13,0.12,0.52,0.14,0.03,1.345,0.321,8.4,2.25,656578,2022
Jay Jackson,34,1489,Maj-NL,ATL,2,0,,,,1.1,1,0,0,0,1,0,0,0.0,5,0,0,0,0,0,0,0,0,5,12,0.58,0.08,0.17,0.25,0.25,0.25,0.75,0.25,6.8,,543351,2022
Drey Jameson,24,1457,Maj-NL,ARI,4,4,3.0,,,24.1,20,4,4,7,24,2,1,1.48,90,4,0,0,3,0,2,0,0,98,369,0.65,0.16,0.12,0.56,0.24,0.02,1.11,0.281,8.9,3.43,686753,2022
Kenley Jansen,34,1443,Maj-NL,ATL,67,0,5.0,2.0,42.0,66.0,46,26,25,22,87,9,2,3.41,241,6,3,3,0,2,10,2,0,267,1025,0.69,0.18,0.12,0.31,0.19,0.12,1.03,0.252,11.9,3.95,445276,2022
Cristian Javier,25,1425,Maj-AL,HOU,33,27,13.0,9.0,,161.1,91,45,43,57,210,18,6,2.4,563,19,1,0,4,1,11,4,1,629,2756,0.63,0.14,0.14,0.27,0.21,0.14,0.917,0.217,11.7,3.68,664299,2022
Griffin Jax,27,1455,Maj-AL,MIN,65,0,7.0,4.0,1.0,72.1,56,29,27,20,78,7,3,3.36,264,7,2,3,7,2,4,0,0,290,1161,0.67,0.19,0.13,0.46,0.24,0.05,1.051,0.271,9.7,3.9,643377,2022
Joe Jim\xc3\xa9nez,27,1468,Maj-AL,DET,62,0,3.0,2.0,2.0,56.2,49,24,22,13,77,4,0,3.49,217,9,2,0,2,1,6,1,0,231,937,0.69,0.16,0.15,0.33,0.27,0.08,1.094,0.328,12.2,5.92,641729,2022
Pierce Johnson,31,1437,Maj-NL,SDP,18,0,1.0,2.0,,18.2,16,8,8,8,27,1,0,3.86,70,2,0,0,1,1,2,0,0,79,340,0.63,0.2,0.13,0.55,0.16,0.09,1.286,0.349,13.0,3.38,572955,2022
Damon Jones,27,1613,Maj-NL,PHI,4,0,,,,4.2,4,5,5,5,5,0,3,9.64,18,2,0,0,0,0,0,0,0,26,105,0.53,0.14,0.12,0.38,0.31,0.15,1.929,0.308,9.6,1.0,676103,2022
Janson Junk,26,1515,Maj-AL,LAD,3,2,1.0,1.0,,8.1,10,6,6,3,11,1,0,6.48,34,2,0,0,1,0,0,0,0,37,159,0.64,0.18,0.07,0.65,0.17,0.0,1.56,0.409,11.9,3.67,676083,2022
Tommy Kahnle,32,1443,Maj-NL,LAD,16,0,,,1.0,14.2,7,7,7,4,18,2,3,4.3,47,0,0,0,2,1,0,0,0,55,203,0.68,0.14,0.18,0.63,0.13,0.0,0.75,0.179,11.0,4.5,592454,2022
James Karinchak,26,1440,Maj-AL,CLE,42,0,2.0,,3.0,44.0,25,9,9,25,68,2,2,1.84,154,3,1,0,0,1,10,2,0,182,792,0.59,0.2,0.13,0.21,0.32,0.16,1.136,0.271,13.9,2.72,675916,2022
Anthony Kay,27,1629,Maj-AL,TOR,1,0,,,,2.0,2,1,1,1,3,0,1,4.5,7,2,0,0,0,1,0,0,0,10,39,0.62,0.18,0.13,0.2,0.6,0.0,1.5,0.4,13.5,3.0,641743,2022
Brad Keller,26,1458,Maj-AL,KCR,35,22,6.0,14.0,1.0,139.2,153,86,79,57,102,17,2,5.09,553,24,4,1,13,4,5,2,0,617,2275,0.62,0.14,0.1,0.52,0.22,0.03,1.504,0.311,6.6,1.79,641745,2022
Trevor Kelley,29,1470,Maj-NL,MIL,18,0,1.0,,,23.2,25,17,16,9,23,7,2,6.08,96,3,1,0,0,0,2,0,0,107,460,0.61,0.17,0.1,0.36,0.23,0.11,1.437,0.273,8.7,2.56,665001,2022
Carson Kelly,27,1472,Maj-NL,ARI,4,0,,,,4.2,9,4,4,2,0,1,0,7.71,22,2,0,0,0,0,0,0,0,24,68,0.6,0.15,0.0,0.18,0.36,0.14,2.357,0.381,0.0,0.0,608348,2022
Joe Kelly,34,1457,Maj-AL,CHC,43,1,1.0,3.0,1.0,37.0,36,26,25,23,53,2,3,6.08,143,9,0,0,2,1,4,0,1,170,703,0.61,0.2,0.13,0.67,0.12,0.03,1.595,0.382,12.9,2.3,523260,2022
Merrill Kelly,33,1453,Maj-NL,ARI,33,33,13.0,8.0,,200.1,167,77,75,61,177,21,2,3.37,739,40,2,2,14,1,15,5,4,804,3071,0.65,0.17,0.1,0.44,0.22,0.06,1.138,0.269,8.0,2.9,518876,2022
Michael Kelly,29,1538,Maj-NL,PHI,4,0,,,,4.0,3,1,1,1,4,1,1,2.25,14,0,0,0,0,0,0,0,0,16,64,0.66,0.19,0.11,0.2,0.3,0.2,1.0,0.222,9.0,4.0,547184,2022
Zack Kelly,27,1457,Maj-AL,BOS,13,0,1.0,,,13.2,14,6,6,4,11,2,0,3.95,54,3,0,0,0,1,1,1,0,59,222,0.65,0.19,0.08,0.45,0.14,0.09,1.317,0.286,7.2,2.75,677161,2022
Ian Kennedy,37,1454,Maj-NL,ARI,57,0,4.0,7.0,10.0,50.1,57,33,30,22,44,11,1,5.36,205,11,1,3,2,3,4,1,0,232,861,0.65,0.15,0.09,0.24,0.34,0.09,1.57,0.301,7.9,2.0,453178,2022
Ray Kerr,27,1548,Maj-NL,SDP,7,0,,,,5.0,3,5,5,4,3,1,0,9.0,16,1,0,0,0,1,0,0,0,21,88,0.56,0.11,0.11,0.21,0.29,0.0,1.4,0.154,5.4,0.75,678061,2022
Clayton Kershaw,34,1446,Maj-NL,LAD,23,23,12.0,3.0,,131.1,102,39,35,23,143,11,2,2.4,486,17,1,0,8,2,3,2,2,514,1922,0.68,0.17,0.14,0.48,0.22,0.08,0.952,0.272,9.8,6.22,477132,2022
Dallas Keuchel,34,1486,"Maj-AL,Maj-NL","ARI,CHC,TEX",14,14,2.0,9.0,,60.2,94,69,62,31,45,11,0,9.2,269,21,3,2,6,3,0,2,0,303,1165,0.6,0.15,0.09,0.51,0.27,0.02,2.06,0.384,6.7,1.45,572971,2022
Yusei Kikuchi,31,1453,Maj-AL,TOR,32,20,6.0,7.0,1.0,100.2,93,67,58,58,124,23,9,5.19,383,21,3,0,7,3,1,3,4,454,1843,0.62,0.14,0.13,0.44,0.26,0.06,1.5,0.293,11.1,2.14,579328,2022
Caleb Kilian,25,1560,Maj-NL,CHC,3,3,,2.0,,11.1,11,15,13,12,9,0,1,10.32,42,4,0,1,1,1,2,1,0,56,235,0.55,0.14,0.06,0.5,0.18,0.0,2.029,0.324,7.1,0.75,668873,2022
Craig Kimbrel,34,1453,Maj-NL,LAD,63,0,6.0,7.0,22.0,60.0,51,31,25,28,72,4,5,3.75,225,14,1,2,4,1,3,1,0,260,1077,0.62,0.17,0.12,0.41,0.19,0.09,1.317,0.313,10.8,2.57,518886,2022
John King,27,1456,Maj-AL,TEX,39,0,1.0,4.0,,51.1,61,27,23,14,30,5,1,4.03,205,6,1,3,6,1,4,0,0,222,749,0.66,0.16,0.09,0.64,0.2,0.02,1.461,0.327,5.3,2.14,667463,2022
George Kirby,24,1443,Maj-AL,SEA,27,26,8.0,5.0,1.0,138.0,141,54,49,23,139,13,7,3.2,540,23,2,0,9,3,12,5,1,574,2210,0.69,0.16,0.1,0.45,0.21,0.08,1.188,0.327,9.1,6.04,669923,2022
Andrew Kittredge,32,1573,Maj-AL,TBR,17,0,3.0,1.0,5.0,20.0,15,7,7,2,14,4,0,3.15,73,3,0,0,2,0,0,0,0,75,233,0.7,0.13,0.13,0.46,0.15,0.07,0.85,0.2,6.3,7.0,552640,2022
Corey Kluber,36,1450,Maj-AL,TBR,32,31,10.0,11.0,,165.2,179,83,80,21,140,21,10,4.35,656,32,3,0,7,6,5,5,1,695,2476,0.7,0.18,0.11,0.37,0.25,0.11,1.207,0.315,7.6,6.67,446372,2022
Corey Knebel,30,1505,Maj-NL,PHI,46,0,3.0,5.0,12.0,44.2,33,22,17,28,41,4,2,3.43,163,8,1,3,1,1,4,2,1,194,796,0.6,0.15,0.11,0.39,0.25,0.08,1.366,0.244,8.3,1.46,608349,2022
Reiss Knehr,25,1485,Maj-NL,SDP,5,1,,,,13.2,11,6,6,4,10,1,4,3.95,51,4,1,0,1,0,0,0,0,59,242,0.6,0.16,0.06,0.29,0.29,0.1,1.098,0.25,6.6,2.5,663753,2022
Dusten Knight,31,1466,Maj-AL,TBR,6,0,,1.0,,11.0,11,8,7,4,9,4,0,5.73,44,2,0,1,0,0,0,0,0,49,192,0.65,0.16,0.11,0.47,0.11,0.14,1.364,0.226,7.4,2.25,643400,2022
Andrew Knizner,27,1493,Maj-NL,STL,1,0,,,,0.2,1,0,0,0,0,0,0,0.0,3,0,0,0,0,0,0,0,0,3,11,0.73,0.09,0.0,0.33,0.67,0.0,1.5,0.333,0.0,,668800,2022
Matt Koch,31,1615,Maj-AL,SEA,4,0,,,,4.1,5,4,4,1,3,2,0,8.31,18,0,0,0,0,0,0,0,0,19,72,0.63,0.14,0.11,0.2,0.4,0.13,1.385,0.231,6.2,3.0,571863,2022
Michael Kopech,26,1475,Maj-AL,CHC,25,25,5.0,9.0,,119.1,85,53,47,57,105,15,3,3.54,429,17,1,0,8,5,15,4,0,494,2006,0.62,0.17,0.1,0.36,0.19,0.1,1.19,0.223,7.9,1.84,656629,2022
Jackson Kowar,25,1521,Maj-AL,KCR,7,0,,,,15.2,27,17,17,11,17,4,0,9.77,71,5,2,0,2,0,0,0,0,82,311,0.63,0.18,0.1,0.5,0.24,0.06,2.426,0.46,9.8,1.55,663804,2022
Joey Krehbiel,29,1461,Maj-AL,BAL,56,0,5.0,5.0,1.0,57.2,53,28,25,18,45,9,3,3.9,219,15,0,1,3,4,2,2,1,244,977,0.63,0.16,0.1,0.42,0.24,0.06,1.231,0.26,7.0,2.5,607216,2022
Dean Kremer,26,1455,Maj-AL,BAL,22,21,8.0,7.0,,125.1,123,48,45,34,87,11,5,3.23,469,27,0,0,14,2,5,3,2,512,1947,0.66,0.15,0.1,0.4,0.24,0.08,1.253,0.3,6.2,2.56,665152,2022
Joel Kuhnel,27,1453,Maj-NL,CIN,53,0,2.0,3.0,1.0,58.0,67,41,41,14,56,8,5,6.36,230,16,0,1,3,4,2,2,2,255,934,0.66,0.16,0.11,0.54,0.18,0.04,1.397,0.347,8.7,4.0,669270,2022
A.J. Ladwig,29,1506,Maj-NL,MIA,1,0,,,,3.1,6,4,4,0,0,2,0,10.8,15,2,0,0,1,0,0,0,0,15,41,0.71,0.12,0.05,0.47,0.27,0.07,1.8,0.308,0.0,,607609,2022
Travis Lakins Sr.,28,1600,Maj-AL,BAL,6,0,,1.0,,10.1,14,11,11,6,8,3,1,9.58,43,4,0,0,1,0,1,0,0,50,208,0.63,0.14,0.09,0.34,0.26,0.09,1.935,0.344,7.0,1.33,664042,2022
Jimmy Lambert,27,1453,Maj-AL,CHC,42,2,1.0,2.0,,47.0,40,18,17,24,45,4,1,3.26,176,8,1,0,2,2,8,1,0,204,818,0.64,0.15,0.11,0.37,0.24,0.09,1.362,0.279,8.6,1.88,669424,2022
Dinelson Lamet,29,1454,Maj-NL,"Colorado,SDP",32,0,1.0,2.0,,32.1,30,23,22,19,45,4,4,6.12,124,8,1,0,0,2,4,0,0,149,584,0.6,0.16,0.17,0.36,0.25,0.09,1.515,0.338,12.5,2.37,659275,2022
Alex Lange,26,1454,Maj-AL,DET,71,0,7.0,4.0,,63.1,47,30,24,31,82,5,5,3.41,231,6,2,1,4,2,6,1,0,271,1046,0.6,0.15,0.19,0.56,0.18,0.06,1.232,0.288,11.7,2.65,656638,2022
Eric Lauer,27,1454,Maj-NL,MIL,29,29,11.0,7.0,,158.2,135,71,65,59,157,27,2,3.69,592,21,3,0,8,4,6,3,3,661,2676,0.64,0.18,0.1,0.35,0.24,0.09,1.223,0.262,8.9,2.66,641778,2022
Derek Law,31,1453,"Maj-AL,Maj-NL","CIN,DET",17,0,2.0,3.0,,19.2,23,13,9,8,17,3,2,4.12,79,5,0,0,1,2,1,0,0,92,352,0.64,0.18,0.1,0.49,0.25,0.06,1.576,0.328,7.8,2.13,571882,2022
Casey Lawrence,34,1453,Maj-AL,TOR,6,0,,1.0,,18.0,23,15,15,4,11,5,1,7.5,73,4,0,0,2,1,0,0,0,79,297,0.68,0.17,0.07,0.41,0.25,0.0,1.5,0.31,5.5,2.75,596271,2022
Jos\xc3\xa9 Leclerc,28,1459,Maj-AL,TEX,39,0,,3.0,7.0,47.2,33,17,15,21,54,5,3,2.83,172,10,0,0,2,2,4,0,0,198,785,0.6,0.12,0.18,0.29,0.18,0.18,1.133,0.243,10.2,2.57,600917,2022
Dylan Lee,27,1443,Maj-NL,ATL,49,0,5.0,1.0,,53.1,44,17,13,10,61,6,0,2.19,201,8,0,1,1,2,1,0,0,213,789,0.7,0.13,0.19,0.36,0.23,0.1,1.013,0.279,10.3,6.1,669276,2022
Mark Leiter Jr.,31,1453,Maj-NL,CHC,35,4,2.0,7.0,3.0,67.2,52,32,30,25,73,10,7,3.99,248,7,2,2,6,2,6,2,0,282,1086,0.62,0.18,0.12,0.49,0.21,0.07,1.138,0.251,9.7,2.92,643410,2022
Sandy Le\xc3\xb3n,33,1545,Maj-AL,CLE,1,0,,,,2.0,0,0,0,0,0,0,0,0.0,6,0,0,0,0,0,0,0,0,6,17,0.65,0.24,0.06,0.17,0.0,0.33,0.0,0.0,0.0,,506702,2022
Matthew Liberatore,22,1453,Maj-NL,STL,9,7,2.0,2.0,,34.2,42,23,23,18,28,5,1,5.97,138,12,2,0,5,2,1,0,0,161,650,0.6,0.16,0.08,0.39,0.25,0.1,1.731,0.346,7.3,1.56,669461,2022
Brendon Little,25,1489,Maj-NL,CHC,1,0,,1.0,,0.2,2,3,3,1,0,1,1,40.5,4,0,0,0,0,0,0,0,0,6,22,0.5,0.18,0.0,0.5,0.0,0.0,4.5,0.333,0.0,0.0,663893,2022
Nick Lodolo,24,1457,Maj-NL,CIN,19,19,4.0,7.0,,103.1,90,44,42,39,131,13,19,3.66,383,15,3,0,8,0,6,3,2,441,1779,0.63,0.18,0.12,0.46,0.25,0.08,1.248,0.322,11.4,3.36,666157,2022
Alejo Lopez,26,1464,Maj-NL,CIN,3,0,,,,2.2,2,2,2,0,0,2,0,6.75,10,0,0,0,0,0,0,0,0,10,26,0.73,0.12,0.08,0.2,0.0,0.2,0.75,0.0,0.0,,664670,2022
Jorge L\xc3\xb3pez,29,1454,Maj-AL,"BAL,MIN",67,0,4.0,7.0,23.0,71.0,53,26,20,31,72,4,7,2.54,257,6,3,5,6,2,6,1,2,298,1161,0.66,0.19,0.11,0.59,0.21,0.03,1.183,0.268,9.1,2.32,605347,2022
Nicky Lopez,27,1506,Maj-AL,KCR,1,0,,,,1.0,3,2,2,0,0,2,0,18.0,6,0,0,0,0,0,0,0,0,6,16,0.44,0.06,0.0,0.33,0.17,0.0,3.0,0.25,0.0,,670032,2022
Pablo L\xc3\xb3pez,26,1456,Maj-NL,MIA,32,32,10.0,10.0,,180.0,157,78,75,53,174,21,8,3.75,671,39,6,1,18,4,6,2,2,736,2910,0.65,0.15,0.13,0.47,0.24,0.06,1.167,0.283,8.7,3.28,641154,2022
Reynaldo L\xc3\xb3pez,28,1456,Maj-AL,CHC,61,1,6.0,4.0,,65.1,51,24,20,11,63,1,1,2.76,234,13,3,1,4,4,7,1,0,254,990,0.66,0.16,0.14,0.41,0.26,0.1,0.949,0.287,8.7,5.73,625643,2022
Michael Lorenzen,30,1454,Maj-AL,LAD,18,18,8.0,6.0,,97.2,81,48,46,44,85,11,4,4.24,362,18,0,0,13,1,4,1,0,411,1654,0.62,0.14,0.11,0.51,0.21,0.06,1.28,0.262,7.8,1.93,547179,2022
Aaron Loup,34,1455,Maj-AL,LAD,65,0,,5.0,1.0,58.2,54,38,25,22,52,4,8,3.84,230,14,0,3,4,0,5,2,1,260,967,0.65,0.16,0.11,0.51,0.24,0.04,1.295,0.287,8.0,2.36,571901,2022
Zac Lowther,26,1580,Maj-AL,BAL,1,0,,,,5.1,8,6,5,2,1,0,1,8.44,23,1,1,0,0,2,0,0,0,28,100,0.6,0.18,0.07,0.46,0.17,0.08,1.875,0.333,1.7,0.5,675912,2022
Jes\xc3\xbas Luzardo,24,1455,Maj-NL,MIA,18,18,4.0,7.0,,100.1,69,40,37,35,120,10,2,3.32,361,18,2,0,7,1,2,1,1,400,1644,0.63,0.17,0.14,0.41,0.28,0.06,1.037,0.254,10.8,3.43,666200,2022
Jordan Lyles,31,1458,Maj-AL,BAL,32,32,12.0,11.0,,179.0,196,94,88,52,144,26,8,4.42,710,46,1,0,18,4,7,1,0,774,2988,0.63,0.17,0.09,0.4,0.23,0.08,1.385,0.313,7.2,2.77,543475,2022
Daniel Lynch IV,25,1454,Maj-AL,KCR,27,27,4.0,13.0,,131.2,155,79,75,52,122,21,5,5.13,535,24,1,2,11,6,6,2,1,600,2435,0.63,0.13,0.11,0.43,0.27,0.06,1.572,0.337,8.3,2.35,663738,2022
Lance Lynn,35,1456,Maj-AL,CHC,21,21,8.0,7.0,,121.2,119,65,54,19,124,19,10,3.99,481,20,0,0,6,2,1,2,0,512,2022,0.66,0.13,0.13,0.43,0.24,0.07,1.134,0.294,9.2,6.53,458681,2022
Tyler Mahle,27,1485,"Maj-AL,Maj-NL","CIN,MIN",23,23,6.0,8.0,,120.2,104,61,59,43,126,16,2,4.4,452,21,3,0,5,5,6,4,2,503,2096,0.63,0.17,0.11,0.36,0.21,0.08,1.218,0.279,9.4,2.93,641816,2022
Sean Manaea,30,1436,Maj-NL,SDP,31,28,8.0,10.0,,159.1,159,100,92,52,158,30,3,5.2,618,28,5,1,11,5,5,0,1,680,2516,0.67,0.15,0.12,0.38,0.23,0.08,1.324,0.297,8.9,3.04,640455,2022
Matt Manning,24,1467,Maj-AL,DET,12,12,2.0,3.0,,63.0,55,27,24,19,48,6,1,3.43,238,7,0,0,1,5,2,2,0,263,990,0.65,0.15,0.09,0.41,0.23,0.07,1.175,0.259,6.9,2.53,666159,2022
Alek Manoah,24,1451,Maj-AL,TOR,32,32,16.0,8.0,,202.1,148,59,53,52,184,17,17,2.36,734,31,1,0,12,5,8,5,0,810,3028,0.66,0.16,0.11,0.39,0.25,0.1,0.988,0.243,8.2,3.54,666201,2022
Joe Mantiply,31,1455,Maj-NL,ARI,69,0,2.0,5.0,2.0,60.0,59,22,19,6,61,6,3,2.85,231,6,0,0,5,2,2,0,0,243,861,0.71,0.18,0.15,0.55,0.24,0.05,1.083,0.319,9.2,10.17,573009,2022
Jos\xc3\xa9 Marte,26,1469,Maj-AL,LAD,11,0,,,,11.0,8,9,9,18,15,2,0,7.36,40,0,1,0,1,0,2,0,0,58,265,0.52,0.16,0.09,0.16,0.36,0.12,2.364,0.261,12.3,0.83,665896,2022
Brett Martin,27,1472,Maj-AL,TEX,55,1,1.0,7.0,3.0,50.0,50,27,23,18,40,4,0,4.14,192,14,0,3,7,1,3,0,0,212,750,0.66,0.16,0.12,0.49,0.26,0.04,1.36,0.309,7.2,2.22,656685,2022
Chris Martin,36,1443,Maj-NL,"CHC,LAD",62,0,4.0,1.0,3.0,58.0,53,20,19,5,75,6,1,2.95,226,9,2,1,2,2,6,3,1,234,886,0.7,0.16,0.13,0.5,0.21,0.08,1.0,0.32,11.6,15.0,455119,2022
Corbin Martin,26,1520,Maj-NL,ARI,7,2,,1.0,,22.1,25,14,12,12,21,3,0,4.84,86,4,1,0,3,2,3,2,0,101,429,0.59,0.14,0.11,0.29,0.4,0.01,1.657,0.344,8.5,1.75,656686,2022
Davis Martin,25,1453,Maj-AL,CHC,14,9,3.0,6.0,,63.1,63,36,34,19,48,8,3,4.83,243,15,1,1,4,1,4,0,1,269,1041,0.66,0.15,0.12,0.38,0.28,0.1,1.295,0.293,6.8,2.53,663436,2022
Nick Martinez,31,1436,Maj-NL,SDP,54,10,4.0,5.0,8.0,117.1,99,45,42,42,106,16,5,3.22,437,20,0,0,14,1,6,1,2,485,1869,0.65,0.17,0.12,0.48,0.22,0.06,1.202,0.263,8.1,2.52,607259,2022
Seth Martinez,27,1473,Maj-AL,HOU,29,0,1.0,1.0,,38.2,26,10,9,14,38,3,1,2.09,139,2,0,1,3,0,2,1,0,155,592,0.66,0.18,0.11,0.41,0.24,0.14,1.034,0.235,8.8,2.71,661527,2022
Nick Maton,25,1457,Maj-NL,PHI,2,0,,,,1.1,4,3,3,0,0,0,0,20.25,8,1,0,0,0,0,0,0,0,8,25,0.72,0.24,0.0,0.5,0.13,0.0,3.0,0.5,0.0,,665155,2022
Phil Maton,29,1453,Maj-AL,HOU,67,0,,2.0,,65.2,58,34,28,24,73,10,8,3.84,245,10,1,2,7,3,2,1,0,281,1085,0.65,0.16,0.14,0.39,0.29,0.07,1.249,0.291,10.0,3.04,664208,2022
Steven Matz,31,1455,Maj-NL,STL,14,9,5.0,3.0,,48.0,50,28,28,10,54,8,2,5.25,195,10,0,0,2,0,0,0,0,207,845,0.68,0.18,0.12,0.38,0.3,0.08,1.25,0.316,10.1,5.4,571927,2022
Tyler Matzek,31,1453,Maj-NL,ATL,42,0,4.0,2.0,1.0,43.2,26,21,17,29,36,3,2,3.5,150,7,0,2,3,3,3,1,0,184,718,0.61,0.13,0.11,0.35,0.21,0.09,1.26,0.202,7.4,1.24,554431,2022
Dustin May,24,1467,Maj-NL,LAD,6,6,2.0,3.0,,30.0,21,17,15,14,29,3,5,4.5,108,2,0,0,3,0,5,0,0,127,474,0.63,0.16,0.13,0.52,0.23,0.06,1.167,0.237,8.7,2.07,669160,2022
Mike Mayers,30,1464,Maj-AL,LAD,24,3,1.0,1.0,,50.2,52,35,32,18,45,15,2,5.68,201,7,0,0,5,2,3,0,0,223,890,0.62,0.14,0.11,0.39,0.22,0.08,1.382,0.259,8.0,2.5,594577,2022
Jack Mayfield,31,1563,Maj-AL,LAD,1,0,,,,1.0,1,0,0,0,0,0,0,0.0,4,0,0,0,0,0,0,0,0,4,13,0.62,0.31,0.0,0.25,0.25,0.0,1.0,0.25,0.0,,608686,2022
Tim Mayza,30,1450,Maj-AL,TOR,65,0,8.0,1.0,2.0,50.1,43,20,18,12,46,8,1,3.22,183,6,1,2,6,2,2,0,2,199,753,0.64,0.18,0.1,0.59,0.24,0.02,1.093,0.267,8.2,3.83,641835,2022
Chris Mazza,32,1624,Maj-AL,TBR,2,0,1.0,,,5.1,9,10,7,6,5,3,2,11.81,27,0,0,0,0,0,3,0,0,35,137,0.57,0.12,0.1,0.41,0.23,0.05,2.813,0.316,8.4,0.83,607391,2022
Kirk McCarty,26,1455,Maj-AL,CLE,13,2,4.0,3.0,,37.2,37,23,19,13,26,11,1,4.54,143,4,0,1,3,2,0,2,1,159,574,0.67,0.16,0.1,0.39,0.24,0.08,1.327,0.241,6.2,2.0,668948,2022
Shane McClanahan,25,1451,Maj-AL,TBR,29,29,12.0,9.0,,173.1,123,54,49,38,199,20,3,2.54,624,16,0,1,16,1,6,1,2,668,2551,0.67,0.17,0.15,0.52,0.22,0.05,0.929,0.254,10.3,5.24,663556,2022
Lance McCullers Jr.,28,1426,Maj-AL,HOU,11,11,4.0,3.0,,63.0,53,23,22,26,68,9,1,3.14,234,11,0,0,5,1,2,2,0,262,1025,0.62,0.18,0.11,0.5,0.17,0.06,1.254,0.278,9.7,2.62,621121,2022
T.J. McFarland,33,1510,Maj-NL,STL,28,0,,,,32.2,42,26,24,11,16,5,2,6.61,130,5,1,0,6,1,1,1,1,145,487,0.62,0.15,0.07,0.54,0.25,0.02,1.622,0.336,4.4,1.45,519008,2022
Easton McGee,24,1456,Maj-AL,TBR,1,0,,,,3.0,4,1,0,0,1,0,0,0.0,14,0,0,0,0,0,0,0,0,14,46,0.67,0.17,0.04,0.23,0.31,0.0,1.333,0.308,3.0,,668834,2022
Jake McGee,35,1480,Maj-NL,"MIL,San Francisco,Washington",42,0,1.0,3.0,3.0,37.0,41,29,28,12,25,6,0,6.81,149,9,2,1,1,1,1,0,0,163,629,0.66,0.14,0.09,0.29,0.22,0.11,1.432,0.294,6.1,2.08,459429,2022
Reese McGuire,27,1496,Maj-AL,BOS,1,0,,,,1.0,0,0,0,0,0,0,0,0.0,3,0,0,0,0,0,0,0,0,3,7,0.86,0.14,0.0,0.33,0.0,0.0,0.0,0.0,0.0,,624512,2022
Collin McHugh,35,1443,Maj-NL,ATL,60,0,3.0,2.0,,72.2,54,21,21,15,79,6,5,2.6,264,10,0,2,6,2,1,0,0,286,1132,0.66,0.16,0.13,0.4,0.26,0.1,0.95,0.265,9.8,5.27,543521,2022
David McKay,27,1526,Maj-AL,"New York,Oakland,TBR",4,0,,,,6.2,8,5,5,4,3,1,0,6.75,27,2,0,0,0,1,0,0,0,32,135,0.6,0.17,0.06,0.44,0.12,0.04,1.8,0.292,4.1,0.75,641853,2022
Ryan McKenna,25,1469,Maj-AL,BAL,2,0,,,,1.1,5,2,2,1,0,0,0,13.5,7,1,0,0,0,2,0,0,0,10,31,0.65,0.13,0.03,0.22,0.33,0.0,4.5,0.556,0.0,0.0,663630,2022
Triston McKenzie,24,1443,Maj-AL,CLE,33,32,11.0,11.0,,202.1,144,69,67,47,203,27,5,2.98,727,30,2,0,10,2,6,5,1,783,2981,0.67,0.15,0.13,0.34,0.23,0.1,0.944,0.234,9.0,4.32,663474,2022
John Means,29,1628,Maj-AL,BAL,2,2,,,,8.0,8,3,3,2,7,0,0,3.38,31,1,0,0,0,1,0,0,0,34,135,0.65,0.11,0.11,0.36,0.28,0.16,1.25,0.32,7.9,3.5,607644,2022
Trevor Megill,28,1459,Maj-AL,MIN,39,0,4.0,3.0,,45.0,50,29,24,17,49,4,1,4.8,177,9,0,0,4,1,6,3,3,196,774,0.66,0.16,0.12,0.44,0.29,0.05,1.489,0.368,9.8,2.88,656730,2022
J.C. Mej\xc3\xada,25,1597,Maj-NL,MIL,2,0,,,,2.1,5,6,6,5,1,0,0,23.14,11,1,0,0,0,0,0,0,0,16,59,0.51,0.14,0.12,0.4,0.5,0.0,4.286,0.5,3.9,0.2,650496,2022
Mark Melancon,37,1456,Maj-NL,ARI,62,0,3.0,10.0,18.0,56.0,63,37,29,21,35,5,1,4.66,224,10,0,2,5,0,3,1,0,247,886,0.63,0.15,0.1,0.44,0.27,0.06,1.5,0.315,5.6,1.67,453343,2022
Conner Menez,27,1598,Maj-NL,CHC,1,0,,,,1.0,1,0,0,0,1,0,1,0.0,4,0,0,0,0,0,0,0,0,5,24,0.58,0.21,0.0,0.33,0.67,0.0,1.0,0.333,9.0,,669214,2022
Daniel Mengden,29,1487,Maj-AL,KCR,5,1,,1.0,1.0,7.0,10,5,4,1,8,1,0,5.14,30,2,0,0,0,1,0,0,0,32,119,0.71,0.21,0.09,0.35,0.39,0.04,1.571,0.409,10.3,8.0,596043,2022
Whit Merrifield,33,1493,Maj-AL,TOR,1,0,,,,1.0,2,2,2,0,0,1,1,18.0,5,0,0,0,0,0,0,0,0,6,13,0.85,0.23,0.15,0.4,0.0,0.2,2.0,0.25,0.0,,593160,2022
Julian Merryweather,30,1468,Maj-AL,TOR,26,1,,3.0,,26.2,31,20,20,7,23,4,2,6.75,106,9,0,1,2,2,2,0,0,119,417,0.7,0.17,0.11,0.49,0.16,0.13,1.425,0.333,7.8,3.29,657240,2022
Max Meyer,23,1527,Maj-NL,MIA,2,2,,1.0,,6.0,7,5,5,2,6,2,0,7.5,24,3,0,0,0,0,0,1,0,26,89,0.65,0.16,0.12,0.44,0.17,0.17,1.5,0.313,9.0,3.0,676974,2022
Keynan Middleton,28,1472,Maj-NL,ARI,18,0,1.0,2.0,,17.0,16,13,10,3,15,5,1,5.29,64,4,0,0,2,0,3,0,0,69,240,0.7,0.16,0.18,0.28,0.3,0.1,1.118,0.25,7.9,5.0,641871,2022
Miles Mikolas,33,1450,Maj-NL,STL,34,33,12.0,14.0,,206.2,172,83,76,40,156,26,7,3.31,765,32,2,0,15,8,3,3,0,822,3226,0.67,0.18,0.08,0.46,0.24,0.05,1.026,0.247,6.8,3.9,571945,2022
Wade Miley,35,1457,Maj-NL,CHC,9,8,2.0,2.0,,37.0,31,20,13,14,28,3,2,3.16,142,5,1,0,3,1,2,1,0,159,566,0.63,0.18,0.11,0.52,0.2,0.08,1.216,0.25,6.8,2.0,489119,2022
Tyson Miller,26,1456,Maj-AL,TEX,4,2,1.0,2.0,,10.2,16,14,13,8,8,1,2,10.97,46,3,0,0,2,0,2,0,0,56,228,0.6,0.15,0.09,0.45,0.37,0.03,2.25,0.405,6.8,1.0,668338,2022
Alec Mills,30,1548,Maj-NL,CHC,7,2,,1.0,,17.2,28,20,19,3,11,7,3,9.68,77,8,1,1,1,1,0,1,1,84,302,0.67,0.18,0.07,0.34,0.3,0.06,1.755,0.35,5.6,3.67,621219,2022
Wyatt Mills,27,1485,Maj-AL,"KCR,SEA",27,0,,1.0,,29.1,26,15,15,13,26,1,5,4.6,107,5,2,2,3,2,2,1,0,128,503,0.63,0.15,0.12,0.44,0.2,0.05,1.33,0.305,8.0,2.0,670090,2022
Hoby Milner,31,1453,Maj-NL,MIL,67,0,3.0,3.0,,64.2,61,29,27,15,64,5,7,3.76,244,16,0,0,5,3,1,0,1,272,1088,0.63,0.21,0.1,0.51,0.23,0.03,1.175,0.315,8.9,4.27,571948,2022
Tommy Milone,35,1521,Maj-AL,SEA,7,0,1.0,1.0,,16.2,14,10,10,6,5,4,1,5.4,60,4,0,0,1,2,0,1,0,69,238,0.63,0.17,0.06,0.28,0.23,0.11,1.2,0.189,2.7,0.83,543548,2022
Juan Minaya,31,1547,Maj-AL,MIN,6,0,1.0,,,9.2,8,6,6,5,11,0,3,5.59,37,1,0,0,1,0,1,0,0,45,174,0.63,0.17,0.13,0.54,0.15,0.04,1.345,0.308,10.2,2.2,573668,2022
Mike Minor,34,1471,Maj-NL,CIN,19,19,4.0,12.0,,98.0,120,72,66,40,76,24,7,6.06,405,25,0,4,7,3,16,0,0,455,1750,0.63,0.17,0.08,0.35,0.25,0.11,1.633,0.312,7.0,1.9,501985,2022
A.J. Minter,28,1443,Maj-NL,ATL,77,0,5.0,4.0,5.0,72.2,50,23,18,15,98,5,4,2.23,257,12,0,0,4,3,8,3,2,281,1154,0.67,0.15,0.16,0.4,0.21,0.11,0.894,0.287,12.1,6.53,621345,2022
Anthony Misiewicz,27,1454,Maj-AL,"KCR,SEA",32,0,1.0,2.0,,29.0,27,15,14,10,27,4,0,4.34,109,7,0,2,4,1,0,0,0,121,465,0.64,0.16,0.1,0.39,0.24,0.05,1.276,0.291,8.4,2.7,664948,2022
Casey Mize,25,1627,Maj-AL,DET,2,2,,1.0,,10.0,13,6,6,2,4,1,0,5.4,43,1,3,0,0,0,3,0,0,45,169,0.62,0.17,0.05,0.38,0.15,0.08,1.5,0.316,3.6,2.0,663554,2022
Yadier Molina,39,1572,Maj-NL,STL,2,0,,,,2.0,6,4,4,0,1,2,0,18.0,12,2,0,0,0,0,0,0,0,12,40,0.68,0.15,0.03,0.36,0.36,0.0,3.0,0.444,4.5,,425877,2022
Rafael Montero,31,1424,Maj-AL,HOU,81,0,6.0,2.0,14.0,77.2,52,24,20,29,83,4,2,2.32,275,8,1,2,9,2,8,0,0,309,1264,0.63,0.17,0.12,0.5,0.24,0.06,1.043,0.253,9.6,2.86,606160,2022
Jordan Montgomery,29,1450,"Maj-AL,Maj-NL","New York,STL",33,32,9.0,6.0,,181.0,161,72,69,39,161,21,8,3.43,683,35,2,1,14,2,5,4,6,735,2752,0.66,0.16,0.13,0.48,0.25,0.05,1.105,0.278,8.0,4.13,656756,2022
Matt Moore,33,1453,Maj-AL,TEX,63,0,5.0,2.0,5.0,74.0,49,20,16,38,83,3,1,1.95,262,8,3,2,6,3,8,2,1,304,1248,0.65,0.15,0.15,0.45,0.21,0.1,1.176,0.257,10.1,2.18,519043,2022
Francisco Morales,22,1517,Maj-NL,PHI,3,0,,,1.0,5.0,2,5,4,6,3,1,1,7.2,14,0,0,0,3,0,0,0,0,21,79,0.49,0.2,0.08,0.73,0.09,0.0,1.6,0.1,5.4,0.5,672839,2022
Brian Moran,33,1627,Maj-AL,LAD,1,0,,,,0.1,3,2,2,1,0,1,0,54.0,4,1,0,1,0,0,0,0,0,5,25,0.72,0.04,0.16,0.25,0.5,0.0,12.0,0.667,0.0,0.0,572383,2022
Jovani Mor\xc3\xa1n,25,1454,Maj-AL,MIN,31,0,,1.0,1.0,40.2,25,11,10,18,54,0,0,2.21,145,8,0,0,1,1,5,0,0,164,672,0.62,0.15,0.17,0.5,0.21,0.1,1.057,0.272,12.0,3.0,663558,2022
Adri\xc3\xa1n Morej\xc3\xb3n,23,1436,Maj-NL,SDP,28,0,5.0,1.0,,35.0,34,22,20,11,29,4,1,5.14,136,5,0,1,4,1,2,0,0,149,581,0.66,0.12,0.11,0.33,0.23,0.07,1.286,0.288,7.5,2.64,670970,2022
Dauri Moreta,26,1466,Maj-NL,CIN,35,1,,2.0,1.0,38.1,32,24,23,13,39,10,4,5.4,141,6,1,1,3,2,0,0,0,160,613,0.62,0.18,0.11,0.33,0.24,0.15,1.174,0.234,9.2,3.0,664294,2022
Eli Morgan,26,1442,Maj-AL,CLE,53,1,6.0,3.0,,70.0,48,30,26,13,77,10,2,3.34,250,14,1,0,4,3,6,2,1,268,1071,0.68,0.16,0.12,0.3,0.26,0.1,0.871,0.229,9.9,5.92,669212,2022
Reyes Moronta,29,1455,Maj-NL,"ARI,LAD",39,0,2.0,2.0,2.0,37.2,30,20,18,18,38,5,2,4.3,140,5,1,1,3,1,3,0,0,161,641,0.62,0.17,0.12,0.34,0.22,0.13,1.274,0.255,9.1,2.11,606625,2022
Cody Morris,25,1442,Maj-AL,CLE,8,5,1.0,2.0,,25.2,21,8,6,12,26,3,0,2.1,93,3,0,0,2,1,5,2,0,106,426,0.63,0.12,0.15,0.37,0.26,0.07,1.286,0.277,9.1,2.17,663752,2022
Charlie Morton,38,1443,Maj-NL,ATL,32,32,9.0,7.0,,174.0,153,88,86,64,208,29,18,4.45,650,26,2,0,14,6,10,2,5,739,2940,0.64,0.18,0.12,0.39,0.26,0.06,1.247,0.296,10.8,3.25,450203,2022
Kyle Muller,24,1461,Maj-NL,ATL,3,3,1.0,1.0,,12.1,13,11,11,8,12,2,0,8.03,50,2,0,0,0,0,4,0,0,59,233,0.63,0.16,0.12,0.44,0.31,0.13,1.703,0.306,8.8,1.5,666205,2022
Andr\xc3\xa9s Mu\xc3\xb1oz,23,1443,Maj-AL,SEA,69,0,3.0,5.0,4.0,70.2,49,23,21,18,105,6,4,2.67,250,6,0,4,5,2,6,1,0,274,1120,0.69,0.14,0.22,0.52,0.18,0.06,0.948,0.305,13.4,5.83,662253,2022
Penn Murfee,28,1443,Maj-AL,SEA,66,1,4.0,1.0,,72.0,52,24,24,18,77,8,2,3.0,262,9,1,1,4,2,4,0,0,284,1042,0.69,0.18,0.11,0.33,0.24,0.09,0.972,0.246,9.6,4.28,682171,2022
Joe Musgrove,29,1437,Maj-NL,SDP,33,33,11.0,8.0,,199.2,169,73,65,48,202,23,14,2.93,747,43,2,1,15,4,7,0,1,814,3121,0.66,0.2,0.11,0.46,0.23,0.08,1.087,0.278,9.1,4.21,605397,2022
Parker Mushinski,26,1527,Maj-AL,HOU,7,0,,,,7.1,5,3,3,3,8,0,1,3.68,26,2,0,0,1,0,0,0,0,30,111,0.63,0.14,0.19,0.5,0.17,0.06,1.091,0.278,9.8,2.67,656786,2022
Wil Myers,31,1477,Maj-NL,SDP,4,0,,,,3.2,4,3,3,0,0,3,1,7.36,14,0,0,0,0,1,0,0,0,16,43,0.74,0.19,0.02,0.2,0.13,0.07,1.091,0.083,0.0,,571976,2022
James Naile,29,1480,Maj-NL,STL,7,0,,,,9.0,8,5,5,2,5,2,0,5.0,35,0,0,0,1,0,1,0,0,37,126,0.67,0.15,0.1,0.5,0.23,0.03,1.111,0.214,5.0,2.5,664942,2022
Tommy Nance,31,1454,Maj-NL,MIA,35,2,2.0,3.0,,43.2,45,22,20,21,57,5,4,4.12,170,9,1,3,3,0,8,0,0,196,751,0.62,0.18,0.12,0.47,0.24,0.06,1.511,0.37,11.7,2.71,667297,2022
Andrew Nardi,23,1453,Maj-NL,MIA,13,0,1.0,1.0,,14.2,25,17,16,14,24,5,0,9.82,69,7,0,0,0,0,0,0,0,83,374,0.64,0.14,0.13,0.22,0.24,0.16,2.659,0.5,14.7,1.71,677053,2022
Packy Naughton,26,1468,Maj-NL,STL,26,3,,2.0,1.0,32.0,39,17,17,7,31,3,1,4.78,132,10,0,1,2,0,0,0,0,141,562,0.63,0.16,0.12,0.51,0.25,0.03,1.438,0.367,8.7,4.43,676050,2022
Nick Neidert,25,1520,Maj-NL,MIA,1,1,,1.0,,5.0,5,2,2,0,3,1,0,3.6,20,1,0,0,0,0,0,0,0,20,82,0.68,0.18,0.07,0.41,0.29,0.0,1.0,0.25,5.4,,663734,2022
Kyle Nelson,25,1476,Maj-NL,ARI,43,1,2.0,1.0,,37.0,26,10,9,14,30,1,3,2.19,134,11,0,0,3,0,1,1,2,151,593,0.63,0.15,0.11,0.41,0.23,0.05,1.081,0.243,7.3,2.14,669459,2022
Nick Nelson,26,1426,Maj-NL,PHI,48,2,3.0,2.0,1.0,69.2,66,38,37,38,69,1,4,4.78,260,17,2,0,3,9,4,2,1,311,1234,0.6,0.13,0.12,0.39,0.27,0.09,1.493,0.327,8.9,1.82,656793,2022
Ryne Nelson,24,1470,Maj-NL,ARI,3,3,1.0,1.0,,18.1,9,4,3,6,16,2,0,1.47,62,2,1,1,0,1,0,0,1,69,253,0.63,0.19,0.08,0.26,0.17,0.13,0.818,0.156,7.9,2.67,669194,2022
Hector Neris,33,1422,Maj-AL,HOU,78,0,8.0,4.0,3.0,71.1,51,30,28,17,88,4,6,3.53,259,13,1,0,4,0,3,1,0,283,1082,0.67,0.17,0.15,0.34,0.25,0.08,0.953,0.281,11.1,5.18,593576,2022
Sean Newcomb,29,1478,Maj-NL,"ATL,CHC",20,1,2.0,1.0,,27.2,33,28,27,19,28,8,0,8.78,115,5,0,0,1,0,3,1,0,134,552,0.59,0.18,0.08,0.34,0.28,0.09,1.88,0.316,9.1,1.47,656794,2022
Vinny Nittoli,31,1480,Maj-NL,PHI,2,0,,,,2.0,0,0,0,1,1,0,1,0.0,6,0,0,0,0,0,0,0,0,8,40,0.65,0.15,0.1,0.6,0.0,0.0,0.5,0.0,4.5,1.0,657697,2022
Aaron Nola,29,1425,Maj-NL,PHI,37,37,13.0,15.0,,230.2,197,90,88,34,262,23,10,3.43,872,46,1,1,10,0,12,8,3,919,3459,0.69,0.19,0.13,0.45,0.25,0.07,1.001,0.296,10.2,7.71,605400,2022
Daniel Norris,29,1454,"Maj-AL,Maj-NL","CHC,DET",41,3,2.0,4.0,,58.2,45,39,34,29,66,11,7,5.22,214,12,1,0,8,0,0,1,1,250,1015,0.61,0.18,0.13,0.47,0.23,0.07,1.261,0.248,10.1,2.28,596057,2022
James Norwood,28,1568,Maj-NL,PHI,20,0,1.0,,,17.1,24,17,16,9,22,2,0,8.31,76,3,0,0,0,0,1,0,0,85,370,0.62,0.09,0.14,0.31,0.33,0.06,1.904,0.423,11.4,2.44,656803,2022
Riley O\'Brien,27,1604,Maj-AL,SEA,1,0,,,,1.0,1,0,0,1,1,0,0,0.0,4,0,0,0,0,0,0,0,0,5,23,0.61,0.13,0.04,1.0,0.0,0.0,2.0,0.333,9.0,1.0,676617,2022
Darren O\'Day,39,1539,Maj-NL,ATL,28,0,2.0,2.0,,21.2,19,12,10,10,26,3,1,4.15,80,5,1,2,1,3,4,0,0,94,385,0.65,0.14,0.12,0.39,0.18,0.12,1.338,0.296,10.8,2.6,503285,2022
Bailey Ober,26,1455,Maj-AL,MIN,11,11,2.0,3.0,,56.0,48,22,20,11,51,4,2,3.21,211,10,2,0,3,2,1,0,0,227,854,0.67,0.14,0.13,0.29,0.3,0.09,1.054,0.278,8.2,4.64,641927,2022
Jake Odorizzi,32,1444,"Maj-AL,Maj-NL","ATL,HOU",23,22,6.0,6.0,,109.1,107,60,54,38,88,14,4,4.45,420,13,2,1,7,3,5,4,2,466,1850,0.63,0.13,0.1,0.32,0.26,0.11,1.326,0.29,7.2,2.32,543606,2022
Cristofer Ogando,28,1463,Maj-AL,TBR,3,0,,,,4.1,4,2,2,1,2,0,1,4.15,14,1,1,0,1,1,0,1,0,17,74,0.65,0.2,0.07,0.38,0.31,0.23,1.154,0.308,4.2,2.0,642657,2022
Shohei Ohtani,27,1453,Maj-AL,LAD,28,28,15.0,9.0,,166.0,124,45,43,44,219,14,2,2.33,610,23,2,0,10,3,4,1,0,660,2629,0.66,0.17,0.15,0.42,0.23,0.09,1.012,0.289,11.9,4.98,660271,2022
Steven Okert,30,1467,Maj-NL,MIA,60,0,5.0,5.0,,51.1,34,19,17,26,63,7,7,2.98,183,7,0,2,3,1,2,0,0,221,968,0.63,0.18,0.13,0.38,0.22,0.11,1.169,0.237,11.0,2.42,595345,2022
Kaleb Ort,30,1456,Maj-AL,BOS,25,0,1.0,2.0,1.0,28.1,35,23,20,15,27,4,2,6.35,116,6,0,2,2,1,5,1,0,134,529,0.64,0.16,0.12,0.33,0.28,0.11,1.765,0.36,8.6,1.8,672391,2022
Oliver Ortega,25,1513,Maj-AL,LAD,27,0,1.0,3.0,1.0,34.0,32,18,14,18,33,5,1,3.71,128,4,0,0,4,0,4,2,0,148,567,0.64,0.13,0.11,0.51,0.25,0.07,1.471,0.3,8.7,1.83,661383,2022
Glenn Otto,26,1453,Maj-AL,TEX,27,27,7.0,10.0,,135.2,119,74,70,62,107,21,13,4.64,505,17,2,0,12,5,16,2,1,587,2229,0.61,0.16,0.1,0.44,0.25,0.08,1.334,0.257,7.1,1.73,657248,2022
Connor Overton,28,1458,Maj-NL,CIN,6,4,1.0,,,33.0,21,10,10,11,14,1,0,2.73,112,3,0,0,3,1,1,2,2,124,469,0.64,0.19,0.06,0.42,0.22,0.12,0.97,0.204,3.8,1.27,656818,2022
Johan Oviedo,24,1453,Maj-NL,"Pittsburgh,STL",21,8,4.0,3.0,,56.0,49,21,20,23,54,5,3,3.21,216,8,1,0,3,0,5,1,0,242,980,0.65,0.16,0.11,0.51,0.19,0.06,1.286,0.28,8.7,2.35,670912,2022
Chris Owings,30,1580,Maj-AL,BAL,1,0,,,,1.0,2,1,1,0,0,0,0,9.0,5,2,0,0,0,0,0,0,0,5,10,0.8,0.2,0.0,0.2,0.6,0.0,2.0,0.4,0.0,,572008,2022
Chris Paddack,26,1603,Maj-AL,MIN,5,5,1.0,2.0,,22.1,25,10,10,2,20,0,1,4.03,88,7,1,0,3,2,1,0,0,93,367,0.69,0.17,0.1,0.47,0.26,0.09,1.209,0.357,8.1,10.0,663978,2022
Nicholas Padilla,25,1496,Maj-NL,CHC,1,0,,,,1.2,2,1,1,2,1,0,0,5.4,7,1,0,0,0,0,0,0,0,9,39,0.51,0.21,0.03,0.33,0.33,0.0,2.4,0.333,5.4,0.5,656820,2022
Emilio Pag\xc3\xa1n,31,1454,Maj-AL,MIN,59,0,4.0,6.0,9.0,63.0,60,36,31,26,84,12,1,4.43,245,14,1,2,2,1,1,1,0,274,1125,0.66,0.14,0.14,0.4,0.25,0.06,1.365,0.32,12.0,3.23,641941,2022
Jermaine Palacios,25,1469,Maj-AL,MIN,2,0,,,,0.2,1,0,0,0,1,0,0,0.0,3,0,0,0,0,0,0,0,0,3,8,0.75,0.0,0.25,0.0,0.5,0.0,1.5,0.5,13.5,,650339,2022
Andre Pallante,23,1451,Maj-NL,STL,48,10,6.0,5.0,,108.2,115,41,40,40,74,9,1,3.31,417,18,1,2,17,2,5,2,0,462,1775,0.62,0.17,0.07,0.65,0.2,0.02,1.426,0.315,6.1,1.85,669467,2022
Enoli Paredes,26,1548,Maj-AL,HOU,3,0,,,,3.0,3,1,1,3,2,0,0,3.0,11,0,0,0,1,0,0,0,0,14,57,0.63,0.16,0.09,0.44,0.33,0.0,2.0,0.333,6.0,0.67,660600,2022
Luis Pati\xc3\xb1o,22,1477,Maj-AL,TBR,6,6,1.0,2.0,,20.0,26,18,18,13,11,6,1,8.1,83,6,0,1,0,1,2,2,0,98,386,0.63,0.13,0.1,0.38,0.16,0.1,1.95,0.299,5.0,0.85,672715,2022
Spencer Patton,34,1620,Maj-AL,TEX,7,0,,,,7.0,4,3,3,3,5,1,2,3.86,23,0,0,0,0,1,2,0,0,29,111,0.59,0.16,0.09,0.53,0.11,0.16,1.0,0.167,6.4,1.67,607359,2022
Joel Payamps,28,1468,Maj-AL,"KCR,Oakland",41,0,3.0,6.0,,55.2,60,24,20,16,41,7,2,3.23,220,9,2,2,6,2,3,1,0,241,952,0.62,0.15,0.1,0.54,0.19,0.09,1.365,0.305,6.6,2.56,606303,2022
Matt Peacock,28,1552,"Maj-AL,Maj-NL","ARI,KCR",9,0,,,,10.0,12,6,6,4,6,1,0,5.4,42,1,0,0,0,0,0,0,0,46,149,0.68,0.16,0.11,0.61,0.25,0.03,1.6,0.314,5.4,1.5,676840,2022
Elvis Peguero,25,1521,Maj-AL,LAD,13,0,,,,17.1,23,16,13,5,12,4,0,6.75,72,6,0,0,4,0,1,0,0,77,308,0.66,0.14,0.12,0.52,0.22,0.05,1.615,0.339,6.2,2.4,665625,2022
Ryan Pepiot,24,1468,Maj-NL,LAD,9,7,3.0,,,36.1,26,15,14,27,42,6,3,3.47,130,4,0,0,4,0,1,0,0,160,737,0.59,0.17,0.11,0.27,0.22,0.13,1.459,0.244,10.4,1.56,686752,2022
Freddy Peralta,26,1456,Maj-NL,MIL,18,17,4.0,4.0,,78.0,54,31,31,27,86,6,3,3.58,284,10,2,0,1,2,4,3,0,317,1353,0.61,0.17,0.12,0.4,0.23,0.11,1.038,0.247,9.9,3.19,642547,2022
Wily Peralta,33,1504,Maj-AL,DET,28,1,2.0,,,38.1,34,12,11,24,32,2,1,2.58,141,6,0,0,7,2,2,0,0,168,698,0.59,0.17,0.09,0.46,0.26,0.06,1.513,0.294,7.5,1.33,503449,2022
Luis Perdomo,29,1465,Maj-NL,MIL,14,0,3.0,,,23.2,24,10,10,3,12,4,1,3.8,92,3,0,0,5,0,2,0,0,96,285,0.67,0.16,0.12,0.61,0.19,0.04,1.141,0.263,4.6,4.0,606131,2022
Cionel P\xc3\xa9rez,26,1453,Maj-AL,BAL,66,0,7.0,1.0,1.0,57.2,46,11,9,21,55,2,1,1.4,209,6,0,1,8,3,2,1,0,234,901,0.64,0.16,0.12,0.52,0.25,0.03,1.162,0.284,8.6,2.62,672335,2022
Mart\xc3\xadn P\xc3\xa9rez,31,1455,Maj-AL,TEX,32,32,12.0,8.0,,196.1,178,70,63,69,169,11,6,2.89,738,37,0,0,20,3,10,1,2,821,2979,0.63,0.19,0.08,0.52,0.23,0.04,1.258,0.298,7.7,2.45,527048,2022
\xc3\x93liver P\xc3\xa9rez,40,1617,Maj-NL,ARI,7,0,1.0,1.0,,4.0,8,9,7,1,1,1,1,15.75,18,1,0,0,0,3,1,0,0,24,73,0.67,0.22,0.04,0.4,0.25,0.05,2.25,0.368,2.3,1.0,424144,2022
Jace Peterson,32,1481,Maj-NL,MIL,1,0,,,,1.0,0,0,0,0,0,0,0,0.0,3,0,0,0,0,0,0,0,0,3,8,0.63,0.25,0.0,0.67,0.0,0.0,0.0,0.0,0.0,,607054,2022
David Phelps,35,1453,Maj-AL,TOR,65,1,,2.0,1.0,63.2,52,22,20,31,64,2,4,2.83,236,9,2,0,4,0,2,2,0,272,1151,0.6,0.2,0.07,0.38,0.27,0.06,1.304,0.294,9.0,2.06,475479,2022
Brett Phillips,28,1549,Maj-AL,TBR,3,0,,,,4.0,9,8,8,2,0,3,0,18.0,20,4,0,0,1,0,0,0,0,22,59,0.58,0.12,0.02,0.25,0.15,0.05,2.75,0.353,0.0,0.0,621433,2022
Evan Phillips,27,1443,Maj-NL,LAD,67,0,7.0,3.0,2.0,66.1,34,11,8,16,83,2,3,1.09,223,6,0,1,5,2,3,1,0,244,977,0.66,0.2,0.13,0.48,0.22,0.11,0.754,0.229,11.3,5.19,623465,2022
Konnor Pilkington,24,1471,Maj-AL,CLE,15,11,1.0,2.0,,58.0,53,30,25,32,50,6,2,3.88,223,8,1,0,3,1,0,3,1,258,1039,0.6,0.13,0.11,0.4,0.26,0.06,1.466,0.28,7.8,1.56,663455,2022
Michael Pineda,33,1485,Maj-AL,DET,11,11,2.0,7.0,,46.2,58,31,30,8,26,13,0,5.79,191,9,2,0,4,1,5,2,0,200,731,0.66,0.16,0.08,0.39,0.25,0.07,1.414,0.294,5.0,3.25,501381,2022
Nick Pivetta,29,1453,Maj-AL,BOS,33,33,10.0,12.0,,179.2,175,91,91,73,175,27,5,4.56,691,36,1,0,6,4,19,6,0,773,3082,0.64,0.17,0.1,0.38,0.25,0.09,1.38,0.3,8.8,2.4,601713,2022
Michael Plassmeyer,25,1453,Maj-NL,PHI,2,0,,1.0,,7.1,9,3,3,1,7,1,0,3.68,28,2,0,0,2,0,0,0,0,29,99,0.68,0.18,0.15,0.48,0.29,0.0,1.364,0.4,8.6,7.0,674681,2022
Kevin Plawecki,31,1610,Maj-AL,BOS,1,0,,,,1.0,1,0,0,0,0,0,0,0.0,4,0,0,0,0,0,0,0,0,4,18,0.67,0.11,0.0,0.0,0.25,0.0,1.0,0.25,0.0,,608700,2022
Zach Plesac,27,1442,Maj-AL,CLE,26,24,3.0,12.0,,132.2,136,74,63,38,102,19,5,4.27,527,30,0,0,8,1,1,2,3,571,2164,0.66,0.14,0.1,0.41,0.26,0.06,1.312,0.287,6.9,2.68,668676,2022
Colin Poche,28,1454,Maj-AL,TBR,65,0,4.0,2.0,7.0,58.2,46,30,26,22,64,11,1,3.99,218,8,1,0,0,4,2,1,1,245,973,0.65,0.14,0.13,0.32,0.23,0.18,1.159,0.238,9.8,2.91,621363,2022
Zach Pop,25,1451,"Maj-AL,Maj-NL","MIA,TOR",36,0,4.0,,,39.1,43,13,12,4,26,2,2,2.75,154,7,0,0,3,0,1,1,0,160,549,0.68,0.17,0.08,0.57,0.23,0.05,1.195,0.325,5.9,6.5,647315,2022
Sean Poppen,28,1453,Maj-NL,ARI,29,0,2.0,2.0,,28.2,27,15,14,12,22,5,1,4.4,102,6,1,3,2,4,1,1,1,120,439,0.64,0.21,0.06,0.38,0.25,0.07,1.36,0.278,6.9,1.83,664092,2022
Cody Poteet,27,1534,Maj-NL,MIA,12,2,,1.0,,28.0,23,12,12,11,21,4,0,3.86,103,8,0,0,3,0,1,2,0,114,448,0.64,0.13,0.14,0.52,0.2,0.0,1.214,0.244,6.8,1.91,547001,2022
Ryan Pressly,33,1422,Maj-AL,HOU,60,0,3.0,3.0,39.0,59.1,34,18,16,16,78,4,2,2.43,203,4,1,0,6,1,0,1,0,224,882,0.64,0.16,0.17,0.46,0.23,0.05,0.843,0.246,11.8,4.88,519151,2022
David Price,36,1458,Maj-NL,LAD,40,0,2.0,,2.0,40.1,38,11,11,9,37,6,0,2.45,157,10,0,2,3,0,2,0,0,167,596,0.68,0.19,0.08,0.56,0.17,0.02,1.165,0.281,8.3,4.11,456034,2022
Albert Pujols,42,1596,Maj-NL,STL,1,0,,,,1.0,3,4,4,1,0,2,0,36.0,6,0,0,0,0,0,0,0,0,7,27,0.59,0.19,0.0,0.33,0.33,0.0,4.0,0.25,0.0,0.0,405395,2022
Cal Quantrill,27,1442,Maj-AL,CLE,34,34,15.0,7.0,,196.1,186,85,76,51,136,24,10,3.48,736,30,1,0,18,8,18,5,3,809,3069,0.64,0.16,0.08,0.42,0.23,0.08,1.207,0.277,6.2,2.67,615698,2022
Jos\xc3\xa9 Quijada,26,1455,Maj-AL,LAD,42,0,,5.0,3.0,40.2,25,19,18,21,52,5,2,3.98,145,11,0,4,1,1,1,1,0,169,691,0.64,0.13,0.15,0.33,0.15,0.16,1.131,0.225,11.5,2.48,650671,2022
Jose Quintana,33,1451,Maj-NL,"Pittsburgh,STL",33,33,6.0,7.0,,171.0,156,61,54,48,140,8,3,2.84,644,36,1,1,23,1,6,4,2,698,2799,0.63,0.15,0.11,0.47,0.26,0.06,1.193,0.298,7.4,2.92,500779,2022
Cole Ragans,24,1457,Maj-AL,TEX,9,9,,3.0,,40.0,43,24,22,16,27,6,0,4.95,158,7,2,0,5,0,3,2,0,174,706,0.62,0.11,0.11,0.37,0.29,0.14,1.475,0.296,6.1,1.69,666142,2022
Brooks Raley,34,1450,Maj-AL,TBR,61,0,1.0,2.0,6.0,54.2,37,19,16,16,63,3,7,2.63,199,6,1,0,3,1,0,0,0,224,864,0.65,0.18,0.12,0.38,0.3,0.08,0.97,0.254,10.4,3.94,548384,2022
No\xc3\xa9 Ramirez,32,1489,Maj-NL,ARI,55,0,5.0,4.0,,50.0,45,32,29,26,51,9,3,5.22,184,9,1,2,5,1,6,4,1,215,844,0.64,0.18,0.12,0.4,0.23,0.07,1.42,0.288,9.2,1.96,598287,2022
Yohan Ram\xc3\xadrez,27,1453,"Maj-AL,Maj-NL","CLE,Pittsburgh,SEA",30,0,4.0,1.0,1.0,37.1,32,19,19,20,32,4,6,4.58,139,7,0,1,2,0,1,0,1,167,620,0.62,0.19,0.09,0.5,0.26,0.09,1.393,0.272,7.7,1.6,670990,2022
Drew Rasmussen,26,1450,Maj-AL,TBR,29,28,11.0,7.0,,147.2,121,51,46,31,127,13,3,2.8,550,23,3,0,9,2,8,4,0,589,2255,0.67,0.14,0.12,0.47,0.23,0.07,1.029,0.262,7.7,4.1,656876,2022
Robbie Ray,30,1443,Maj-AL,SEA,35,33,12.0,13.0,,192.2,170,85,83,62,217,35,7,3.88,722,31,5,0,15,1,17,9,6,792,3113,0.65,0.13,0.14,0.39,0.24,0.08,1.204,0.287,10.1,3.5,592662,2022
Jake Reed,29,1461,"Maj-AL,Maj-NL","BAL,LAD,New York",18,0,2.0,,1.0,16.2,17,15,13,8,13,2,3,7.02,66,7,0,0,2,0,0,0,1,77,307,0.63,0.21,0.08,0.4,0.21,0.09,1.5,0.294,7.0,1.63,596082,2022
Denyi Reyes,25,1577,Maj-AL,BAL,3,1,,,,7.2,8,2,2,1,3,0,0,2.35,30,2,0,0,0,0,0,0,0,31,117,0.69,0.11,0.11,0.41,0.22,0.07,1.174,0.296,3.5,3.0,660593,2022
Franmil Reyes,26,1496,Maj-NL,CHC,1,0,,,,1.0,0,0,0,0,1,0,1,0.0,2,0,0,0,1,0,0,0,0,3,10,0.6,0.3,0.1,1.0,0.0,0.0,0.0,0.0,9.0,,614177,2022
Gerardo Reyes,29,1491,Maj-AL,LAD,2,0,,,,2.0,3,1,1,3,0,1,0,4.5,9,1,0,0,0,0,0,0,0,12,47,0.64,0.21,0.11,0.11,0.33,0.33,3.0,0.25,0.0,0.0,622103,2022
Pablo Reyes,28,1495,Maj-NL,MIL,1,0,,,,1.0,0,0,0,0,0,0,0,0.0,3,0,0,0,0,0,0,0,0,3,9,0.67,0.33,0.0,0.33,0.33,0.0,0.0,0.0,0.0,,622569,2022
Matt Reynolds,31,1587,Maj-NL,CIN,2,0,,,,1.1,3,1,1,0,0,0,2,6.75,6,1,0,0,0,1,0,0,0,9,21,0.67,0.1,0.05,0.43,0.14,0.14,2.25,0.429,0.0,,608703,2022
Garrett Richards,34,1503,Maj-AL,TEX,32,2,1.0,1.0,1.0,42.2,44,28,25,13,36,3,3,5.27,168,12,1,0,4,1,4,1,0,185,708,0.65,0.15,0.12,0.52,0.23,0.03,1.336,0.315,7.6,2.77,572070,2022
Trevor Richards,29,1451,Maj-AL,TOR,63,4,3.0,2.0,,65.0,57,41,38,36,83,9,1,5.26,243,9,1,1,3,4,5,3,0,285,1182,0.59,0.14,0.15,0.35,0.28,0.07,1.431,0.31,11.5,2.31,670950,2022
Ethan Roberts,24,1612,Maj-NL,CHC,9,0,,1.0,,7.2,10,7,7,6,9,3,1,8.22,31,4,0,0,2,0,0,0,1,38,177,0.6,0.11,0.08,0.36,0.36,0.05,2.087,0.368,10.6,1.5,681799,2022
David Robertson,37,1422,Maj-NL,"CHC,PHI",66,0,5.0,3.0,21.0,71.1,45,19,18,40,92,7,3,2.27,253,11,0,1,5,1,2,1,0,297,1203,0.63,0.19,0.14,0.46,0.19,0.08,1.192,0.245,11.6,2.3,502085,2022
Hansel Robles,31,1545,Maj-AL,BOS,26,0,1.0,3.0,2.0,24.2,25,19,16,14,21,5,0,5.84,96,6,0,1,2,1,3,1,0,111,422,0.6,0.15,0.09,0.39,0.28,0.05,1.581,0.282,7.7,1.5,570663,2022
Dereck Rodr\xc3\xadguez,30,1471,Maj-AL,MIN,2,0,,1.0,,7.2,7,5,3,4,4,3,0,3.52,28,0,0,1,0,0,0,0,0,34,99,0.61,0.14,0.11,0.54,0.08,0.0,1.435,0.19,4.7,1.0,605446,2022
Eduardo Rodr\xc3\xadguez,29,1454,Maj-AL,DET,17,17,5.0,5.0,,91.0,87,49,41,34,72,12,2,4.05,352,17,1,0,10,1,4,0,0,391,1469,0.63,0.16,0.07,0.44,0.2,0.07,1.33,0.279,7.1,2.12,593958,2022
Elvin Rodr\xc3\xadguez,24,1454,Maj-AL,DET,7,5,,4.0,,29.2,42,35,35,15,25,12,1,10.62,127,7,1,1,3,0,0,0,0,143,534,0.61,0.16,0.07,0.36,0.23,0.09,1.921,0.333,7.6,1.67,660730,2022
Manuel Rodr\xc3\xadguez,25,1455,Maj-NL,CHC,14,0,2.0,,4.0,13.2,10,6,5,9,8,1,0,3.29,48,4,0,0,3,0,0,0,0,57,203,0.6,0.12,0.1,0.53,0.3,0.03,1.39,0.231,5.3,0.89,655889,2022
Yerry Rodr\xc3\xadguez,24,1453,Maj-AL,TEX,1,0,,,,1.0,1,0,0,0,1,0,0,0.0,4,0,0,0,0,0,0,0,0,4,18,0.72,0.11,0.06,0.67,0.33,0.0,1.0,0.333,9.0,,666720,2022
Taylor Rogers,31,1455,Maj-NL,"MIL,SDP",66,0,4.0,8.0,31.0,64.1,57,38,34,19,84,7,11,4.76,239,13,3,2,5,4,5,1,1,274,1085,0.66,0.22,0.12,0.43,0.24,0.06,1.181,0.329,11.8,4.42,573124,2022
Trevor Rogers,24,1471,Maj-NL,MIA,23,23,4.0,11.0,,107.0,116,69,65,45,106,15,5,5.47,423,35,1,0,10,4,8,0,2,477,1940,0.64,0.15,0.11,0.43,0.26,0.05,1.505,0.33,8.9,2.36,669432,2022
Jordan Romano,29,1450,Maj-AL,TOR,64,0,5.0,5.0,36.0,65.2,48,20,17,22,77,4,4,2.33,241,8,0,5,5,0,6,0,0,268,1018,0.68,0.16,0.15,0.43,0.21,0.07,1.066,0.275,10.6,3.5,605447,2022
Jhon Romero,27,1622,Maj-AL,MIN,4,0,,,,5.0,9,2,2,1,6,0,0,3.6,23,2,0,0,1,0,0,0,0,24,90,0.69,0.17,0.11,0.71,0.24,0.06,2.0,0.529,10.8,6.0,664584,2022
JoJo Romero,25,1454,Maj-NL,"PHI,STL",17,0,,,,16.1,13,9,9,10,17,3,0,4.96,56,2,0,0,5,0,0,1,1,67,271,0.58,0.17,0.13,0.63,0.18,0.0,1.408,0.278,9.4,1.7,668941,2022
Tommy Romero,24,1457,"Maj-AL,Maj-NL","TBR,Washington",4,2,1.0,1.0,,8.1,11,12,10,9,7,7,0,10.8,35,0,1,0,1,0,0,0,1,44,191,0.61,0.16,0.09,0.25,0.29,0.07,2.4,0.19,7.6,0.78,676720,2022
Sergio Romo,39,1536,Maj-AL,"SEA,TOR",23,0,,1.0,,18.0,19,16,15,6,14,7,0,7.5,71,3,0,1,1,1,4,0,0,79,335,0.63,0.15,0.1,0.17,0.28,0.07,1.389,0.235,7.0,2.33,489265,2022
Angel Rond\xc3\xb3n,24,1589,Maj-NL,STL,1,1,1.0,,,5.0,1,0,0,3,4,0,0,0.0,17,0,0,0,0,0,1,0,0,20,90,0.57,0.14,0.06,0.23,0.15,0.08,0.8,0.077,7.2,1.33,667373,2022
Kenny Rosenberg,26,1561,Maj-AL,LAD,3,1,,,,10.2,9,5,5,6,8,1,0,4.22,40,2,0,0,0,1,0,1,0,47,193,0.62,0.15,0.09,0.27,0.3,0.09,1.406,0.25,6.8,1.33,670046,2022
Bubby Rossman,30,1537,Maj-NL,PHI,1,0,,,,1.0,1,2,2,1,1,1,0,18.0,4,0,0,0,0,0,0,0,0,5,18,0.56,0.11,0.22,0.0,0.0,0.0,2.0,0.0,9.0,1.0,657745,2022
Michael Rucker,28,1453,Maj-NL,CHC,41,0,3.0,1.0,,54.2,50,25,24,20,50,8,0,3.95,207,6,1,0,6,2,1,0,1,229,914,0.63,0.15,0.11,0.45,0.18,0.09,1.28,0.278,8.2,2.5,621074,2022
Jos\xc3\xa9 Ruiz,27,1453,Maj-AL,CHC,63,0,1.0,,,60.2,53,32,31,33,68,9,0,4.6,229,12,1,0,3,3,9,1,1,265,1115,0.59,0.15,0.12,0.43,0.22,0.07,1.418,0.284,10.1,2.06,614179,2022
Joe Ryan,26,1458,Maj-AL,MIN,27,27,13.0,8.0,,147.0,115,60,58,47,151,20,10,3.55,546,28,2,0,8,0,11,3,3,604,2391,0.67,0.16,0.12,0.29,0.23,0.15,1.102,0.253,9.2,3.21,657746,2022
Hyun Jin Ryu,35,1579,Maj-AL,TOR,6,6,2.0,,,27.0,32,17,17,4,16,5,0,5.67,109,12,0,0,4,0,0,0,0,113,395,0.64,0.17,0.08,0.46,0.23,0.04,1.333,0.307,5.3,4.0,547943,2022
Connor Sadzeck,30,1527,Maj-NL,MIL,2,0,,,,3.0,4,3,3,1,2,2,0,9.0,12,1,0,0,1,0,1,0,0,13,48,0.6,0.17,0.06,0.1,0.1,0.2,1.667,0.25,6.0,2.0,592712,2022
Chris Sale,33,1533,Maj-AL,BOS,2,2,,1.0,,5.2,5,3,2,1,5,0,1,3.18,23,2,0,0,0,0,0,0,0,25,102,0.67,0.27,0.05,0.5,0.39,0.0,1.059,0.278,7.9,5.0,519242,2022
Adrian Sampson,30,1453,Maj-NL,CHC,21,19,4.0,5.0,,104.1,101,40,36,27,73,10,2,3.11,399,18,2,0,14,0,3,2,1,428,1689,0.63,0.14,0.09,0.41,0.23,0.06,1.227,0.288,6.3,2.7,592716,2022
Aaron Sanchez,29,1454,"Maj-AL,Maj-NL","MIN,Washington",15,10,3.0,4.0,,60.0,78,46,44,15,41,8,5,6.6,241,16,0,1,11,3,5,4,1,265,1006,0.65,0.17,0.08,0.55,0.21,0.02,1.55,0.359,6.2,2.73,592717,2022
Cristopher S\xc3\xa1nchez,25,1457,Maj-NL,PHI,15,3,2.0,2.0,1.0,40.0,38,25,25,17,35,5,4,5.63,156,9,0,1,1,0,1,1,0,177,662,0.63,0.18,0.08,0.55,0.21,0.03,1.375,0.284,7.9,2.06,650911,2022
Miguel S\xc3\xa1nchez,28,1559,Maj-NL,MIL,12,0,1.0,1.0,,13.1,12,7,6,8,9,3,0,4.05,49,2,1,2,2,1,0,0,0,58,211,0.62,0.17,0.11,0.59,0.15,0.12,1.5,0.237,6.1,1.13,667376,2022
Yolmer Sanchez,30,1528,Maj-AL,BOS,1,0,,,,1.0,3,1,1,0,0,0,0,9.0,6,1,0,0,0,0,0,0,0,6,15,0.67,0.0,0.0,0.17,0.5,0.17,3.0,0.5,0.0,,570560,2022
Phoenix Sanders,27,1540,Maj-AL,TBR,8,0,,,,14.2,12,5,5,3,12,0,0,3.07,53,4,1,0,2,1,0,0,0,57,215,0.69,0.16,0.08,0.43,0.26,0.02,1.023,0.286,7.4,4.0,676637,2022
Nick Sandlin,25,1450,Maj-AL,CLE,47,0,5.0,2.0,,44.2,27,13,11,25,42,2,3,2.22,155,5,0,3,5,0,6,0,0,183,759,0.62,0.16,0.12,0.57,0.16,0.08,1.164,0.225,8.5,1.68,680704,2022
Patrick Sandoval,25,1455,Maj-AL,LAD,27,27,6.0,9.0,,148.2,139,56,48,60,151,8,5,2.91,565,19,3,0,14,4,3,2,2,638,2456,0.64,0.16,0.13,0.48,0.23,0.07,1.339,0.32,9.1,2.52,663776,2022
Cole Sands,24,1453,Maj-AL,MIN,11,3,,3.0,1.0,30.2,35,21,20,13,28,4,5,5.87,127,9,0,0,2,0,5,0,0,145,609,0.62,0.16,0.1,0.44,0.18,0.08,1.565,0.326,8.2,2.15,663485,2022
Reiver Sanmartin,26,1453,Maj-NL,CIN,45,4,4.0,4.0,,57.0,66,43,40,29,47,8,0,6.32,225,13,2,2,8,1,1,0,0,256,1031,0.62,0.16,0.11,0.55,0.19,0.04,1.667,0.339,7.4,1.62,665665,2022
Dennis Santana,26,1453,Maj-AL,TEX,63,1,3.0,8.0,1.0,58.2,50,39,34,28,54,2,4,5.22,219,13,0,1,7,4,3,0,1,255,991,0.62,0.17,0.11,0.49,0.27,0.06,1.33,0.287,8.3,1.93,642701,2022
Tony Santillan,25,1567,Maj-NL,CIN,21,0,,1.0,4.0,19.2,23,14,12,12,21,1,4,5.49,77,7,0,1,2,2,0,0,0,96,408,0.6,0.17,0.12,0.32,0.37,0.07,1.78,0.386,9.6,1.75,663574,2022
Tayler Saucedo,29,1612,Maj-AL,TOR,4,0,,,,2.2,6,4,4,1,0,3,0,13.5,14,1,0,0,0,0,0,0,0,15,48,0.63,0.15,0.08,0.5,0.29,0.0,2.625,0.273,0.0,0.0,642048,2022
Hirokazu Sawamura,34,1491,Maj-AL,BOS,49,0,1.0,1.0,,50.2,45,23,21,27,40,4,0,3.73,189,7,0,2,7,5,1,1,0,221,841,0.63,0.14,0.11,0.51,0.24,0.07,1.421,0.273,7.1,1.48,617228,2022
Josh Sborz,28,1492,Maj-AL,TEX,19,1,1.0,,,22.1,25,16,16,11,32,4,0,6.45,88,6,0,1,0,1,5,2,1,100,419,0.61,0.17,0.15,0.3,0.28,0.09,1.612,0.396,12.9,2.91,622250,2022
John Schreiber,28,1453,Maj-AL,BOS,64,0,4.0,4.0,8.0,65.0,45,19,16,19,74,3,4,2.22,231,14,2,0,6,2,1,2,1,257,1020,0.63,0.17,0.13,0.58,0.17,0.04,0.985,0.269,10.2,3.89,670167,2022
Max Schrock,27,1550,Maj-NL,CIN,1,0,,,,1.0,7,5,5,0,0,2,0,45.0,10,2,0,0,0,0,0,0,0,10,26,0.69,0.04,0.0,0.1,0.7,0.0,7.0,0.625,0.0,,621011,2022
Frank Schwindel,30,1565,Maj-NL,CHC,3,0,,,,3.0,8,6,6,1,0,4,0,18.0,17,0,0,0,0,0,0,0,0,18,42,0.69,0.07,0.07,0.06,0.41,0.12,3.0,0.308,0.0,0.0,643524,2022
Tanner Scott,27,1453,Maj-NL,MIA,67,0,4.0,5.0,20.0,62.2,55,34,30,46,90,5,4,4.31,233,7,2,1,4,6,1,1,0,289,1273,0.62,0.16,0.16,0.46,0.32,0.04,1.612,0.347,12.9,1.96,656945,2022
Tayler Scott,30,1507,Maj-NL,SDP,8,0,,1.0,,12.0,19,10,9,6,13,1,0,6.75,53,3,0,0,3,0,0,0,0,59,255,0.61,0.2,0.12,0.48,0.28,0.08,2.083,0.462,9.8,2.17,605463,2022
Connor Seabold,26,1462,Maj-AL,BOS,5,5,,4.0,,18.1,35,24,23,8,19,5,3,11.29,87,9,2,0,1,0,1,0,1,98,374,0.64,0.15,0.11,0.29,0.35,0.1,2.345,0.476,9.3,2.38,657756,2022
Cody Sedlock,27,1582,Maj-AL,BAL,1,0,,,,3.0,6,5,5,1,3,0,0,15.0,15,2,0,0,0,0,0,0,0,16,71,0.65,0.11,0.17,0.5,0.25,0.0,2.333,0.5,9.0,3.0,642060,2022
Anderson Severino,27,1612,Maj-AL,CHC,6,0,,,,7.1,7,5,5,4,9,0,2,6.14,28,2,0,0,1,0,0,0,1,34,133,0.59,0.19,0.13,0.58,0.26,0.0,1.5,0.368,11.0,2.25,644429,2022
Paul Sewald,32,1443,Maj-AL,SEA,68,0,5.0,4.0,20.0,67.1,36,27,25,19,78,10,7,3.34,232,6,0,5,0,2,4,2,0,261,1051,0.66,0.16,0.15,0.32,0.22,0.13,0.817,0.178,10.4,4.11,623149,2022
Bryan Shaw,34,1459,Maj-AL,CLE,60,2,6.0,2.0,1.0,58.1,58,38,35,26,52,9,4,5.4,230,11,0,1,5,1,2,0,0,261,969,0.62,0.15,0.1,0.49,0.22,0.07,1.44,0.288,8.0,2.0,543766,2022
Justus Sheffield,26,1454,Maj-AL,SEA,6,1,1.0,,,11.2,9,5,5,6,7,1,1,3.86,43,0,0,0,1,1,0,0,0,51,179,0.58,0.16,0.06,0.59,0.16,0.03,1.286,0.222,5.4,1.17,656954,2022
Chase Silseth,22,1520,Maj-AL,LAD,7,7,1.0,3.0,,28.2,33,21,21,12,24,7,1,6.59,115,8,0,0,3,0,3,0,0,129,501,0.63,0.18,0.11,0.46,0.29,0.03,1.57,0.31,7.5,2.0,681217,2022
Andrelton Simmons,32,1585,Maj-NL,CHC,1,0,,,,1.0,5,5,5,1,0,0,0,45.0,6,1,0,0,0,2,0,0,0,9,25,0.52,0.12,0.04,0.25,0.25,0.13,6.0,0.625,0.0,0.0,592743,2022
Lucas Sims,28,1601,Maj-NL,CIN,6,0,1.0,,1.0,6.2,5,7,7,6,5,0,1,9.45,23,2,0,0,1,1,0,0,0,31,129,0.57,0.19,0.06,0.53,0.26,0.0,1.65,0.263,6.8,0.83,608371,2022
Brady Singer,25,1458,Maj-AL,KCR,27,24,10.0,5.0,,153.1,140,58,55,35,150,18,11,3.23,569,19,1,0,17,2,2,5,2,621,2376,0.65,0.21,0.09,0.49,0.25,0.05,1.141,0.303,8.8,4.29,663903,2022
Tarik Skubal,25,1518,Maj-AL,DET,21,21,7.0,8.0,,117.2,104,53,46,32,117,9,1,3.52,438,28,2,0,9,4,2,5,3,477,1914,0.67,0.16,0.12,0.47,0.23,0.05,1.156,0.301,8.9,3.66,669373,2022
Ethan Small,25,1524,Maj-NL,MIL,2,2,,,,6.1,8,5,5,8,7,1,0,7.11,25,4,0,0,2,0,0,0,0,33,132,0.54,0.15,0.12,0.33,0.39,0.06,2.526,0.412,9.9,0.88,663629,2022
Devin Smeltzer,26,1491,Maj-AL,MIN,15,12,5.0,2.0,,70.1,67,30,29,19,40,13,1,3.71,265,11,1,0,9,1,0,2,1,287,1129,0.65,0.18,0.08,0.39,0.22,0.09,1.223,0.254,5.1,2.11,656970,2022
Caleb Smith,30,1453,Maj-NL,ARI,44,1,1.0,3.0,,70.0,57,35,32,39,65,14,1,4.11,261,11,1,1,4,0,1,2,2,302,1234,0.63,0.14,0.13,0.31,0.17,0.12,1.371,0.236,8.4,1.67,592761,2022
Joe Smith,38,1517,Maj-AL,MIN,34,0,1.0,1.0,,27.1,33,18,14,9,17,7,1,4.61,111,4,1,1,5,1,2,0,0,122,450,0.66,0.16,0.07,0.57,0.19,0.04,1.537,0.295,5.6,1.89,501925,2022
Will Smith,32,1454,"Maj-AL,Maj-NL","ATL,HOU",65,0,,3.0,5.0,59.0,58,35,26,25,65,9,2,3.97,231,14,1,3,1,3,4,2,0,261,985,0.67,0.16,0.15,0.36,0.24,0.08,1.407,0.306,9.9,2.6,519293,2022
Drew Smyly,33,1457,Maj-NL,CHC,22,22,7.0,8.0,,106.1,101,46,41,26,91,16,5,3.47,415,24,1,0,6,1,9,1,1,447,1814,0.67,0.15,0.12,0.4,0.24,0.11,1.194,0.275,7.7,3.5,592767,2022
Blake Snell,29,1439,Maj-NL,SDP,27,27,10.0,10.0,,141.2,117,58,55,60,188,12,2,3.49,529,26,2,0,7,6,12,4,3,598,2616,0.62,0.15,0.14,0.36,0.26,0.07,1.249,0.313,11.9,3.13,605483,2022
Collin Snider,26,1454,Maj-AL,KCR,42,0,4.0,2.0,,34.1,40,25,25,15,22,3,2,6.55,133,8,1,0,6,0,0,0,0,151,583,0.6,0.16,0.09,0.51,0.26,0.03,1.602,0.343,5.8,1.47,676092,2022
Nicklaus Snyder,26,1624,Maj-AL,TEX,2,0,,,,1.0,1,2,2,3,0,0,0,18.0,4,0,0,0,0,0,0,0,0,7,33,0.48,0.09,0.06,0.5,0.0,0.25,4.0,0.25,0.0,0.0,676766,2022
Jared Solomon,25,1543,Maj-NL,CIN,9,0,,,,8.1,8,10,10,5,9,3,1,10.8,33,1,0,0,0,0,0,0,0,39,157,0.62,0.17,0.11,0.29,0.17,0.08,1.56,0.238,9.7,1.8,676660,2022
Gregory Soto,27,1453,Maj-AL,DET,64,0,2.0,11.0,30.0,60.1,49,32,22,34,60,2,7,3.28,218,12,1,1,9,3,3,0,0,263,1102,0.62,0.15,0.11,0.49,0.23,0.06,1.376,0.296,9.0,1.76,642397,2022
Bennett Sousa,27,1567,Maj-AL,CHC,25,0,3.0,,1.0,20.1,25,20,19,10,12,3,1,8.41,83,4,0,1,1,2,2,1,1,96,365,0.64,0.14,0.12,0.48,0.23,0.04,1.721,0.314,5.3,1.2,656986,2022
Gabe Speier,27,1559,Maj-AL,KCR,17,1,,1.0,,19.1,16,5,5,5,14,2,0,2.33,71,1,1,0,3,1,1,0,0,77,298,0.6,0.15,0.07,0.47,0.19,0.09,1.086,0.25,6.5,2.8,642100,2022
Jeffrey Springs,29,1454,Maj-AL,TBR,33,25,9.0,5.0,,135.1,114,42,37,31,144,14,1,2.46,513,19,3,0,8,2,4,4,3,549,2149,0.67,0.16,0.14,0.41,0.24,0.09,1.071,0.28,9.6,4.65,605488,2022
Locke St. John,29,1611,Maj-NL,CHC,1,0,,,,2.0,3,3,3,0,4,2,0,13.5,9,1,0,0,0,0,0,0,0,9,29,0.72,0.14,0.21,0.0,0.2,0.0,1.5,0.333,18.0,,657766,2022
Craig Stammen,38,1453,Maj-NL,SDP,33,1,1.0,2.0,,40.2,45,22,20,10,35,9,2,4.43,161,4,0,0,3,3,5,1,0,177,701,0.62,0.17,0.11,0.51,0.2,0.02,1.352,0.3,7.7,3.5,489334,2022
Ryne Stanek,30,1426,Maj-AL,HOU,63,0,2.0,1.0,1.0,57.2,36,8,7,32,68,2,0,1.09,200,7,0,1,5,2,4,2,0,234,944,0.61,0.14,0.15,0.38,0.22,0.1,1.179,0.258,10.6,2.13,592773,2022
Cody Stashak,28,1590,Maj-AL,MIN,11,0,3.0,,,16.1,16,7,7,0,15,1,0,3.86,64,5,0,0,0,1,0,0,0,65,227,0.71,0.16,0.14,0.26,0.24,0.1,0.98,0.306,8.3,,664054,2022
Josh Staumont,28,1496,Maj-AL,KCR,42,0,3.0,3.0,3.0,37.2,37,28,27,29,43,3,1,6.45,142,10,2,0,2,3,3,1,0,176,731,0.58,0.15,0.11,0.29,0.33,0.07,1.752,0.343,10.3,1.48,622251,2022
Drew Steckenrider,31,1587,Maj-AL,SEA,16,0,,2.0,2.0,14.1,21,9,9,5,10,2,0,5.65,63,3,2,0,0,0,1,1,0,68,286,0.63,0.11,0.1,0.32,0.36,0.09,1.814,0.373,6.3,2.0,608716,2022
Justin Steele,26,1493,Maj-NL,CHC,24,24,4.0,7.0,,119.0,111,53,42,50,126,8,3,3.18,454,17,1,0,10,4,6,2,1,512,2032,0.63,0.16,0.1,0.52,0.24,0.04,1.353,0.318,9.5,2.52,657006,2022
Trevor Stephan,26,1440,Maj-AL,CLE,70,0,6.0,5.0,3.0,69.1,57,25,20,19,93,3,4,2.6,257,13,0,2,3,2,12,0,0,285,1116,0.65,0.15,0.16,0.48,0.22,0.05,1.096,0.331,12.1,4.89,663986,2022
Jackson Stephens,28,1447,Maj-NL,ATL,40,1,3.0,3.0,2.0,55.2,50,32,22,23,49,3,3,3.56,213,9,0,4,2,1,8,0,0,242,971,0.65,0.16,0.1,0.47,0.29,0.06,1.311,0.29,7.9,2.13,623451,2022
Eric Stout,29,1467,Maj-NL,"CHC,Pittsburgh",20,0,,,1.0,22.1,25,15,14,16,25,2,3,5.64,91,9,0,1,1,0,0,0,1,110,450,0.61,0.2,0.1,0.35,0.18,0.12,1.836,0.359,10.1,1.56,657770,2022
Matt Strahm,30,1453,Maj-AL,BOS,50,0,4.0,4.0,4.0,44.2,38,24,19,17,52,5,5,3.83,170,7,0,1,1,1,3,0,0,193,764,0.66,0.19,0.1,0.39,0.22,0.12,1.231,0.289,10.5,3.06,621381,2022
Chris Stratton,31,1454,Maj-NL,"Pittsburgh,STL",60,1,10.0,4.0,2.0,63.1,72,34,30,25,60,4,2,4.26,247,14,1,2,9,4,1,0,0,279,1100,0.64,0.16,0.12,0.44,0.26,0.06,1.532,0.364,8.5,2.4,608717,2022
Hunter Strickland,33,1453,Maj-NL,CIN,66,0,3.0,3.0,7.0,62.1,61,37,34,33,60,8,7,4.91,241,18,1,1,5,3,14,0,0,284,1099,0.62,0.15,0.11,0.34,0.26,0.11,1.508,0.301,8.7,1.82,519326,2022
Spencer Strider,23,1444,Maj-NL,ATL,32,21,11.0,6.0,,134.0,89,47,44,47,206,8,3,2.96,488,18,1,2,3,2,4,1,2,540,2329,0.66,0.16,0.16,0.4,0.26,0.07,1.015,0.293,13.8,4.38,675911,2022
Ross Stripling,32,1457,Maj-AL,TOR,32,24,10.0,4.0,1.0,134.1,117,49,45,20,111,12,2,3.01,511,28,0,0,6,3,7,3,0,536,2033,0.68,0.17,0.11,0.44,0.24,0.08,1.02,0.269,7.4,5.55,548389,2022
Marcus Stroman,31,1456,Maj-NL,CHC,25,25,6.0,7.0,,138.2,123,61,54,36,119,16,4,3.5,525,25,1,0,6,3,7,5,1,569,2181,0.65,0.19,0.09,0.52,0.23,0.06,1.147,0.272,7.7,3.31,573186,2022
Peter Strzelecki,27,1454,Maj-NL,MIL,30,0,2.0,1.0,1.0,35.0,28,13,11,15,40,2,1,2.83,127,8,0,2,1,3,2,0,0,148,606,0.65,0.18,0.13,0.34,0.29,0.04,1.229,0.295,10.3,2.67,657265,2022
Garrett Stubbs,29,1468,Maj-NL,PHI,4,0,,,,3.2,7,7,7,1,1,3,0,17.18,17,1,1,0,1,0,0,0,0,18,60,0.62,0.15,0.05,0.5,0.19,0.0,2.182,0.308,2.5,1.0,596117,2022
Jos\xc3\xa9 Suarez,24,1457,Maj-AL,LAD,22,20,8.0,8.0,,109.0,103,49,48,33,103,14,4,3.96,423,24,1,2,3,1,1,2,2,462,1783,0.66,0.15,0.12,0.41,0.27,0.04,1.248,0.29,8.5,3.12,660761,2022
Ranger Suarez,26,1426,Maj-NL,PHI,34,32,12.0,7.0,1.0,170.0,158,77,65,64,142,16,3,3.44,652,40,2,0,16,2,0,2,0,723,2807,0.62,0.17,0.09,0.57,0.21,0.04,1.306,0.286,7.5,2.22,624133,2022
Robert Suarez,31,1435,Maj-NL,SDP,52,0,5.0,2.0,1.0,56.2,36,16,15,23,70,6,4,2.38,197,7,0,2,4,0,1,2,0,225,913,0.65,0.15,0.13,0.4,0.27,0.06,1.041,0.248,11.1,3.04,663158,2022
Beau Sulser,28,1453,"Maj-AL,Maj-NL","BAL,Pittsburgh",10,0,,,,22.1,24,14,9,9,19,3,1,3.63,88,9,1,2,4,1,1,0,0,99,360,0.64,0.14,0.09,0.47,0.2,0.11,1.478,0.313,7.7,2.11,676641,2022
Cole Sulser,32,1471,Maj-NL,MIA,39,0,1.0,4.0,2.0,34.0,39,23,20,16,38,6,0,5.29,132,8,0,1,5,0,2,2,1,149,619,0.65,0.15,0.14,0.43,0.27,0.05,1.618,0.375,10.1,2.38,642121,2022
Brent Suter,32,1455,Maj-NL,MIL,54,0,5.0,3.0,,66.2,58,32,28,22,53,9,3,3.78,246,13,1,0,6,0,3,2,2,272,1071,0.63,0.16,0.12,0.45,0.21,0.08,1.2,0.266,7.2,2.41,608718,2022
Erik Swanson,28,1443,Maj-AL,SEA,58,1,3.0,2.0,3.0,54.2,39,11,10,10,71,3,1,1.65,196,8,0,1,2,0,3,1,1,209,892,0.68,0.15,0.15,0.34,0.26,0.14,0.896,0.295,11.7,7.1,657024,2022
Matt Swarmer,28,1538,Maj-NL,CHC,11,5,2.0,3.0,,34.0,33,26,19,20,36,12,0,5.03,132,6,1,1,1,1,3,1,0,153,657,0.59,0.14,0.13,0.38,0.23,0.03,1.559,0.247,9.5,1.8,664161,2022
Noah Syndergaard,29,1424,"Maj-AL,Maj-NL","LAD,PHI",29,26,10.0,11.0,,143.0,144,65,62,32,103,16,4,3.9,555,25,5,0,12,3,30,4,1,596,2138,0.67,0.17,0.09,0.43,0.23,0.07,1.231,0.292,6.5,3.22,592789,2022
Freddy Tarnok,23,1502,Maj-NL,ATL,1,0,,,,0.2,1,0,0,0,1,0,0,0.0,3,1,0,0,0,0,1,0,0,3,10,0.8,0.2,0.4,0.5,0.5,0.0,1.5,0.5,13.5,,676206,2022
Dillon Tate,28,1453,Maj-AL,BAL,67,0,4.0,4.0,5.0,73.2,57,29,25,16,60,6,7,3.05,267,16,0,2,9,2,4,1,0,292,1078,0.68,0.19,0.11,0.59,0.22,0.0,0.991,0.251,7.3,3.75,622253,2022
Blake Taylor,26,1577,Maj-AL,HOU,19,0,1.0,1.0,,16.0,15,7,7,10,9,1,1,3.94,64,2,0,0,0,0,0,0,0,75,308,0.58,0.13,0.08,0.45,0.27,0.04,1.563,0.259,5.1,0.9,642130,2022
Michael A. Taylor,31,1541,Maj-AL,KCR,1,0,,,,2.0,5,2,2,2,2,1,0,9.0,11,1,0,0,0,0,0,0,0,13,37,0.65,0.24,0.05,0.33,0.33,0.0,3.5,0.5,9.0,1.0,572191,2022
Ryan Tepera,34,1454,Maj-AL,LAD,59,0,5.0,4.0,6.0,57.1,42,27,23,20,47,7,2,3.61,208,8,0,3,6,1,6,1,0,232,892,0.6,0.13,0.13,0.42,0.23,0.05,1.081,0.226,7.4,2.35,572193,2022
Caleb Thielbar,35,1455,Maj-AL,MIN,67,0,4.0,3.0,1.0,59.1,51,26,23,18,80,5,0,3.49,226,7,1,1,1,1,3,1,1,245,996,0.7,0.15,0.15,0.31,0.25,0.1,1.163,0.324,12.1,4.44,573204,2022
Keegan Thompson,27,1454,Maj-NL,CHC,29,17,10.0,5.0,1.0,115.0,103,54,48,43,108,16,9,3.76,431,20,3,0,14,1,1,3,0,485,1878,0.63,0.17,0.1,0.41,0.25,0.06,1.27,0.282,8.5,2.51,624522,2022
Ryan Thompson,30,1494,Maj-AL,TBR,47,0,3.0,3.0,3.0,42.2,39,24,18,11,39,4,2,3.8,167,7,1,2,2,0,4,0,0,181,679,0.67,0.2,0.1,0.51,0.21,0.07,1.172,0.282,8.2,3.55,657044,2022
Zack Thompson,24,1454,Maj-NL,STL,22,1,1.0,1.0,1.0,34.2,20,9,8,14,27,3,0,2.08,122,3,0,0,1,0,1,0,0,136,575,0.65,0.19,0.07,0.55,0.2,0.03,0.981,0.185,7.0,1.93,668868,2022
Tyler Thornburg,33,1550,"Maj-AL,Maj-NL","ATL,MIN",14,0,,1.0,,19.0,16,10,7,11,14,1,1,3.32,74,3,0,0,0,1,0,0,0,87,362,0.57,0.16,0.07,0.33,0.21,0.11,1.421,0.25,6.6,1.27,592804,2022
Trent Thornton,28,1453,Maj-AL,TOR,32,0,,2.0,,46.0,40,21,21,17,37,7,1,4.11,169,6,0,0,6,2,3,0,1,189,664,0.65,0.2,0.09,0.36,0.28,0.13,1.239,0.26,7.2,2.18,663423,2022
Jes\xc3\xbas Tinoco,27,1454,Maj-AL,TEX,17,2,,,,20.2,12,5,5,10,18,2,1,2.18,72,0,1,0,2,1,2,0,0,84,350,0.65,0.19,0.11,0.36,0.22,0.07,1.065,0.189,7.8,1.8,622786,2022
Justin Topa,31,1456,Maj-NL,MIL,7,0,,,,7.1,9,6,4,4,4,0,0,4.91,31,1,0,1,1,0,1,1,1,35,125,0.61,0.2,0.05,0.74,0.15,0.0,1.773,0.333,4.9,1.0,623437,2022
Luis Torrens,26,1454,Maj-AL,SEA,2,0,1.0,,,2.0,3,2,1,0,0,1,0,4.5,9,0,0,0,0,1,0,0,0,10,34,0.65,0.06,0.09,0.3,0.1,0.1,1.5,0.222,0.0,,620443,2022
Touki Toussaint,26,1484,Maj-AL,LAD,8,2,1.0,1.0,,25.1,15,13,13,19,26,2,4,4.62,85,1,0,0,5,0,2,1,0,108,431,0.55,0.15,0.11,0.56,0.19,0.08,1.342,0.228,9.2,1.37,657053,2022
Blake Treinen,34,1446,Maj-NL,LAD,6,0,1.0,1.0,,6.0,2,2,2,3,7,2,0,3.0,21,0,0,1,0,0,1,0,0,24,94,0.64,0.19,0.1,0.57,0.14,0.07,0.833,0.0,10.5,2.33,595014,2022
Tanner Tully,27,1534,Maj-AL,CLE,3,0,,,,6.0,8,4,4,6,2,1,0,6.0,24,3,0,1,1,0,0,0,0,30,116,0.59,0.1,0.09,0.36,0.27,0.14,2.333,0.333,3.0,0.33,668684,2022
Kyle Tyler,25,1565,Maj-NL,SDP,2,0,1.0,,,4.0,2,0,0,1,2,0,0,0.0,13,0,0,0,0,0,0,0,0,14,40,0.6,0.15,0.1,0.64,0.18,0.0,0.75,0.182,4.5,2.0,667725,2022
Edwin Uceta,24,1499,Maj-NL,ARI,10,0,,,,17.0,14,12,11,7,13,2,1,5.82,65,4,0,0,2,0,0,0,0,73,292,0.6,0.14,0.11,0.43,0.15,0.08,1.235,0.24,6.9,1.86,670955,2022
Erich Uelmen,26,1455,Maj-NL,CHC,25,0,2.0,1.0,1.0,27.0,25,15,14,12,21,3,6,4.67,101,5,0,1,3,3,2,0,1,122,463,0.59,0.17,0.11,0.48,0.25,0.07,1.37,0.275,7.0,1.75,657272,2022
Jos\xc3\xa9 Ure\xc3\xb1a,30,1455,Maj-NL,"Colorado,MIL",21,17,3.0,8.0,,97.0,109,62,54,43,63,11,1,5.01,382,17,1,0,12,6,9,2,1,432,1622,0.61,0.14,0.08,0.5,0.24,0.05,1.567,0.312,5.8,1.47,570632,2022
Julio Ur\xc3\xadas,25,1447,Maj-NL,LAD,32,32,18.0,7.0,,180.0,131,54,45,41,172,24,5,2.25,657,22,3,0,13,5,5,4,2,708,2701,0.69,0.17,0.11,0.4,0.21,0.11,0.956,0.23,8.6,4.2,628711,2022
Jos\xc3\xa9 Urquidy,27,1426,Maj-AL,HOU,30,28,13.0,8.0,,167.1,155,74,72,39,138,29,7,3.87,640,33,1,0,8,6,11,3,0,692,2685,0.68,0.16,0.1,0.36,0.24,0.08,1.159,0.263,7.4,3.54,664353,2022
C\xc3\xa9sar Valdez,37,1594,Maj-AL,LAD,1,0,,,,1.0,2,2,1,0,0,0,0,9.0,5,0,0,0,0,0,0,0,0,5,16,0.69,0.0,0.06,0.8,0.2,0.0,2.0,0.4,0.0,,491624,2022
Framber Valdez,28,1422,Maj-AL,HOU,35,35,20.0,6.0,,226.1,180,77,67,75,227,12,12,2.66,832,29,2,0,28,2,7,0,0,923,3408,0.65,0.18,0.12,0.67,0.2,0.02,1.127,0.282,9.0,3.03,664285,2022
Phillips Vald\xc3\xa9z,30,1537,Maj-AL,BOS,13,0,,1.0,,16.1,12,11,8,7,13,0,6,4.41,58,2,0,0,3,1,2,0,0,72,287,0.6,0.21,0.07,0.57,0.17,0.09,1.163,0.261,7.2,1.86,570488,2022
Louis Varland,24,1453,Maj-AL,MIN,5,5,1.0,2.0,,26.0,26,11,11,6,21,4,1,3.81,99,5,1,1,4,0,0,0,0,106,411,0.68,0.18,0.09,0.38,0.28,0.06,1.231,0.297,7.3,3.5,686973,2022
Andrew Vasquez,28,1453,"Maj-AL,Maj-NL","San Francisco,TOR",10,0,,,,8.2,6,6,6,4,10,1,3,6.23,32,0,0,0,0,0,1,0,0,39,153,0.62,0.29,0.09,0.5,0.32,0.0,1.154,0.238,10.4,2.5,607755,2022
Vince Velasquez,30,1453,Maj-AL,CHC,27,9,3.0,3.0,,75.1,68,42,40,25,69,11,2,4.78,289,21,0,0,3,2,3,1,2,319,1281,0.65,0.16,0.12,0.37,0.2,0.08,1.235,0.27,8.2,2.76,592826,2022
Drew VerHagen,31,1536,Maj-NL,STL,19,0,3.0,1.0,,21.2,27,18,16,14,18,5,1,6.65,90,4,0,1,0,1,3,0,0,106,419,0.6,0.15,0.12,0.36,0.26,0.12,1.892,0.324,7.5,1.29,572403,2022
Justin Verlander,39,1424,Maj-AL,HOU,32,32,20.0,4.0,,195.0,139,56,47,37,210,15,7,2.17,707,22,2,0,9,5,10,3,3,757,2975,0.68,0.15,0.12,0.38,0.22,0.13,0.903,0.255,9.7,5.68,434378,2022
Alex Vesia,26,1443,Maj-NL,LAD,66,0,5.0,,1.0,57.0,39,14,13,27,83,2,2,2.05,208,6,0,1,1,1,4,1,0,240,1007,0.64,0.16,0.15,0.35,0.26,0.11,1.158,0.298,13.1,3.07,681911,2022
Nick Vespi,26,1453,Maj-AL,BAL,25,0,5.0,,1.0,26.1,29,12,12,8,28,5,1,4.1,102,6,1,1,5,1,3,0,0,112,446,0.65,0.17,0.15,0.41,0.33,0.03,1.405,0.343,9.6,3.5,663989,2022
Will Vest,27,1454,Maj-AL,DET,59,2,3.0,3.0,1.0,63.0,62,30,28,22,63,6,3,4.0,237,7,0,0,4,7,1,4,0,272,1086,0.64,0.16,0.11,0.5,0.25,0.03,1.333,0.32,9.0,2.86,676684,2022
Arodys Vizca\xc3\xadno,31,1567,Maj-AL,KCR,7,0,,,,5.2,4,4,4,7,3,1,0,6.35,22,1,0,0,0,0,1,0,0,29,115,0.51,0.12,0.1,0.26,0.26,0.05,1.941,0.167,4.8,0.43,527055,2022
Austin Voth,30,1457,"Maj-AL,Maj-NL","BAL,Washington",41,17,5.0,4.0,,101.2,111,52,49,31,90,14,3,4.34,403,21,0,0,6,4,1,1,0,442,1762,0.63,0.15,0.11,0.34,0.27,0.09,1.397,0.32,8.0,2.9,608723,2022
Michael Wacha,30,1456,Maj-AL,BOS,23,23,11.0,2.0,,127.1,111,49,47,31,104,18,4,3.32,476,22,4,0,12,4,4,0,2,515,1949,0.66,0.15,0.09,0.41,0.26,0.1,1.115,0.26,7.4,3.35,608379,2022
Adam Wainwright,40,1456,Maj-NL,STL,32,32,11.0,12.0,,191.2,192,80,79,54,143,16,7,3.71,736,35,3,1,15,6,8,6,0,803,3133,0.65,0.21,0.07,0.44,0.27,0.05,1.283,0.302,6.7,2.65,425794,2022
Jake Walsh,26,1593,Maj-NL,STL,3,0,,1.0,,2.2,3,4,4,2,5,0,1,13.5,12,0,0,0,0,0,0,0,0,15,65,0.6,0.17,0.08,0.43,0.14,0.0,1.875,0.429,16.9,2.5,673904,2022
Nash Walters,25,1453,Maj-AL,LAD,1,0,,,,0.1,1,0,0,1,0,0,0,0.0,2,0,0,0,0,0,0,0,0,3,16,0.5,0.0,0.0,1.0,0.0,0.0,6.0,0.5,0.0,0.0,663534,2022
Andrew Wantz,26,1454,Maj-AL,LAD,42,1,2.0,1.0,,50.1,37,19,18,21,52,8,2,3.22,180,5,0,0,5,1,2,2,0,204,831,0.63,0.16,0.13,0.3,0.23,0.11,1.152,0.24,9.3,2.48,681806,2022
Art Warren,29,1482,Maj-NL,CIN,39,0,2.0,3.0,3.0,36.0,37,29,26,22,40,6,2,6.5,140,3,2,1,4,1,9,1,0,165,655,0.62,0.17,0.12,0.37,0.22,0.09,1.639,0.326,10.0,1.82,605521,2022
Austin Warren,26,1525,Maj-AL,LAD,14,0,2.0,,,16.0,19,10,10,5,9,3,0,5.63,62,6,0,2,1,2,1,0,0,70,266,0.63,0.15,0.08,0.41,0.23,0.04,1.5,0.308,5.1,1.8,681810,2022
Spenser Watkins,29,1453,Maj-AL,BAL,23,20,5.0,6.0,,105.1,119,59,55,30,63,11,4,4.7,423,25,1,0,3,2,2,3,1,459,1642,0.65,0.17,0.09,0.43,0.26,0.06,1.415,0.308,5.4,2.1,657093,2022
Ryan Weathers,22,1565,Maj-NL,SDP,1,1,,,,3.2,6,4,4,4,3,0,0,9.82,17,1,0,0,0,0,0,0,0,21,89,0.57,0.09,0.11,0.5,0.21,0.07,2.727,0.429,7.4,0.75,677960,2022
Luke Weaver,28,1453,"Maj-AL,Maj-NL","ARI,KCR",26,1,1.0,1.0,,35.2,52,29,26,13,38,1,3,6.56,155,15,0,0,2,3,2,0,1,174,721,0.65,0.12,0.11,0.41,0.37,0.04,1.822,0.429,9.6,2.92,596133,2022
Zack Weiss,30,1453,Maj-AL,LAD,12,0,,1.0,,13.1,7,6,5,7,18,2,1,3.38,46,1,0,2,0,1,2,0,0,56,209,0.61,0.16,0.17,0.37,0.2,0.13,1.05,0.185,12.2,2.57,592848,2022
Alex Wells,25,1615,Maj-AL,BAL,2,0,,,,3.2,5,2,2,0,6,2,0,4.91,16,1,0,0,0,0,0,0,0,16,66,0.76,0.18,0.14,0.4,0.1,0.1,1.364,0.375,14.7,,649144,2022
Tyler Wells,27,1469,Maj-AL,BAL,23,23,7.0,7.0,,103.2,90,49,49,28,76,16,2,4.25,389,18,1,0,3,2,5,5,1,423,1648,0.66,0.15,0.11,0.38,0.21,0.13,1.138,0.247,6.6,2.71,669330,2022
J.B. Wendelken,29,1548,Maj-NL,ARI,29,0,2.0,1.0,,29.0,25,18,17,14,21,4,1,5.28,107,3,0,0,4,0,2,2,1,122,488,0.6,0.14,0.09,0.44,0.26,0.02,1.345,0.256,6.5,1.5,605525,2022
Joey Wentz,24,1456,Maj-AL,DET,7,7,2.0,2.0,,32.2,23,13,11,13,27,2,1,3.03,118,7,2,0,0,3,0,1,1,135,551,0.61,0.15,0.09,0.4,0.21,0.09,1.102,0.228,7.4,2.08,666214,2022
Hayden Wesneski,24,1455,Maj-NL,CHC,6,4,3.0,2.0,,33.0,24,9,8,7,33,3,3,2.18,121,6,0,0,0,1,3,2,0,132,495,0.67,0.16,0.12,0.47,0.13,0.1,0.939,0.244,9.0,4.71,669713,2022
Zack Wheeler,32,1422,Maj-NL,PHI,32,32,13.0,10.0,,188.2,144,64,59,41,196,15,11,2.81,689,26,6,1,13,1,5,4,1,742,2842,0.67,0.16,0.11,0.47,0.23,0.06,0.981,0.269,9.3,4.78,554430,2022
Mitch White,27,1453,"Maj-AL,Maj-NL","LAD,TOR",25,18,1.0,7.0,,99.0,110,62,60,35,78,9,3,5.45,399,26,3,0,4,3,10,2,0,440,1715,0.64,0.16,0.08,0.43,0.27,0.08,1.465,0.321,7.1,2.23,669952,2022
Kodi Whitley,27,1578,Maj-NL,STL,14,0,2.0,,,12.2,11,8,8,9,12,2,2,5.68,47,2,0,0,1,1,0,0,0,59,272,0.64,0.15,0.12,0.42,0.19,0.06,1.579,0.265,8.5,1.33,676831,2022
Garrett Whitlock,26,1472,Maj-AL,BOS,31,9,4.0,2.0,6.0,78.1,65,32,30,15,82,10,1,3.45,293,14,1,0,5,2,6,1,0,311,1166,0.68,0.17,0.14,0.41,0.23,0.11,1.021,0.271,9.4,5.47,676477,2022
Rowan Wick,29,1453,Maj-NL,CHC,64,0,4.0,7.0,9.0,64.0,79,37,30,29,69,9,1,4.22,259,13,2,2,7,4,5,1,0,294,1153,0.65,0.17,0.1,0.45,0.27,0.06,1.688,0.378,9.7,2.38,592858,2022
Taylor Widener,27,1454,Maj-NL,ARI,14,0,,1.0,,17.1,22,8,7,5,14,2,3,3.63,74,4,0,1,0,0,2,0,0,82,328,0.68,0.15,0.1,0.32,0.25,0.12,1.558,0.345,7.3,2.8,642203,2022
Devin Williams,27,1457,Maj-NL,MIL,65,0,6.0,4.0,15.0,60.2,31,17,13,30,96,2,3,1.93,205,5,0,1,4,2,6,2,1,240,1068,0.63,0.16,0.18,0.5,0.23,0.05,1.005,0.266,14.2,3.2,642207,2022
Justin Wilson,34,1618,Maj-NL,CIN,5,0,,1.0,,3.2,3,1,1,0,7,0,0,2.45,13,2,0,0,1,0,0,0,0,13,54,0.69,0.22,0.19,0.5,0.5,0.0,0.818,0.5,17.2,,458677,2022
Steven Wilson,27,1436,Maj-NL,SDP,54,1,4.0,2.0,1.0,56.2,38,22,20,23,57,8,4,3.18,201,8,0,0,2,3,2,0,1,232,951,0.63,0.16,0.13,0.25,0.25,0.16,1.076,0.216,9.1,2.48,621051,2022
Josh Winckowski,24,1457,Maj-AL,BOS,15,14,5.0,7.0,,70.1,85,47,46,27,44,10,2,5.89,283,14,5,1,7,4,4,1,1,316,1194,0.63,0.19,0.07,0.53,0.23,0.06,1.592,0.322,5.6,1.63,670174,2022
Josh Winder,25,1454,Maj-AL,MIN,15,11,4.0,6.0,,67.0,69,37,35,18,47,11,5,4.7,261,18,0,0,4,3,10,2,0,287,1114,0.64,0.16,0.1,0.34,0.25,0.07,1.299,0.282,6.3,2.61,680739,2022
Matt Wisler,29,1484,Maj-AL,TBR,39,5,3.0,3.0,1.0,44.0,30,18,11,14,35,6,0,2.25,159,8,1,1,2,1,3,0,0,176,749,0.64,0.17,0.11,0.27,0.17,0.17,1.0,0.202,7.2,2.5,605538,2022
Nick Wittgren,31,1554,Maj-NL,STL,29,0,1.0,,1.0,29.0,35,19,19,10,17,1,4,5.9,117,7,2,0,2,2,0,0,0,134,481,0.64,0.17,0.07,0.44,0.26,0.06,1.552,0.337,5.3,1.7,621295,2022
Jake Woodford,25,1453,Maj-NL,STL,27,1,4.0,,,48.1,43,13,12,11,24,1,1,2.23,173,7,1,1,10,3,1,0,0,188,697,0.65,0.16,0.08,0.53,0.2,0.09,1.117,0.278,4.5,2.18,663765,2022
Brandon Woodruff,29,1455,Maj-NL,MIL,27,27,13.0,4.0,,153.1,122,56,52,42,190,18,5,3.05,568,28,2,0,7,2,9,5,0,620,2538,0.66,0.17,0.14,0.38,0.23,0.09,1.07,0.287,11.2,4.52,605540,2022
Simeon Woods Richardson,21,1456,Maj-AL,MIN,1,1,,1.0,,5.0,3,3,2,2,3,1,0,3.6,18,0,0,0,0,0,1,0,0,20,91,0.67,0.1,0.1,0.2,0.47,0.07,1.0,0.143,5.4,1.5,680573,2022
William Woods,23,1610,Maj-NL,ATL,2,0,,,,2.0,2,0,0,1,2,0,0,0.0,7,0,0,0,1,0,0,0,0,8,31,0.58,0.19,0.1,0.2,0.4,0.0,1.5,0.4,9.0,2.0,682016,2022
Kyle Wright,26,1446,Maj-NL,ATL,31,31,22.0,5.0,,186.1,158,67,64,54,180,19,9,3.09,692,22,1,0,25,3,3,2,2,759,2780,0.67,0.18,0.12,0.55,0.22,0.04,1.138,0.28,8.7,3.33,657140,2022
Jimmy Yacabonis,30,1453,"Maj-AL,Maj-NL","MIA,TBR",14,1,1.0,1.0,,14.0,20,15,13,10,21,4,2,8.36,61,6,0,0,1,0,0,1,1,73,292,0.6,0.26,0.09,0.25,0.4,0.08,2.143,0.444,13.5,2.1,642231,2022
Ryan Yarbrough,30,1466,Maj-AL,TBR,20,9,3.0,8.0,,80.0,88,44,40,22,61,12,11,4.5,319,19,0,0,7,2,6,3,1,355,1353,0.66,0.16,0.1,0.39,0.22,0.11,1.375,0.306,6.9,2.77,642232,2022
Kirby Yates,35,1478,Maj-NL,ATL,9,0,,,,7.0,6,4,4,5,6,2,0,5.14,27,3,0,0,0,1,0,0,0,33,137,0.57,0.15,0.12,0.36,0.09,0.09,1.571,0.2,7.7,1.2,489446,2022
Huascar Ynoa,24,1623,Maj-NL,ATL,2,2,,2.0,,6.2,11,10,10,6,8,2,0,13.5,31,2,0,0,0,0,1,0,0,37,147,0.55,0.12,0.1,0.52,0.17,0.0,2.55,0.429,10.8,1.33,660623,2022
Alex Young,28,1453,"Maj-AL,Maj-NL","CLE,San Francisco",25,1,1.0,1.0,,26.2,29,11,7,11,21,0,1,2.36,103,8,1,0,7,1,1,0,0,116,445,0.64,0.14,0.16,0.54,0.24,0.04,1.5,0.349,7.1,1.91,622065,2022
Danny Young,28,1504,"Maj-AL,Maj-NL","ATL,SEA",3,0,,,,6.1,11,3,3,2,6,1,0,4.26,30,2,0,0,0,0,0,0,0,32,126,0.71,0.29,0.1,0.5,0.33,0.0,2.053,0.435,8.5,3.0,664849,2022
Aneurys Zabala,25,1518,Maj-NL,MIA,2,0,,,,2.2,3,0,0,1,2,0,0,0.0,9,1,0,0,1,1,1,0,0,11,43,0.63,0.16,0.14,0.25,0.25,0.0,1.5,0.375,6.8,2.0,656008,2022
Rob Zastryzny,30,1453,"Maj-AL,Maj-NL","LAD,New York",6,0,,,,4.0,3,4,3,1,3,0,0,6.75,15,1,1,0,0,0,1,0,0,16,72,0.65,0.11,0.11,0.42,0.25,0.0,1.0,0.25,6.8,3.0,642239,2022
Angel Zerpa,22,1524,Maj-AL,KCR,3,2,2.0,1.0,,11.0,9,3,2,3,3,2,0,1.64,41,0,0,0,1,0,0,0,0,44,157,0.63,0.2,0.04,0.53,0.18,0.08,1.091,0.194,2.5,1.0,672582,2022
T.J. Zeuch,26,1495,Maj-NL,CIN,3,3,,3.0,,10.2,24,18,18,7,5,5,3,15.19,53,1,0,0,2,1,2,0,0,64,250,0.59,0.16,0.07,0.49,0.22,0.06,2.906,0.432,4.2,0.71,643615,2022
Bruce Zimmermann,27,1483,Maj-AL,BAL,15,13,2.0,5.0,,73.2,97,52,49,12,49,21,2,5.99,302,21,2,0,13,3,2,0,0,320,1130,0.67,0.16,0.09,0.4,0.26,0.07,1.48,0.323,6.0,4.08,669145,2022
Andrew Abbott,24,1096,Maj-NL,CIN,21,21,8.0,6.0,,109.1,100,47,47,44,120,16,1,3.87,409,24,1,0,6,5,7,4,3,459,1898,0.63,0.16,0.11,0.3,0.25,0.09,1.317,0.302,9.9,2.73,671096,2023
Bryan Abreu,26,1070,Maj-AL,HOU,81,0,3.0,2.0,5.0,80.1,50,21,18,33,114,7,5,2.02,279,12,0,0,6,3,5,2,0,322,1344,0.63,0.17,0.17,0.39,0.25,0.07,1.033,0.267,12.8,3.45,650556,2023
Jason Adam,31,1101,Maj-AL,TBR,56,0,4.0,2.0,12.0,54.1,35,21,18,20,69,7,9,2.98,193,8,1,0,4,0,10,2,0,222,905,0.64,0.18,0.15,0.42,0.18,0.1,1.012,0.239,11.4,3.45,592094,2023
Austin Adams,32,1153,Maj-NL,ARI,24,0,,1.0,,17.1,16,12,11,8,22,1,5,5.71,68,1,0,0,0,0,5,0,0,81,362,0.62,0.16,0.12,0.39,0.24,0.13,1.385,0.333,11.4,2.75,613534,2023
Ty Adcock,26,1167,Maj-AL,SEA,12,0,,,,15.2,11,7,6,0,11,4,0,3.45,58,1,1,0,1,0,1,0,1,58,207,0.71,0.14,0.11,0.38,0.28,0.04,0.702,0.163,6.3,,686654,2023
Keegan Akin,28,1187,Maj-AL,BAL,24,1,2.0,2.0,,23.2,35,22,18,7,27,2,0,6.85,104,6,2,2,1,1,0,2,1,112,452,0.71,0.17,0.13,0.36,0.29,0.08,1.775,0.434,10.3,3.86,669211,2023
Hanser Alberto,30,1270,Maj-AL,CHC,2,0,,,,1.2,6,4,4,1,1,1,0,21.6,11,0,0,0,0,0,0,0,0,12,33,0.61,0.06,0.0,0.3,0.3,0.1,4.2,0.556,5.4,1.0,593643,2023
Jorge Alcala,27,1092,Maj-AL,MIN,11,0,,1.0,,17.1,14,13,12,10,16,5,1,6.23,63,3,0,0,2,1,3,0,0,75,319,0.6,0.19,0.1,0.38,0.21,0.02,1.385,0.209,8.3,1.6,660896,2023
Sandy Alcantara,27,1120,Maj-NL,MIA,28,28,7.0,12.0,,184.2,176,91,85,48,151,22,5,4.14,700,30,1,0,18,6,17,3,3,762,2722,0.69,0.15,0.13,0.52,0.22,0.05,1.213,0.289,7.4,3.15,645261,2023
Tyler Alexander,28,1183,Maj-AL,DET,25,1,2.0,1.0,,44.0,44,25,22,5,44,8,2,4.5,172,10,0,0,6,1,1,0,0,181,679,0.7,0.21,0.08,0.33,0.24,0.08,1.114,0.298,9.0,8.8,641302,2023
Kolby Allard,25,1169,Maj-NL,ATL,4,3,,1.0,,12.1,16,9,9,4,13,2,0,6.57,52,3,0,0,1,0,1,0,0,56,200,0.66,0.17,0.11,0.31,0.33,0.05,1.622,0.378,9.5,3.25,663465,2023
Logan Allen,24,1104,Maj-AL,CLE,24,24,7.0,8.0,,125.1,127,55,53,48,119,16,1,3.81,483,28,0,0,11,2,0,5,1,537,2134,0.64,0.16,0.11,0.43,0.25,0.07,1.396,0.317,8.5,2.48,671106,2023
Yency Almonte,29,1143,Maj-NL,LAD,49,0,3.0,2.0,,48.0,43,30,27,24,49,6,4,5.06,180,6,0,2,7,0,3,1,0,208,801,0.61,0.18,0.12,0.43,0.23,0.07,1.396,0.296,9.2,2.04,622075,2023
Jos\xc3\xa9 Alvarado,28,1069,Maj-NL,PHI,50,0,,2.0,10.0,49.1,37,16,9,21,70,3,0,1.64,182,10,0,2,2,1,3,1,0,205,855,0.65,0.15,0.15,0.53,0.3,0.04,1.176,0.309,12.8,3.33,621237,2023
Adbert Alzolay,28,1094,Maj-NL,CHC,58,0,2.0,5.0,22.0,64.0,52,23,19,13,67,5,5,2.67,231,8,1,0,8,3,6,3,1,253,962,0.67,0.16,0.14,0.43,0.27,0.06,1.016,0.29,9.4,5.15,640470,2023
Chase Anderson,35,1097,"Maj-AL,Maj-NL","Colorado,TBR",19,17,1.0,6.0,1.0,86.1,90,53,52,33,64,17,7,5.42,329,11,2,0,9,2,4,4,0,372,1447,0.61,0.14,0.09,0.36,0.24,0.05,1.425,0.292,6.7,1.94,502624,2023
Grant Anderson,26,1129,Maj-AL,TEX,26,0,2.0,1.0,,35.2,38,20,20,14,30,5,1,5.05,137,6,0,1,3,2,5,2,0,154,600,0.64,0.19,0.08,0.46,0.22,0.09,1.458,0.317,7.6,2.14,681982,2023
Nick Anderson,32,1178,Maj-NL,ATL,35,0,4.0,,1.0,35.1,30,14,12,9,36,3,0,3.06,131,9,0,0,2,1,0,2,0,141,548,0.69,0.21,0.12,0.41,0.26,0.11,1.104,0.29,9.2,4.0,623433,2023
Tyler Anderson,33,1107,Maj-AL,LAD,27,25,6.0,6.0,,141.0,146,90,85,64,119,20,7,5.43,549,40,2,1,7,7,7,2,0,629,2436,0.64,0.14,0.13,0.31,0.27,0.08,1.489,0.302,7.6,1.86,542881,2023
Clayton Andrews,26,1094,Maj-NL,MIL,4,0,,1.0,,3.1,10,11,10,2,4,3,0,27.0,20,1,1,0,0,0,0,0,0,22,87,0.62,0.2,0.08,0.44,0.25,0.0,3.6,0.538,10.8,2.0,677076,2023
Tejay Antone,29,1110,Maj-NL,CIN,5,1,,,,5.2,3,1,1,2,7,0,0,1.59,19,1,0,0,1,0,0,0,0,21,90,0.66,0.24,0.1,0.67,0.17,0.0,0.882,0.25,11.1,3.5,622088,2023
Shawn Armstrong,32,1089,Maj-AL,TBR,40,6,1.0,,,53.0,37,12,8,11,55,2,4,1.36,195,8,1,0,2,1,1,0,0,211,818,0.69,0.15,0.13,0.38,0.26,0.1,0.906,0.252,9.3,5.0,542888,2023
Graham Ashcraft,25,1122,Maj-NL,CIN,26,26,7.0,9.0,,145.2,148,78,77,52,111,23,10,4.76,558,23,4,0,21,2,10,4,1,624,2324,0.65,0.17,0.1,0.48,0.24,0.05,1.373,0.293,6.9,2.13,668933,2023
Javier Assad,25,1093,Maj-NL,CHC,32,10,5.0,3.0,,109.1,93,38,37,41,94,13,3,3.05,402,18,3,1,10,2,8,3,2,449,1711,0.61,0.18,0.08,0.47,0.22,0.08,1.226,0.269,7.7,2.29,665871,2023
Pedro Avila,26,1092,Maj-NL,SDP,14,6,2.0,2.0,,50.1,43,23,18,25,54,3,5,3.22,187,11,0,0,6,1,3,0,0,220,895,0.61,0.15,0.12,0.6,0.22,0.02,1.351,0.305,9.7,2.16,658648,2023
Sam Bachman,23,1182,Maj-AL,LAD,11,0,1.0,2.0,1.0,17.0,17,7,6,11,14,0,1,3.18,65,0,1,1,4,0,0,0,0,77,316,0.6,0.16,0.11,0.59,0.25,0.02,1.647,0.333,7.4,1.27,696147,2023
Bryan Baker,28,1085,Maj-AL,BAL,47,0,4.0,3.0,,45.1,33,22,21,27,51,4,1,4.17,158,8,0,2,2,3,2,5,1,190,805,0.61,0.14,0.09,0.35,0.23,0.07,1.324,0.274,10.1,1.89,641329,2023
Jordan Balazovic,24,1135,Maj-AL,MIN,18,0,1.0,,,24.1,26,13,12,12,17,5,0,4.44,95,3,1,0,3,1,0,0,0,108,392,0.62,0.16,0.08,0.44,0.19,0.05,1.562,0.284,6.3,1.42,666364,2023
Tanner Banks,31,1093,Maj-AL,CHC,32,3,1.0,4.0,1.0,61.0,59,32,30,16,51,10,4,4.43,232,13,4,1,6,3,8,1,0,255,1008,0.63,0.17,0.1,0.37,0.24,0.05,1.23,0.282,7.5,3.19,621383,2023
Joe Barlow,27,1184,Maj-AL,TEX,13,0,1.0,1.0,,9.2,13,5,5,2,6,2,0,4.66,42,2,0,0,0,0,1,0,0,44,147,0.69,0.18,0.13,0.33,0.14,0.11,1.552,0.324,5.6,3.0,669618,2023
Scott Barlow,30,1092,"Maj-AL,Maj-NL","KCR,SDP",63,0,2.0,6.0,13.0,68.0,61,39,33,34,79,4,5,4.37,252,10,1,3,5,6,11,0,0,299,1198,0.64,0.2,0.13,0.44,0.29,0.08,1.397,0.326,10.5,2.32,605130,2023
Jacob Barnes,33,1094,Maj-NL,STL,13,0,,1.0,,13.2,18,11,9,3,8,1,1,5.93,57,4,1,0,1,0,1,1,0,61,209,0.67,0.13,0.1,0.41,0.2,0.08,1.537,0.354,5.3,2.67,606930,2023
Matt Barnes,33,1214,Maj-NL,MIA,24,1,1.0,,,21.1,25,13,13,10,20,2,1,5.48,88,3,0,1,2,0,5,0,0,99,400,0.59,0.2,0.08,0.5,0.26,0.09,1.641,0.348,8.4,2.0,598264,2023
Tucker Barnhart,32,1147,Maj-NL,CHC,4,0,,,,4.0,7,1,1,0,0,0,0,2.25,19,0,0,0,0,0,0,0,0,19,42,0.67,0.17,0.02,0.42,0.26,0.16,1.75,0.368,0.0,,571466,2023
Kyle Barraclough,33,1126,Maj-AL,BOS,3,0,1.0,1.0,,7.2,14,11,11,6,4,3,4,12.91,35,1,1,0,0,1,1,0,0,46,156,0.56,0.12,0.07,0.38,0.19,0.09,2.609,0.379,4.7,0.67,607457,2023
Jaime Barria,26,1098,Maj-AL,LAD,34,6,2.0,6.0,,82.1,91,63,52,30,62,20,2,5.68,328,17,0,6,7,2,0,1,2,362,1351,0.64,0.15,0.1,0.36,0.24,0.07,1.47,0.286,6.8,2.07,642545,2023
Anthony Bass,35,1210,Maj-AL,TOR,22,0,,,,20.0,19,12,11,9,19,3,0,4.95,77,7,0,2,1,2,2,0,1,88,325,0.65,0.21,0.12,0.38,0.28,0.05,1.4,0.281,8.6,2.11,542914,2023
Chris Bassitt,34,1095,Maj-AL,TOR,33,33,16.0,8.0,,200.0,176,88,80,59,186,28,12,3.6,749,38,2,2,14,5,14,6,2,826,3140,0.66,0.19,0.1,0.43,0.23,0.07,1.175,0.274,8.4,3.15,605135,2023
Peyton Battenfield,25,1229,Maj-AL,CLE,7,6,,5.0,,34.2,34,22,20,12,27,7,0,5.19,133,8,0,0,4,1,2,0,0,146,551,0.65,0.15,0.12,0.42,0.24,0.04,1.327,0.27,7.0,2.25,685410,2023
Mike Baumann,27,1102,Maj-AL,BAL,60,0,10.0,1.0,,64.2,52,29,27,33,61,7,2,3.76,235,12,1,2,7,2,10,1,1,273,1071,0.63,0.15,0.11,0.43,0.23,0.04,1.314,0.266,8.5,1.85,657508,2023
F\xc3\xa9lix Bautista,28,1129,Maj-AL,BAL,56,0,8.0,2.0,33.0,61.0,30,14,10,26,110,4,2,1.48,209,3,0,0,3,0,10,2,0,237,984,0.65,0.14,0.21,0.36,0.22,0.09,0.918,0.274,16.2,4.23,642585,2023
Eduard Bazardo,27,1093,Maj-AL,"BAL,SEA",12,0,,,,16.0,15,8,8,4,15,2,0,4.5,63,6,0,0,0,0,2,0,0,67,270,0.69,0.16,0.13,0.4,0.29,0.13,1.188,0.283,8.4,3.75,660825,2023
Jalen Beeks,29,1103,Maj-AL,TBR,30,8,2.0,3.0,1.0,42.1,42,28,28,21,47,4,1,5.95,167,10,0,0,2,2,0,0,0,192,731,0.62,0.16,0.13,0.46,0.24,0.04,1.488,0.322,10.0,2.24,656222,2023
Andrew Bellatti,31,1112,Maj-NL,PHI,27,0,1.0,,,24.2,25,15,14,12,25,4,0,5.11,100,5,1,0,0,1,3,0,0,113,456,0.63,0.15,0.16,0.32,0.25,0.09,1.5,0.292,9.1,2.08,571479,2023
Brayan Bello,24,1096,Maj-AL,BOS,28,28,12.0,11.0,,157.0,165,77,74,45,132,24,6,4.24,611,36,2,0,23,5,9,3,2,668,2616,0.63,0.15,0.11,0.56,0.19,0.04,1.338,0.307,7.6,2.93,678394,2023
Brennan Bernardino,31,1092,Maj-AL,BOS,55,6,2.0,1.0,,50.2,48,19,18,18,58,4,6,3.2,192,10,1,1,6,0,2,1,2,216,865,0.62,0.22,0.09,0.49,0.28,0.07,1.303,0.338,10.3,3.22,657514,2023
Jos\xc3\xa9 Berr\xc3\xados,29,1089,Maj-AL,TOR,33,33,11.0,13.0,,192.2,176,83,78,53,189,25,9,3.64,728,33,2,3,14,2,12,4,3,794,2985,0.65,0.18,0.11,0.42,0.27,0.06,1.189,0.293,8.8,3.57,621244,2023
Prelander Berroa,23,1092,Maj-AL,SEA,2,0,,,,1.2,0,0,0,3,3,0,0,0.0,5,0,0,0,0,0,0,0,0,8,41,0.46,0.17,0.15,0.5,0.0,0.0,1.8,0.0,16.2,1.0,672860,2023
Christian Bethancourt,31,1223,Maj-AL,TBR,1,0,,,,0.1,3,3,3,0,0,1,0,81.0,4,1,0,0,0,0,0,0,0,4,10,0.8,0.3,0.0,0.0,0.75,0.0,9.0,0.667,0.0,,542194,2023
Tanner Bibee,24,1107,Maj-AL,CLE,25,25,10.0,4.0,,142.0,122,49,47,45,141,13,5,2.98,530,26,0,0,7,4,9,1,3,585,2323,0.64,0.16,0.11,0.37,0.26,0.08,1.176,0.287,8.9,3.13,676440,2023
Phil Bickford,27,1093,Maj-NL,"LAD,New York",61,0,5.0,5.0,1.0,67.1,59,41,37,39,76,8,4,4.95,257,14,2,4,1,1,18,0,0,304,1232,0.63,0.14,0.13,0.29,0.24,0.14,1.455,0.293,10.2,1.95,641360,2023
Shane Bieber,28,1096,Maj-AL,CLE,21,21,6.0,6.0,,128.0,124,56,54,34,107,14,3,3.8,490,29,2,0,14,4,11,5,2,533,1957,0.65,0.19,0.11,0.48,0.26,0.04,1.234,0.295,7.5,3.15,669456,2023
Brandon Bielak,27,1130,Maj-AL,HOU,15,13,5.0,6.0,,80.0,86,43,34,36,62,12,5,3.83,311,19,1,0,12,0,5,6,1,353,1394,0.59,0.14,0.1,0.51,0.22,0.04,1.525,0.312,7.0,1.72,656232,2023
Ronel Blanco,29,1128,Maj-AL,HOU,17,7,2.0,1.0,,52.0,49,29,26,28,52,12,2,4.5,195,5,0,0,9,1,2,0,0,226,905,0.62,0.11,0.16,0.35,0.26,0.04,1.481,0.28,9.0,1.86,669854,2023
Richard Bleier,36,1148,Maj-AL,BOS,27,0,1.0,,,30.2,37,20,18,5,16,5,3,5.28,121,6,0,1,8,1,1,0,0,132,460,0.72,0.17,0.09,0.56,0.21,0.07,1.37,0.317,4.7,3.2,542947,2023
Caleb Boushley,29,1094,Maj-NL,MIL,1,0,1.0,,,2.1,1,1,1,2,5,1,0,3.86,8,0,0,1,0,0,1,0,0,10,38,0.61,0.11,0.18,0.33,0.33,0.0,1.286,0.0,19.3,2.5,676961,2023
Jonathan Bowlan,26,1094,Maj-AL,KCR,2,1,,1.0,,3.0,5,1,1,0,3,1,0,3.0,14,0,0,0,0,0,0,0,0,14,56,0.66,0.07,0.16,0.27,0.18,0.09,1.667,0.4,9.0,,680742,2023
Brad Boxberger,35,1102,Maj-NL,CHC,22,0,,1.0,2.0,20.0,15,11,11,11,17,3,1,4.95,72,3,1,1,2,0,4,0,0,84,339,0.6,0.19,0.09,0.44,0.25,0.05,1.3,0.231,7.7,1.55,502202,2023
Matthew Boyd,32,1189,Maj-AL,DET,15,15,5.0,5.0,,71.0,69,46,43,25,73,11,2,5.45,276,15,0,0,5,0,2,2,2,303,1176,0.64,0.14,0.14,0.39,0.22,0.08,1.324,0.302,9.3,2.92,571510,2023
Silvino Bracho,30,1191,Maj-NL,CIN,5,0,,,,7.1,5,3,3,6,6,0,0,3.68,25,1,0,0,1,0,1,0,0,31,126,0.6,0.22,0.1,0.32,0.21,0.32,1.5,0.263,7.4,1.0,611093,2023
Cody Bradford,25,1062,Maj-AL,TEX,25,8,5.0,3.0,,63.2,60,34,34,12,56,12,1,4.81,242,17,2,0,4,5,3,0,0,261,1079,0.67,0.18,0.1,0.33,0.24,0.09,1.131,0.268,7.9,4.67,674003,2023
Kyle Bradish,26,1086,Maj-AL,BAL,31,31,12.0,8.0,,173.1,139,56,55,45,177,14,8,2.86,636,30,1,0,19,2,3,2,0,693,2725,0.64,0.18,0.11,0.49,0.26,0.03,1.062,0.28,9.2,3.93,680694,2023
Archie Bradley,30,1185,Maj-NL,MIA,4,0,,,,7.1,13,10,9,3,7,2,1,11.05,35,2,1,0,0,0,1,1,0,39,149,0.64,0.21,0.07,0.36,0.29,0.04,2.182,0.423,8.6,2.33,605151,2023
Taj Bradley,22,1092,Maj-AL,TBR,23,21,5.0,8.0,,104.2,106,69,65,39,129,23,1,5.59,416,25,3,0,2,4,0,0,0,460,1821,0.65,0.15,0.11,0.36,0.28,0.12,1.385,0.31,11.1,3.31,671737,2023
Matt Brash,25,1093,Maj-AL,SEA,78,0,9.0,4.0,4.0,70.2,65,26,24,29,107,3,6,3.06,269,9,2,0,3,4,5,0,0,308,1306,0.62,0.18,0.16,0.46,0.2,0.04,1.33,0.38,13.6,3.69,666374,2023
Ryan Brasier,35,1084,"Maj-AL,Maj-NL","BOS,LAD",60,0,3.0,,2.0,62.0,43,25,21,19,59,4,3,3.05,220,9,0,1,7,3,8,2,0,245,929,0.66,0.15,0.12,0.44,0.24,0.08,1.0,0.244,8.6,3.11,518489,2023
Huascar Brazob\xc3\xa1n,33,1090,Maj-NL,MIA,51,0,5.0,2.0,,59.2,53,28,27,32,67,5,4,4.07,221,8,0,2,5,3,12,0,2,261,1032,0.63,0.16,0.14,0.52,0.23,0.08,1.425,0.316,10.1,2.09,623211,2023
Beau Brieske,25,1093,Maj-AL,DET,25,1,2.0,3.0,2.0,35.0,36,14,14,12,31,4,0,3.6,139,9,0,0,0,1,1,0,0,152,637,0.63,0.14,0.1,0.43,0.25,0.06,1.371,0.305,8.0,2.58,689225,2023
Braden Bristo,28,1201,Maj-AL,"DET,TBR",3,0,,,1.0,7.0,5,3,2,4,5,0,0,2.57,26,0,0,1,0,0,1,0,0,30,114,0.65,0.16,0.11,0.38,0.14,0.24,1.286,0.238,6.4,1.25,668754,2023
Connor Brogdon,28,1211,Maj-NL,PHI,27,1,2.0,1.0,,29.0,29,14,13,13,26,5,1,4.03,110,4,2,0,0,3,5,1,0,127,545,0.63,0.16,0.12,0.38,0.2,0.09,1.448,0.293,8.1,2.0,641401,2023
Mike Brosseau,29,1220,Maj-NL,MIL,3,0,,,,2.1,1,1,1,1,0,1,0,3.86,8,0,0,0,0,0,0,0,0,9,30,0.63,0.1,0.03,0.5,0.13,0.0,0.857,0.0,0.0,0.0,670712,2023
Hunter Brown,24,1070,Maj-AL,HOU,35,29,11.0,13.0,,162.2,163,96,90,56,184,27,9,4.98,624,35,2,0,17,2,16,7,2,691,2835,0.63,0.17,0.1,0.52,0.22,0.05,1.346,0.328,10.2,3.29,686613,2023
Justin Bruihl,26,1130,Maj-NL,"Colorado,LAD",27,0,1.0,,,28.0,28,18,17,11,22,2,3,5.46,105,9,0,2,2,2,4,1,0,121,438,0.64,0.18,0.11,0.49,0.26,0.04,1.393,0.313,7.1,2.0,677865,2023
Kris Bubic,25,1261,Maj-AL,KCR,3,3,,2.0,,16.0,19,7,7,2,16,1,1,3.94,65,3,0,0,1,0,1,0,0,68,265,0.67,0.13,0.15,0.53,0.18,0.04,1.313,0.375,9.0,8.0,663460,2023
JB Bukauskas,26,1099,"Maj-AL,Maj-NL","MIL,SEA",6,0,,,,7.0,6,2,1,3,7,0,1,1.29,26,1,0,1,1,0,1,0,0,30,102,0.63,0.14,0.11,0.79,0.21,0.0,1.286,0.316,9.0,2.33,656266,2023
Madison Bumgarner,33,1257,Maj-NL,ARI,4,4,,3.0,,16.2,25,20,19,15,10,4,1,10.26,72,8,0,0,0,2,3,1,0,90,350,0.57,0.14,0.06,0.36,0.25,0.09,2.4,0.35,5.4,0.67,518516,2023
Aaron Bummer,29,1095,Maj-AL,CHC,61,0,5.0,5.0,,58.1,53,45,44,36,78,4,5,6.79,225,13,0,3,3,1,17,1,0,267,1101,0.62,0.22,0.12,0.6,0.22,0.02,1.526,0.34,12.0,2.17,607481,2023
Nick Burdi,30,1226,Maj-NL,CHC,3,0,,,,3.0,3,3,3,3,4,0,0,9.0,11,1,1,0,0,1,0,0,0,15,58,0.64,0.07,0.17,0.25,0.25,0.0,2.0,0.375,12.0,1.33,595897,2023
Zack Burdi,28,1223,Maj-AL,TBR,3,0,,,,4.0,6,6,5,2,5,0,0,11.25,17,2,1,0,0,1,2,0,0,20,75,0.65,0.2,0.19,0.38,0.46,0.0,2.0,0.462,11.3,2.5,641420,2023
Brock Burke,26,1062,Maj-AL,TEX,55,0,5.0,3.0,,60.1,68,37,34,10,52,13,2,5.07,242,6,1,4,5,2,1,0,0,257,940,0.69,0.13,0.11,0.39,0.22,0.07,1.293,0.307,7.8,5.2,656271,2023
Alec Burleson,24,1181,Maj-NL,STL,2,0,,,,1.2,8,4,4,0,1,1,0,21.6,13,0,0,0,0,0,0,0,0,13,45,0.67,0.04,0.09,0.33,0.33,0.08,4.8,0.636,5.4,,676475,2023
Corbin Burnes,28,1090,Maj-NL,MIL,33,33,10.0,9.0,,197.2,146,81,77,68,205,25,8,3.51,721,19,1,0,10,6,12,2,3,803,3173,0.63,0.17,0.12,0.44,0.26,0.06,1.083,0.243,9.3,3.01,669203,2023
Alan Busenitz,32,1092,Maj-NL,CIN,6,0,,,,7.0,8,2,2,1,5,0,0,2.57,28,2,0,1,1,0,1,0,0,29,107,0.74,0.19,0.1,0.39,0.3,0.04,1.286,0.348,6.4,5.0,641427,2023
Matt Bush,37,1185,Maj-NL,MIL,12,0,,2.0,1.0,10.1,11,11,11,6,10,5,0,9.58,42,3,0,0,0,0,1,0,0,48,194,0.63,0.19,0.13,0.31,0.31,0.06,1.645,0.222,8.7,1.67,456713,2023
Edward Cabrera,25,1094,Maj-NL,MIA,22,20,7.0,7.0,,99.2,78,48,47,66,118,11,4,4.24,363,18,0,0,11,1,16,2,1,434,1803,0.59,0.16,0.12,0.56,0.15,0.07,1.445,0.285,10.7,1.79,665795,2023
G\xc3\xa9nesis Cabrera,26,1090,"Maj-AL,Maj-NL","STL,TOR",62,0,2.0,1.0,,56.1,49,28,25,24,60,8,2,3.99,213,13,0,3,4,1,5,0,0,241,959,0.64,0.14,0.14,0.39,0.23,0.08,1.296,0.281,9.6,2.5,650893,2023
Kelvin C\xc3\xa1ceres,23,1093,Maj-AL,LAD,2,0,,,,1.1,2,1,1,2,1,0,0,6.75,5,0,0,0,0,0,0,0,0,8,36,0.53,0.11,0.11,0.8,0.0,0.0,3.0,0.5,6.8,0.5,680983,2023
Isaiah Campbell,25,1092,Maj-AL,SEA,27,0,4.0,1.0,1.0,28.2,22,9,9,13,33,2,1,2.83,105,3,1,1,5,1,4,0,0,120,479,0.63,0.16,0.13,0.4,0.25,0.05,1.221,0.282,10.4,2.54,663462,2023
Griffin Canning,27,1096,Maj-AL,LAD,24,22,7.0,8.0,,127.0,121,62,61,36,139,22,5,4.32,493,19,3,1,6,1,2,0,3,536,2177,0.65,0.17,0.13,0.43,0.21,0.06,1.236,0.297,9.9,3.86,656288,2023
Yennier Cano,29,1083,Maj-AL,BAL,74,0,1.0,4.0,8.0,74.0,62,20,18,14,65,4,3,2.19,272,17,0,2,9,0,7,1,0,290,1042,0.67,0.16,0.12,0.59,0.24,0.01,1.027,0.286,7.9,4.64,666974,2023
Drew Carlton,27,1185,Maj-NL,SDP,11,0,2.0,1.0,,20.2,18,12,10,6,18,2,1,4.35,74,4,0,0,2,1,0,1,0,85,330,0.67,0.17,0.09,0.46,0.27,0.05,1.161,0.291,7.8,3.0,656290,2023
Daniel Castano,28,1112,Maj-NL,MIA,2,0,,,,3.0,7,8,7,3,4,2,0,21.0,17,0,1,0,0,0,0,0,0,20,69,0.59,0.22,0.07,0.62,0.08,0.0,3.333,0.455,12.0,1.33,641447,2023
Diego Castillo,29,1253,Maj-AL,SEA,8,0,,,,8.2,7,6,6,7,7,2,1,6.23,33,1,0,0,0,0,0,0,0,41,162,0.63,0.12,0.1,0.54,0.04,0.12,1.615,0.208,7.3,1.0,650895,2023
Jos\xc3\xa9 Castillo,27,1181,Maj-NL,SDP,1,0,,,,0.1,2,4,4,2,0,0,1,108.0,2,0,1,0,0,1,0,0,0,6,23,0.35,0.13,0.0,0.33,0.33,0.0,12.0,0.667,0.0,0.0,620454,2023
Luis Castillo,30,1093,Maj-AL,SEA,33,33,14.0,9.0,,197.0,160,81,73,56,219,28,5,3.34,735,36,5,0,2,5,6,6,1,802,3208,0.67,0.14,0.15,0.39,0.24,0.09,1.096,0.268,10.0,3.91,622491,2023
Max Castillo,24,1137,Maj-AL,KCR,7,0,,1.0,,20.1,20,10,10,9,10,2,3,4.43,75,4,1,1,3,1,3,0,0,89,343,0.63,0.14,0.07,0.42,0.27,0.07,1.426,0.281,4.4,1.11,666721,2023
Miguel Castro,28,1062,Maj-NL,ARI,83,0,6.0,7.0,7.0,70.2,58,39,38,30,64,9,3,4.84,264,11,2,4,4,0,9,0,0,298,1118,0.64,0.18,0.12,0.46,0.27,0.07,1.245,0.257,8.2,2.13,612434,2023
Willi Castro,26,1119,Maj-AL,MIN,3,0,,,,2.1,3,3,3,2,0,0,0,11.57,8,0,0,0,1,1,0,0,0,11,36,0.47,0.08,0.0,0.56,0.22,0.0,2.143,0.333,0.0,0.0,650489,2023
Dylan Cease,27,1094,Maj-AL,CHC,33,33,7.0,9.0,,177.0,172,98,90,79,214,19,9,4.58,689,32,9,3,6,6,13,2,3,784,3262,0.62,0.16,0.14,0.37,0.28,0.08,1.418,0.331,10.9,2.71,656302,2023
Slade Cecconi,24,1072,Maj-NL,ARI,9,4,,1.0,,29.0,29,13,13,4,21,4,2,4.03,110,9,1,0,2,1,1,1,0,117,445,0.63,0.15,0.08,0.39,0.22,0.04,1.138,0.291,6.5,5.25,677944,2023
Luis Cessa,31,1239,Maj-NL,CIN,7,6,1.0,4.0,,26.0,46,26,26,12,11,3,1,9.0,116,11,2,0,5,2,0,0,0,132,464,0.63,0.16,0.06,0.38,0.38,0.07,2.231,0.413,3.8,0.92,570666,2023
Andrew Chafin,33,1092,Maj-NL,"ARI,MIL",63,0,3.0,4.0,8.0,51.1,45,30,27,28,63,6,1,4.73,195,11,3,0,5,0,2,2,0,224,921,0.6,0.17,0.13,0.4,0.27,0.08,1.422,0.31,11.0,2.25,605177,2023
Aroldis Chapman,35,1061,Maj-AL,"KCR,TEX",70,0,6.0,5.0,6.0,66.1,44,26,22,41,109,5,2,2.98,239,8,0,2,3,1,15,1,1,283,1137,0.63,0.18,0.17,0.48,0.24,0.08,1.281,0.31,14.8,2.66,547973,2023
JT Chargois,32,1089,Maj-NL,MIA,47,5,1.0,,1.0,43.0,36,17,17,19,35,3,0,3.56,154,14,0,2,7,3,5,1,1,178,710,0.6,0.2,0.08,0.54,0.22,0.03,1.279,0.277,7.3,1.84,608638,2023
Jesse Chavez,39,1092,Maj-NL,ATL,36,1,1.0,,1.0,34.2,26,10,6,12,39,2,3,1.56,128,4,1,0,3,1,3,1,0,144,581,0.64,0.22,0.1,0.52,0.28,0.08,1.096,0.273,10.1,3.25,445926,2023
Yonny Chirinos,29,1135,"Maj-AL,Maj-NL","ATL,TBR",20,9,5.0,5.0,,85.0,91,53,51,27,53,15,5,5.4,331,22,1,0,9,3,3,1,1,367,1342,0.64,0.15,0.08,0.46,0.27,0.05,1.388,0.286,5.6,1.96,630023,2023
Adam Cimber,32,1197,Maj-AL,TOR,22,0,,2.0,1.0,20.2,25,18,17,7,12,6,4,7.4,83,2,0,0,4,1,2,1,0,95,372,0.66,0.19,0.06,0.49,0.25,0.04,1.548,0.288,5.2,1.71,643256,2023
Jos\xc3\xa9 Cisnero,34,1094,Maj-AL,DET,63,0,3.0,4.0,2.0,59.1,63,39,35,25,70,10,5,5.31,233,9,1,2,5,2,4,1,0,267,986,0.65,0.16,0.11,0.44,0.23,0.13,1.483,0.342,10.6,2.8,542585,2023
Aaron Civale,28,1094,Maj-AL,"CLE,TBR",23,23,7.0,5.0,,122.1,109,47,47,33,116,12,5,3.46,463,21,1,0,9,1,6,2,0,504,2009,0.66,0.19,0.1,0.4,0.24,0.09,1.161,0.289,8.5,3.52,650644,2023
Taylor Clarke,30,1092,Maj-AL,KCR,58,2,3.0,6.0,3.0,59.0,71,42,39,24,65,12,3,5.95,234,11,1,1,0,3,0,3,5,266,1068,0.65,0.15,0.13,0.32,0.25,0.11,1.61,0.369,9.9,2.71,664199,2023
Emmanuel Clase,25,1094,Maj-AL,CLE,75,0,3.0,9.0,44.0,72.2,68,37,26,16,64,4,1,3.22,281,12,0,2,5,3,10,0,0,302,1122,0.68,0.15,0.13,0.57,0.21,0.04,1.156,0.296,7.9,4.0,661403,2023
Alex Claudio,31,1252,Maj-NL,MIL,1,0,,,,0.1,2,0,0,0,0,0,0,0.0,3,0,0,0,0,0,0,0,0,3,4,1.0,0.25,0.0,0.0,1.0,0.0,6.0,0.667,0.0,,592222,2023
Garrett Cleavinger,29,1239,Maj-AL,TBR,15,0,1.0,,,12.0,6,5,4,6,14,2,1,3.0,41,1,0,0,2,0,1,0,0,48,215,0.61,0.19,0.11,0.41,0.26,0.0,1.0,0.16,10.5,2.33,664076,2023
Kody Clemens,27,1205,Maj-NL,PHI,4,0,,,,2.2,4,1,1,3,1,0,0,3.38,12,0,0,0,0,0,0,0,0,15,41,0.56,0.22,0.0,0.27,0.45,0.0,2.625,0.364,3.4,0.33,665019,2023
Ernie Clement,27,1196,Maj-AL,TOR,1,0,,,,1.0,3,1,1,0,0,0,1,9.0,6,0,0,0,0,0,0,0,0,7,20,0.7,0.15,0.0,0.5,0.33,0.0,3.0,0.5,0.0,,676391,2023
Mike Clevinger,32,1093,Maj-AL,CHC,24,24,9.0,9.0,,131.1,121,56,55,40,110,16,9,3.77,496,27,3,0,10,3,27,1,4,549,2097,0.66,0.17,0.1,0.31,0.23,0.12,1.226,0.282,7.5,2.75,605182,2023
Dylan Coleman,26,1133,Maj-AL,KCR,23,1,,2.0,,18.1,18,19,18,19,21,3,5,8.84,69,3,0,1,2,3,4,0,0,96,383,0.55,0.18,0.11,0.35,0.31,0.12,2.018,0.313,10.3,1.11,669395,2023
Alex Colom\xc3\xa9,34,1239,Maj-AL,CHC,4,0,,1.0,,3.0,2,4,2,3,2,1,0,6.0,12,1,0,0,1,0,0,0,0,15,62,0.61,0.08,0.13,0.8,0.1,0.0,1.667,0.111,6.0,0.67,517008,2023
Tom Cosgrove,27,1092,Maj-NL,SDP,54,0,1.0,2.0,1.0,51.1,31,12,10,19,44,3,5,1.75,179,2,1,1,2,1,1,1,0,205,837,0.65,0.19,0.11,0.42,0.15,0.11,0.974,0.211,7.7,2.32,676680,2023
Danny Coulombe,33,1085,Maj-AL,BAL,63,0,5.0,3.0,2.0,52.1,45,17,16,13,59,4,2,2.75,198,6,0,0,1,0,11,2,0,214,848,0.64,0.17,0.13,0.46,0.15,0.12,1.108,0.304,10.1,4.54,543056,2023
Jake Cousins,28,1212,Maj-NL,MIL,9,0,,,,9.1,10,5,5,10,7,1,0,4.82,35,0,1,0,1,0,0,1,1,45,202,0.54,0.17,0.1,0.64,0.18,0.0,2.143,0.333,6.8,0.7,664776,2023
Dylan Covey,31,1096,Maj-NL,"LAD,PHI",29,1,1.0,3.0,,43.0,48,22,18,17,30,5,2,3.77,170,5,1,1,5,2,1,0,1,191,735,0.62,0.15,0.07,0.54,0.25,0.06,1.512,0.314,6.3,1.76,592229,2023
Austin Cox,26,1115,Maj-AL,KCR,24,3,,1.0,1.0,35.2,28,20,18,17,33,2,2,4.54,127,5,2,0,3,3,3,1,2,149,578,0.62,0.18,0.11,0.37,0.28,0.05,1.262,0.274,8.3,1.94,680735,2023
Kutter Crawford,27,1093,Maj-AL,BOS,31,23,6.0,8.0,,129.1,107,59,58,36,135,17,5,4.04,484,26,2,0,9,2,8,2,1,527,2103,0.66,0.14,0.13,0.35,0.19,0.14,1.106,0.269,9.4,3.75,676710,2023
Nabil Crismatt,28,1128,Maj-NL,"ARI,SDP",8,0,,2.0,,13.0,19,13,12,7,12,3,1,8.31,57,3,0,0,0,0,1,1,0,65,262,0.59,0.15,0.13,0.53,0.2,0.0,2.0,0.381,8.3,1.71,622503,2023
Cooper Criswell,26,1093,Maj-AL,TBR,10,0,1.0,1.0,,33.0,40,23,21,11,27,6,4,5.73,135,9,0,1,4,1,2,1,0,151,554,0.65,0.19,0.08,0.43,0.32,0.04,1.545,0.33,7.4,2.45,681867,2023
Garrett Crochet,24,1092,Maj-AL,CHC,13,0,,2.0,,12.2,12,6,5,13,12,1,1,3.55,47,4,0,0,0,2,2,0,1,64,292,0.6,0.15,0.1,0.34,0.21,0.11,1.974,0.306,8.5,0.92,676979,2023
Declan Cronin,25,1092,Maj-AL,CHC,9,0,,1.0,,11.0,11,12,11,7,8,3,2,9.0,42,1,0,0,2,0,1,1,0,51,193,0.6,0.17,0.07,0.53,0.32,0.06,1.636,0.258,6.5,1.14,686539,2023
Fernando Cruz,33,1093,Maj-NL,CIN,58,2,1.0,2.0,,66.0,52,39,36,28,98,6,2,4.91,246,14,3,0,3,2,6,0,0,279,1122,0.63,0.14,0.16,0.3,0.28,0.07,1.212,0.319,13.4,3.5,518585,2023
Steven Cruz,24,1093,Maj-AL,KCR,10,4,,,,12.2,11,7,7,11,15,1,1,4.97,50,4,1,0,0,0,1,0,0,62,244,0.57,0.16,0.09,0.37,0.2,0.09,1.737,0.294,10.7,1.36,674444,2023
Jose Cuas,29,1094,"Maj-AL,Maj-NL","CHC,KCR",72,2,3.0,2.0,1.0,65.1,63,30,29,35,71,8,7,3.99,249,10,2,0,8,1,4,2,0,292,1176,0.61,0.16,0.13,0.45,0.26,0.07,1.5,0.322,9.8,2.03,621016,2023
Johnny Cueto,37,1096,Maj-NL,MIA,13,10,1.0,4.0,,52.1,51,36,35,15,39,17,3,6.02,199,6,0,0,7,1,0,0,1,218,855,0.66,0.14,0.09,0.34,0.23,0.09,1.261,0.236,6.7,2.6,456501,2023
Xzavion Curry,24,1093,Maj-AL,CLE,41,9,3.0,4.0,,95.0,98,47,43,30,67,12,2,4.07,367,22,2,1,7,4,10,1,1,404,1496,0.65,0.16,0.09,0.32,0.26,0.09,1.347,0.295,6.3,2.23,675540,2023
Tyler Cyr,30,1226,Maj-NL,LAD,2,0,,,,1.2,1,0,0,0,2,0,0,0.0,6,0,0,0,0,0,0,0,0,6,26,0.69,0.12,0.15,0.75,0.0,0.0,0.6,0.25,10.8,,664202,2023
Davis Daniel,26,1094,Maj-AL,LAD,3,0,1.0,1.0,,12.1,7,3,3,9,9,1,0,2.19,42,2,1,0,1,1,1,0,0,52,218,0.62,0.15,0.08,0.47,0.12,0.09,1.297,0.182,6.6,1.0,669721,2023
Hagen Danner,24,1143,Maj-AL,TOR,1,0,,,,0.1,0,0,0,0,0,0,0,0.0,1,0,0,0,0,0,0,0,0,1,2,1.0,0.5,0.0,0.0,1.0,0.0,0.0,0.0,0.0,,668470,2023
Yu Darvish,36,1129,Maj-NL,SDP,24,24,8.0,10.0,,136.1,134,71,69,43,141,18,8,4.56,517,25,2,0,12,6,17,4,0,574,2220,0.65,0.18,0.11,0.43,0.27,0.09,1.298,0.319,9.3,3.28,506433,2023
Tucker Davidson,27,1094,Maj-AL,"KCR,LAD",38,1,1.0,2.0,2.0,51.1,64,37,34,19,46,6,3,5.96,209,18,0,2,6,1,10,0,0,236,848,0.64,0.18,0.11,0.46,0.23,0.05,1.617,0.367,8.1,2.42,656353,2023
Zach Davies,30,1097,Maj-NL,ARI,18,18,2.0,5.0,,82.1,98,67,64,39,72,10,2,7.0,332,17,4,0,7,3,8,1,0,377,1498,0.59,0.18,0.08,0.44,0.26,0.05,1.664,0.348,7.9,1.85,605200,2023
Enmanuel De Jesus,26,1096,Maj-NL,MIA,2,0,,,,6.1,9,8,8,4,5,0,3,11.37,27,3,0,0,1,0,1,0,0,34,136,0.6,0.15,0.11,0.41,0.36,0.09,2.053,0.409,7.1,1.25,646241,2023
Jos\xc3\xa9 De Le\xc3\xb3n,30,1196,Maj-AL,MIN,12,1,,1.0,,17.1,16,10,9,5,17,2,1,4.67,64,1,0,0,3,0,1,0,0,70,284,0.68,0.2,0.11,0.4,0.28,0.15,1.212,0.311,8.8,3.4,592254,2023
Enyel De Los Santos,27,1092,Maj-AL,CLE,70,0,5.0,2.0,,65.2,50,26,24,25,62,4,4,3.29,232,15,0,1,5,1,5,1,4,262,1051,0.64,0.15,0.13,0.4,0.27,0.04,1.142,0.275,8.5,2.48,660853,2023
Jacob deGrom,35,1248,Maj-AL,TEX,6,6,2.0,,,30.1,19,11,9,4,45,2,0,2.67,111,7,2,0,0,0,5,1,0,115,451,0.67,0.16,0.2,0.38,0.21,0.11,0.758,0.266,13.4,11.25,594798,2023
Matt Dermody,32,1207,Maj-AL,BOS,1,1,,1.0,,4.0,4,3,3,1,1,2,1,6.75,15,0,0,0,1,0,0,0,0,17,76,0.59,0.11,0.07,0.5,0.29,0.07,1.25,0.167,2.3,1.0,571616,2023
Reid Detmers,23,1097,Maj-AL,LAD,28,28,4.0,10.0,,148.2,141,81,74,60,168,19,13,4.48,569,28,1,2,11,2,15,4,2,644,2600,0.64,0.15,0.12,0.37,0.29,0.06,1.352,0.318,10.2,2.8,672282,2023
Chris Devenski,32,1090,Maj-AL,"LAD,TBR",39,0,6.0,4.0,,44.1,37,24,21,11,42,6,1,4.26,164,4,1,1,2,3,10,0,0,180,704,0.64,0.15,0.13,0.42,0.21,0.06,1.083,0.261,8.5,3.82,606965,2023
Alexis D\xc3\xadaz,26,1093,Maj-NL,CIN,71,0,9.0,6.0,37.0,67.1,44,30,23,36,86,4,10,3.07,236,10,0,0,4,2,12,3,1,286,1164,0.6,0.13,0.15,0.4,0.21,0.12,1.188,0.27,11.5,2.39,664747,2023
Jhonathan D\xc3\xadaz,26,1101,Maj-AL,LAD,4,1,,,,7.0,13,11,8,7,4,0,2,10.29,31,5,0,0,0,2,1,1,1,42,160,0.58,0.16,0.07,0.45,0.21,0.07,2.857,0.448,5.1,0.57,646242,2023
Miguel D\xc3\xadaz,28,1093,Maj-AL,DET,12,3,1.0,,,14.0,8,1,1,5,16,0,0,0.64,49,2,0,0,0,0,1,0,0,54,208,0.64,0.17,0.13,0.39,0.21,0.09,0.929,0.242,10.3,3.2,622766,2023
Jake Diekman,36,1090,Maj-AL,"CHC,TBR",64,0,,2.0,,57.2,38,29,21,39,66,3,1,3.28,206,7,1,1,6,1,8,1,0,248,1017,0.61,0.2,0.1,0.46,0.2,0.08,1.335,0.254,10.3,1.69,518617,2023
Brandon Dixon,31,1262,Maj-NL,SDP,1,0,,,,1.0,0,0,0,0,0,0,0,0.0,3,0,0,0,0,0,0,0,0,3,7,0.57,0.14,0.0,0.33,0.0,0.0,0.0,0.0,0.0,,641525,2023
Dylan Dodd,25,1092,Maj-NL,ATL,7,7,2.0,2.0,,34.1,53,29,29,12,15,9,1,7.6,151,13,0,1,2,0,2,1,0,164,568,0.7,0.16,0.09,0.36,0.24,0.06,1.893,0.346,3.9,1.25,689266,2023
Seranthony Dom\xc3\xadnguez,28,1072,Maj-NL,PHI,63,0,5.0,5.0,2.0,55.1,54,26,21,25,55,7,6,3.42,217,4,0,0,3,2,4,0,1,250,948,0.62,0.12,0.13,0.42,0.24,0.11,1.428,0.299,8.9,2.2,622554,2023
Daniel Duarte,26,1096,Maj-NL,CIN,31,0,3.0,,1.0,31.2,24,14,13,20,23,5,1,3.69,114,2,0,0,4,1,2,2,1,136,572,0.62,0.14,0.1,0.5,0.15,0.12,1.389,0.218,6.5,1.15,650960,2023
Shawn Dubin,27,1183,Maj-AL,HOU,3,1,,,,9.0,12,7,7,3,11,1,1,7.0,37,4,0,0,1,1,0,0,0,42,172,0.63,0.13,0.1,0.44,0.22,0.0,1.667,0.423,11.0,3.67,681869,2023
Tyler Duffey,32,1092,Maj-NL,CHC,1,0,,,,2.0,1,1,1,0,3,1,0,4.5,7,0,0,0,0,0,0,0,0,7,31,0.61,0.16,0.1,0.0,0.0,0.5,0.5,0.0,13.5,,608648,2023
Matt Duffy,32,1128,Maj-AL,KCR,2,0,,,,2.0,3,1,1,0,0,1,1,4.5,9,0,0,0,0,0,0,0,0,10,29,0.62,0.07,0.1,0.11,0.22,0.11,1.5,0.25,0.0,,622110,2023
Dane Dunning,28,1062,Maj-AL,TEX,40,26,13.0,8.0,,179.2,171,77,75,60,145,21,10,3.76,679,27,3,0,22,5,8,4,0,754,2830,0.65,0.18,0.1,0.48,0.22,0.06,1.286,0.29,7.3,2.42,641540,2023
Jhoan Duran,25,1082,Maj-AL,MIN,63,0,3.0,6.0,29.0,67.1,48,25,17,26,90,6,4,2.27,239,8,0,5,5,1,8,1,1,273,1075,0.65,0.14,0.17,0.65,0.16,0.03,1.099,0.292,12.0,3.46,661395,2023
Nate Eaton,26,1266,Maj-AL,KCR,1,0,,,,1.0,2,0,0,0,1,0,0,0.0,5,0,0,0,0,0,0,0,0,5,22,0.59,0.09,0.09,0.75,0.25,0.0,2.0,0.5,9.0,,681987,2023
Zach Eflin,29,1089,Maj-AL,TBR,32,32,16.0,9.0,,182.2,167,74,74,26,189,21,3,3.65,693,33,5,2,12,3,8,6,1,727,2653,0.69,0.19,0.11,0.5,0.21,0.07,1.057,0.3,9.3,7.27,621107,2023
Bryce Elder,24,1082,Maj-NL,ATL,32,32,12.0,5.0,,177.1,165,85,80,64,132,21,8,4.06,667,32,3,0,26,5,9,1,0,746,2905,0.63,0.16,0.1,0.5,0.24,0.05,1.291,0.277,6.7,2.06,693821,2023
Mason Englert,23,1163,Maj-AL,DET,31,1,4.0,3.0,,56.0,67,39,34,17,41,12,2,5.46,230,14,2,0,4,2,7,0,0,253,961,0.65,0.14,0.11,0.4,0.24,0.05,1.5,0.307,6.6,2.41,669438,2023
Nathan Eovaldi,33,1061,Maj-AL,TEX,31,31,17.0,5.0,,180.2,148,71,70,57,173,18,7,3.49,659,30,6,1,21,3,13,4,1,730,2793,0.64,0.15,0.12,0.51,0.23,0.05,1.135,0.276,8.6,3.04,543135,2023
Eduardo Escobar,34,1108,Maj-AL,LAD,3,0,,,,3.2,2,2,1,1,0,0,1,2.45,13,1,0,0,0,1,0,0,0,16,44,0.55,0.11,0.02,0.64,0.07,0.07,0.818,0.143,0.0,0.0,500871,2023
Jose Espada,26,1099,Maj-NL,SDP,1,0,,,,1.0,0,0,0,2,2,0,0,0.0,3,0,0,0,0,0,0,0,0,5,25,0.44,0.08,0.24,1.0,0.0,0.0,2.0,0.0,18.0,1.0,664744,2023
Carlos Est\xc3\xa9vez,30,1096,Maj-AL,LAD,63,0,5.0,5.0,31.0,62.1,62,34,27,31,78,7,5,3.9,244,10,0,5,3,0,2,0,0,281,1127,0.67,0.15,0.13,0.32,0.28,0.14,1.492,0.346,11.3,2.52,608032,2023
Jeremiah Estrada,24,1204,Maj-NL,CHC,12,0,,,,10.2,12,8,8,12,13,4,0,6.75,43,2,0,1,0,1,1,0,0,56,237,0.61,0.13,0.11,0.23,0.35,0.03,2.25,0.296,11.0,1.08,669093,2023
Alex Faedo,27,1110,Maj-AL,DET,15,12,2.0,5.0,,64.2,48,35,32,20,58,12,1,4.45,240,13,0,0,3,1,2,0,0,262,1034,0.65,0.17,0.1,0.36,0.23,0.1,1.052,0.211,8.1,2.9,656412,2023
Pete Fairbanks,29,1093,Maj-AL,TBR,49,0,2.0,4.0,25.0,45.1,26,14,13,20,68,3,4,2.58,159,2,0,0,3,0,7,0,0,184,735,0.68,0.22,0.13,0.51,0.22,0.1,1.015,0.261,13.5,3.4,664126,2023
Bailey Falter,26,1100,Maj-NL,"PHI,Pittsburgh",18,14,2.0,9.0,,80.2,94,55,48,20,60,17,0,5.36,326,17,1,0,5,1,9,4,2,347,1297,0.67,0.16,0.08,0.4,0.27,0.1,1.413,0.308,6.7,3.0,663559,2023
Jake Faria,29,1169,Maj-AL,BOS,1,0,,,,2.0,4,5,5,4,3,0,0,22.5,9,0,1,0,0,1,0,0,0,14,65,0.48,0.14,0.14,0.14,0.29,0.0,4.0,0.571,13.5,0.75,607188,2023
Buck Farmer,32,1093,Maj-NL,CIN,71,0,4.0,5.0,3.0,75.0,58,36,35,29,70,11,4,4.2,271,18,0,0,3,3,12,1,0,309,1223,0.63,0.16,0.13,0.33,0.2,0.14,1.16,0.244,8.4,2.41,571656,2023
Calvin Faucher,27,1156,Maj-AL,TBR,17,4,1.0,1.0,,25.2,31,20,20,12,25,4,1,7.01,107,4,1,0,2,0,4,0,0,120,514,0.64,0.17,0.11,0.49,0.23,0.06,1.675,0.346,8.8,2.08,676534,2023
Caleb Ferguson,26,1082,Maj-NL,LAD,70,7,7.0,4.0,3.0,62.2,64,30,23,24,72,4,8,3.3,245,9,1,0,8,1,4,1,1,278,1093,0.66,0.17,0.11,0.51,0.25,0.09,1.404,0.353,10.3,3.0,657571,2023
Matt Festa,30,1171,Maj-AL,SEA,8,0,,,,9.0,4,4,4,12,13,1,0,4.0,31,2,0,0,0,0,1,0,0,43,195,0.54,0.12,0.15,0.33,0.11,0.11,1.778,0.176,13.0,1.08,670036,2023
Jack Flaherty,27,1085,"Maj-AL,Maj-NL","BAL,STL",30,27,8.0,9.0,,146.1,164,84,81,69,149,17,12,4.98,572,37,2,2,20,6,4,2,0,660,2680,0.61,0.17,0.11,0.43,0.28,0.05,1.592,0.357,9.2,2.16,656427,2023
Josh Fleming,27,1142,Maj-AL,TBR,12,3,2.0,,,51.2,56,29,27,19,25,9,0,4.7,199,8,1,2,10,3,1,0,0,221,759,0.63,0.17,0.08,0.62,0.2,0.03,1.452,0.28,4.4,1.32,676596,2023
Chris Flexen,28,1095,"Maj-AL,Maj-NL","Colorado,SEA",29,16,2.0,8.0,,102.1,133,81,78,38,74,25,4,6.86,420,19,1,0,10,3,6,2,0,466,1755,0.63,0.15,0.1,0.39,0.29,0.08,1.671,0.333,6.5,1.95,623167,2023
Dylan Floro,32,1099,"Maj-AL,Maj-NL","MIA,MIN",62,0,5.0,6.0,7.0,56.2,70,34,30,17,58,3,3,4.76,227,12,1,3,11,1,7,1,0,248,961,0.65,0.19,0.09,0.55,0.28,0.04,1.535,0.401,9.2,3.41,571670,2023
Jason Foley,27,1095,Maj-AL,DET,70,0,3.0,3.0,7.0,69.0,65,21,20,15,55,2,1,2.61,259,13,2,2,14,1,3,2,0,276,1047,0.66,0.17,0.07,0.57,0.25,0.03,1.159,0.31,7.2,3.67,671345,2023
Mike Ford,30,1185,Maj-AL,SEA,2,0,,,,2.0,5,4,4,1,0,2,0,18.0,11,1,0,0,0,0,0,0,0,12,42,0.55,0.19,0.0,0.27,0.18,0.0,3.0,0.333,0.0,0.0,645801,2023
J.P. France,28,1070,Maj-AL,HOU,26,23,11.0,6.0,,139.1,144,68,62,49,103,19,2,4.0,538,21,2,0,17,7,9,2,3,597,2269,0.62,0.17,0.09,0.42,0.25,0.08,1.385,0.296,6.7,2.1,641585,2023
Bowden Francis,27,1109,Maj-AL,TOR,20,0,1.0,,1.0,36.1,22,7,7,8,35,5,1,1.73,126,3,0,0,3,1,1,0,0,136,539,0.67,0.17,0.1,0.36,0.22,0.08,0.826,0.195,8.7,4.38,670102,2023
Luis Fr\xc3\xadas,25,1062,Maj-NL,ARI,36,0,1.0,,,37.2,33,18,15,20,34,5,2,3.58,144,12,0,0,3,0,3,0,1,166,634,0.63,0.15,0.12,0.42,0.2,0.07,1.407,0.267,8.1,1.7,666818,2023
Max Fried,29,1084,Maj-NL,ATL,15,15,8.0,1.0,,81.2,76,27,25,22,83,8,2,2.76,307,9,0,0,9,1,4,2,3,333,1339,0.63,0.16,0.12,0.58,0.19,0.04,1.2,0.313,9.1,3.77,608331,2023
David Fry,27,1119,Maj-AL,CLE,2,0,,,,5.0,10,7,7,1,0,3,0,12.6,25,1,0,0,0,0,0,0,0,26,72,0.64,0.1,0.01,0.2,0.24,0.12,2.2,0.318,0.0,0.0,681807,2023
Shintaro Fujinami,29,1092,Maj-AL,"BAL,Oakland",64,7,7.0,8.0,2.0,79.0,73,65,63,45,83,9,7,7.18,302,18,2,1,6,3,7,0,0,357,1405,0.6,0.14,0.12,0.39,0.26,0.08,1.494,0.3,9.5,1.84,660261,2023
Carson Fulmer,29,1092,Maj-AL,LAD,3,1,1.0,1.0,,10.0,6,3,3,4,6,1,1,2.7,34,1,1,0,1,0,1,0,1,39,157,0.6,0.17,0.07,0.57,0.14,0.0,1.0,0.185,5.4,1.5,608334,2023
Michael Fulmer,30,1112,Maj-NL,CHC,58,1,3.0,5.0,2.0,57.0,48,29,28,28,65,7,2,4.42,204,13,0,0,8,3,1,2,0,237,950,0.62,0.16,0.14,0.39,0.25,0.08,1.333,0.304,10.3,2.32,605242,2023
Kody Funderburk,26,1092,Maj-AL,MIN,11,0,2.0,,,12.0,6,1,1,5,19,1,1,0.75,41,1,0,0,0,0,2,1,1,47,192,0.65,0.21,0.14,0.55,0.14,0.0,0.917,0.238,14.3,3.8,681892,2023
Hunter Gaddis,25,1102,Maj-AL,CLE,11,7,2.0,1.0,,42.0,41,21,21,14,24,6,4,4.5,161,11,1,0,1,3,3,1,0,182,686,0.64,0.16,0.07,0.27,0.21,0.16,1.31,0.261,5.1,1.71,683769,2023
Matt Gage,30,1200,Maj-AL,HOU,5,0,,,,6.2,6,2,2,3,8,1,0,2.7,23,1,0,0,2,0,0,0,0,27,119,0.57,0.18,0.13,0.5,0.38,0.06,1.35,0.357,10.8,2.67,657424,2023
Giovanny Gallegos,31,1106,Maj-NL,STL,56,0,2.0,4.0,10.0,55.0,54,28,27,12,59,11,0,4.42,214,13,0,0,2,1,4,0,0,229,884,0.66,0.14,0.18,0.36,0.25,0.08,1.2,0.297,9.7,4.92,606149,2023
Zac Gallen,27,1061,Maj-NL,ARI,40,40,19.0,12.0,,243.2,219,104,98,61,244,28,6,3.62,915,47,3,0,23,5,8,6,0,987,3799,0.64,0.17,0.11,0.43,0.26,0.04,1.149,0.295,9.0,4.0,668678,2023
Deivi Garc\xc3\xada,24,1092,Maj-AL,"CHC,New York",8,0,,1.0,1.0,15.0,9,9,4,12,10,2,1,2.4,52,5,0,0,1,2,0,0,0,67,289,0.55,0.13,0.09,0.41,0.27,0.05,1.4,0.167,6.0,0.83,665620,2023
Luis Garcia,36,1093,Maj-NL,SDP,61,0,2.0,3.0,,59.2,59,30,27,24,53,6,6,4.07,234,8,1,1,4,1,12,2,2,267,1010,0.61,0.13,0.11,0.61,0.22,0.02,1.391,0.301,8.0,2.21,472610,2023
Luis Garcia,26,1245,Maj-AL,HOU,6,6,2.0,2.0,,27.0,25,12,12,10,31,3,1,4.0,103,8,1,0,0,0,0,1,0,115,462,0.64,0.14,0.15,0.27,0.33,0.15,1.296,0.319,10.3,3.1,677651,2023
Robert Garcia,27,1097,Maj-NL,"MIA,Washington",25,0,2.0,2.0,,32.0,26,16,13,12,33,3,0,3.66,111,2,0,2,4,1,4,2,1,127,522,0.66,0.16,0.11,0.49,0.22,0.1,1.188,0.303,9.3,2.75,676395,2023
Yimi Garc\xc3\xada,32,1089,Maj-AL,TOR,74,0,3.0,4.0,3.0,67.1,67,35,30,16,82,8,6,4.01,261,11,1,1,6,1,7,1,1,287,1125,0.64,0.16,0.13,0.47,0.25,0.08,1.233,0.343,11.0,5.13,554340,2023
Amir Garrett,31,1179,Maj-AL,KCR,27,0,,1.0,,24.1,22,11,9,20,28,4,0,3.33,90,4,0,0,3,1,2,0,0,112,476,0.58,0.16,0.11,0.48,0.19,0.02,1.726,0.305,10.4,1.4,607237,2023
Braxton Garrett,25,1089,Maj-NL,MIA,32,31,9.0,8.0,,162.2,157,70,67,30,161,20,11,3.71,629,39,4,0,12,2,14,3,3,672,2536,0.66,0.19,0.11,0.49,0.26,0.04,1.15,0.304,8.9,5.37,666129,2023
Reed Garrett,30,1093,"Maj-AL,Maj-NL","BAL,New York",11,0,1.0,,,19.2,22,14,14,7,16,3,1,6.41,78,5,0,0,1,1,3,1,0,87,347,0.64,0.13,0.14,0.44,0.27,0.08,1.475,0.317,7.3,2.29,657585,2023
Justin Garza,29,1163,Maj-AL,BOS,17,1,,2.0,,18.1,22,17,15,12,17,3,1,7.36,77,6,1,1,0,1,0,0,0,91,351,0.62,0.17,0.09,0.34,0.3,0.05,1.855,0.328,8.3,1.42,621057,2023
Kevin Gausman,32,1090,Maj-AL,TOR,32,32,12.0,10.0,,189.0,166,75,68,58,242,21,3,3.24,715,43,1,0,9,1,21,4,3,781,3143,0.66,0.17,0.13,0.43,0.25,0.06,1.185,0.32,11.5,4.17,592332,2023
Ian Gibaut,29,1093,Maj-NL,CIN,74,0,8.0,4.0,3.0,75.2,69,33,28,28,69,8,4,3.33,282,10,0,4,4,2,10,6,2,318,1215,0.67,0.15,0.12,0.41,0.23,0.07,1.282,0.295,8.2,2.46,664139,2023
Kyle Gibson,35,1083,Maj-AL,BAL,34,33,15.0,9.0,,195.0,199,102,102,56,158,24,6,4.71,741,43,5,0,25,11,7,4,1,817,3070,0.62,0.17,0.11,0.49,0.23,0.04,1.308,0.307,7.3,2.82,502043,2023
Logan Gilbert,26,1095,Maj-AL,SEA,32,32,13.0,7.0,,190.2,169,82,79,36,189,29,2,3.73,724,36,2,1,9,5,14,1,0,770,2924,0.67,0.15,0.12,0.42,0.23,0.06,1.075,0.274,8.9,5.25,669302,2023
Tyler Gilbert,29,1138,Maj-NL,ARI,11,0,,2.0,,17.1,21,10,10,5,19,2,0,5.19,67,7,1,0,1,0,0,2,0,72,263,0.64,0.16,0.13,0.44,0.33,0.04,1.5,0.413,9.9,3.8,656457,2023
Logan Gillaspie,26,1192,Maj-AL,BAL,11,0,,1.0,,9.0,14,7,6,5,8,2,1,6.0,40,7,1,0,1,0,0,0,0,46,191,0.64,0.14,0.09,0.34,0.44,0.0,2.111,0.4,8.0,1.6,670810,2023
Kevin Ginkel,29,1061,Maj-NL,ARI,70,0,10.0,1.0,4.0,77.0,49,24,18,28,85,3,2,2.1,267,15,0,1,8,3,2,1,0,300,1243,0.62,0.15,0.14,0.51,0.2,0.05,1.0,0.253,9.9,3.04,656464,2023
Lucas Giolito,28,1092,Maj-AL,"CHC,CLE,LAD",33,33,8.0,15.0,,184.1,169,110,100,73,204,41,9,4.88,705,34,7,2,6,6,13,6,2,794,3191,0.63,0.17,0.12,0.36,0.23,0.12,1.313,0.275,10.0,2.79,608337,2023
Sawyer Gipson-Long,25,1095,Maj-AL,DET,4,4,1.0,,,20.0,14,7,6,8,26,2,0,2.7,74,4,1,0,1,0,1,1,0,82,336,0.63,0.16,0.16,0.35,0.25,0.04,1.1,0.261,11.7,3.25,687830,2023
Mychal Givens,33,1215,Maj-AL,BAL,6,0,,1.0,,4.0,4,6,5,6,2,0,1,11.25,14,1,0,1,1,1,1,0,0,22,89,0.58,0.11,0.04,0.46,0.38,0.0,2.5,0.308,4.5,0.33,571710,2023
Tyler Glasnow,29,1090,Maj-AL,TBR,22,22,10.0,8.0,,125.0,99,56,50,42,170,13,1,3.6,466,18,3,0,7,4,21,1,0,513,1993,0.65,0.17,0.16,0.5,0.22,0.04,1.128,0.3,12.2,4.05,607192,2023
Tony Gonsolin,29,1136,Maj-NL,LAD,20,20,8.0,5.0,,103.0,86,61,57,40,82,19,7,4.98,381,15,0,1,8,5,8,1,0,435,1665,0.64,0.15,0.1,0.36,0.24,0.08,1.223,0.235,7.2,2.05,664062,2023
Marco Gonzales,31,1218,Maj-AL,SEA,10,10,4.0,1.0,,50.0,55,32,29,18,34,5,0,5.22,195,14,0,0,7,2,1,1,0,215,811,0.66,0.18,0.09,0.4,0.29,0.06,1.46,0.316,6.1,1.89,594835,2023
Chi Chi Gonz\xc3\xa1lez,31,1106,Maj-NL,MIA,3,0,,,,3.2,7,3,3,1,3,1,0,7.36,18,2,0,0,0,0,1,0,0,19,75,0.68,0.2,0.07,0.6,0.2,0.07,2.182,0.429,7.4,3.0,592346,2023
Victor Gonz\xc3\xa1lez,27,1092,Maj-NL,LAD,34,1,3.0,3.0,,33.2,27,15,15,10,30,2,3,4.01,121,7,0,1,5,1,2,0,0,135,510,0.64,0.18,0.13,0.54,0.25,0.02,1.099,0.278,8.0,3.0,624647,2023
Trevor Gott,30,1096,"Maj-AL,Maj-NL","New York,SEA",64,0,,5.0,1.0,58.0,63,34,27,19,62,4,4,4.19,236,13,1,3,2,1,12,0,2,261,977,0.64,0.19,0.09,0.41,0.27,0.09,1.414,0.345,9.6,3.26,641627,2023
Brusdar Graterol,24,1082,Maj-NL,LAD,70,1,4.0,2.0,7.0,70.1,54,14,9,13,50,3,2,1.15,249,7,1,1,12,2,5,2,0,267,963,0.68,0.18,0.07,0.66,0.14,0.04,0.953,0.258,6.4,3.85,660813,2023
Kendall Graveman,32,1093,Maj-AL,"CHC,HOU",68,0,5.0,6.0,8.0,66.1,51,27,23,36,66,9,5,3.12,238,8,1,0,12,1,5,1,1,282,1116,0.6,0.16,0.12,0.39,0.25,0.09,1.312,0.256,9.0,1.83,608665,2023
Jon Gray,31,1063,Maj-AL,TEX,32,29,10.0,8.0,,163.0,153,76,73,55,150,22,9,4.03,603,16,1,1,13,7,12,9,4,678,2465,0.66,0.15,0.13,0.41,0.26,0.07,1.276,0.299,8.3,2.73,592351,2023
Sonny Gray,33,1083,Maj-AL,MIN,34,34,9.0,9.0,,193.0,169,64,61,58,195,10,6,2.84,727,36,3,0,13,3,8,4,5,797,2987,0.64,0.17,0.11,0.48,0.27,0.05,1.176,0.303,9.1,3.36,543243,2023
Chad Green,32,1090,Maj-AL,TOR,13,0,3.0,,,13.1,12,10,7,4,17,1,0,4.73,52,3,1,1,1,0,1,0,0,56,209,0.69,0.12,0.19,0.37,0.29,0.06,1.2,0.324,11.5,4.25,643338,2023
Hunter Greene,23,1092,Maj-NL,CIN,22,22,4.0,7.0,,112.0,111,65,60,48,152,19,8,4.82,438,33,4,0,4,2,16,4,0,498,2089,0.64,0.15,0.13,0.36,0.22,0.07,1.42,0.342,12.2,3.17,668881,2023
Shane Greene,34,1092,Maj-NL,CHC,2,0,,,,3.0,2,0,0,2,3,0,0,0.0,10,1,0,0,1,0,0,0,0,12,42,0.55,0.26,0.07,0.57,0.14,0.14,1.333,0.286,9.0,1.5,572888,2023
Zack Greinke,39,1092,Maj-AL,KCR,30,27,2.0,15.0,,142.1,158,82,80,23,97,25,4,5.06,561,25,2,0,13,5,2,1,5,593,2221,0.64,0.18,0.07,0.44,0.25,0.05,1.272,0.3,6.1,4.22,425844,2023
Michael Grove,26,1082,Maj-NL,LAD,20,12,2.0,3.0,,71.0,84,48,48,21,75,13,3,6.08,287,15,3,0,5,0,8,2,1,311,1193,0.66,0.16,0.12,0.4,0.3,0.07,1.479,0.357,9.5,3.57,675627,2023
Javy Guerra,27,1167,"Maj-AL,Maj-NL","MIL,TBR",17,2,,,,19.1,17,13,13,22,14,2,2,6.05,72,2,0,3,2,1,2,0,0,97,363,0.56,0.17,0.07,0.41,0.19,0.08,2.017,0.263,6.5,0.64,642770,2023
Josh Hader,29,1092,Maj-NL,SDP,61,0,2.0,3.0,33.0,56.1,32,11,8,30,85,3,3,1.28,196,3,0,2,3,0,1,0,0,231,1043,0.64,0.13,0.16,0.37,0.2,0.11,1.101,0.269,13.6,2.83,623352,2023
DL Hall,24,1083,Maj-AL,BAL,20,0,3.0,,,22.2,19,8,7,6,29,2,0,2.78,87,5,0,0,1,0,1,0,0,93,427,0.65,0.15,0.15,0.5,0.22,0.1,1.103,0.304,11.5,4.83,669084,2023
Emerson Hancock,24,1134,Maj-AL,SEA,3,3,,,,12.0,13,6,6,3,6,1,0,4.5,46,0,0,0,2,0,4,1,0,49,194,0.67,0.14,0.08,0.5,0.15,0.08,1.333,0.308,4.5,2.0,676106,2023
Brad Hand,33,1082,Maj-NL,"ATL,Colorado",61,0,5.0,3.0,1.0,54.2,55,34,34,23,61,7,5,5.6,204,14,3,3,3,4,13,1,1,241,992,0.63,0.18,0.09,0.39,0.33,0.07,1.427,0.343,10.0,2.65,543272,2023
Brenan Hanifee,25,1093,Maj-AL,DET,3,0,,,,5.0,8,3,3,0,3,1,0,5.4,23,1,0,0,0,0,0,0,0,23,89,0.73,0.26,0.04,0.55,0.3,0.0,1.6,0.368,5.4,,669724,2023
Josh Harrison,35,1261,Maj-NL,PHI,2,0,,,,1.2,8,5,5,2,0,0,0,27.0,11,0,0,0,0,2,0,0,0,15,44,0.55,0.07,0.0,0.15,0.62,0.0,6.0,0.615,0.0,0.0,543281,2023
Geoff Hartlieb,29,1121,Maj-NL,MIA,2,0,,,,4.0,2,1,1,3,3,1,0,2.25,13,0,0,0,1,0,0,0,0,16,66,0.58,0.12,0.09,0.3,0.2,0.2,1.25,0.111,6.8,1.0,664129,2023
Thomas Hatch,28,1107,"Maj-AL,Maj-NL","Pittsburgh,TOR",18,2,1.0,1.0,,28.2,33,18,13,12,26,2,1,4.08,113,9,0,1,4,1,3,1,0,129,475,0.64,0.14,0.14,0.54,0.18,0.03,1.57,0.36,8.2,2.17,641672,2023
Brent Headrick,25,1109,Maj-AL,MIN,14,0,3.0,,1.0,25.2,27,18,18,10,30,7,4,6.31,101,7,1,0,0,2,0,0,0,117,495,0.66,0.18,0.11,0.19,0.26,0.12,1.442,0.303,10.5,3.0,687396,2023
Andrew Heaney,32,1062,Maj-AL,TEX,39,31,11.0,6.0,,158.1,154,79,73,64,155,23,10,4.15,610,38,3,0,13,3,11,4,0,688,2772,0.63,0.15,0.11,0.43,0.21,0.06,1.377,0.301,8.8,2.42,571760,2023
Taylor Hearn,28,1126,"Maj-AL,Maj-NL","ATL,KCR,TEX",13,0,,,,15.0,23,19,19,8,15,4,0,11.4,68,4,0,0,0,0,3,0,0,76,313,0.67,0.14,0.12,0.32,0.32,0.08,2.067,0.388,9.0,1.88,621368,2023
Jonathan Heasley,26,1143,Maj-AL,KCR,12,0,,,,15.0,17,13,12,2,9,5,1,7.2,59,2,1,0,1,1,1,0,0,63,221,0.67,0.14,0.12,0.25,0.35,0.06,1.267,0.261,5.4,4.5,669169,2023
Austin Hedges,30,1108,Maj-AL,TEX,4,0,,,,3.2,5,2,2,0,1,1,1,4.91,15,1,0,0,1,0,0,0,0,16,51,0.63,0.16,0.02,0.07,0.36,0.07,1.364,0.308,2.5,,595978,2023
Ben Heller,31,1115,Maj-NL,ATL,19,0,,,,18.2,16,9,8,11,16,2,2,3.86,69,1,1,0,4,0,0,0,0,82,310,0.63,0.17,0.12,0.51,0.19,0.04,1.446,0.275,7.7,1.45,621294,2023
Ryan Helsley,28,1092,Maj-NL,STL,33,0,3.0,4.0,14.0,36.2,22,11,10,17,52,1,1,2.45,125,6,1,1,2,3,2,1,1,146,607,0.64,0.14,0.16,0.41,0.21,0.09,1.064,0.28,12.8,3.06,664854,2023
Heath Hembree,34,1251,Maj-AL,TBR,1,0,,,,1.1,0,0,0,1,2,0,0,0.0,3,0,0,0,1,0,0,0,0,4,18,0.67,0.17,0.22,1.0,0.0,0.0,0.75,0.0,13.5,2.0,592390,2023
Kyle Hendricks,33,1094,Maj-NL,CHC,24,24,6.0,8.0,,137.0,138,68,57,27,93,13,4,3.74,542,30,3,0,2,4,23,2,0,578,2108,0.66,0.19,0.09,0.47,0.23,0.08,1.204,0.284,6.1,3.44,543294,2023
Liam Hendriks,34,1206,Maj-AL,CHC,5,0,2.0,,1.0,5.0,4,3,3,1,3,1,0,5.4,18,1,0,0,0,1,1,0,0,20,87,0.59,0.11,0.14,0.5,0.13,0.06,1.0,0.2,5.4,3.0,521230,2023
Tommy Henry,25,1157,Maj-NL,ARI,17,16,5.0,4.0,,89.0,86,42,41,35,64,12,4,4.15,342,17,2,2,5,0,10,3,1,381,1391,0.63,0.14,0.1,0.37,0.24,0.09,1.36,0.278,6.5,1.83,674072,2023
Sam Hentges,26,1094,Maj-AL,CLE,56,0,3.0,2.0,,52.1,53,24,21,18,56,2,0,3.61,204,8,1,0,7,1,6,0,0,223,853,0.64,0.19,0.12,0.58,0.26,0.01,1.357,0.347,9.6,3.11,656529,2023
Jimmy Herget,29,1092,Maj-AL,LAD,29,1,2.0,4.0,,29.0,33,15,15,8,26,7,2,4.66,117,10,0,3,2,0,0,0,0,127,510,0.65,0.18,0.09,0.29,0.25,0.1,1.414,0.31,8.1,3.25,623474,2023
Kevin Herget,32,1117,Maj-NL,CIN,14,0,1.0,2.0,1.0,24.1,26,14,14,6,13,4,2,5.18,97,8,1,1,1,0,0,0,0,105,418,0.64,0.16,0.07,0.33,0.27,0.08,1.315,0.275,4.8,2.17,643361,2023
Carlos Hern\xc3\xa1ndez,26,1092,Maj-AL,KCR,67,4,1.0,10.0,4.0,70.0,62,43,41,31,77,10,1,5.27,266,17,2,1,5,2,3,1,0,300,1249,0.64,0.12,0.14,0.33,0.29,0.06,1.329,0.287,9.9,2.48,672578,2023
Daysbel Hern\xc3\xa1ndez,26,1082,Maj-NL,ATL,5,0,1.0,,,4.2,6,3,3,4,6,1,1,5.79,19,0,0,0,1,0,1,0,0,24,102,0.6,0.1,0.17,0.38,0.31,0.0,2.143,0.417,11.6,1.5,678226,2023
Jonathan Hern\xc3\xa1ndez,26,1092,Maj-AL,TEX,33,0,1.0,2.0,,31.2,35,20,19,15,34,4,4,5.4,125,5,1,1,1,2,2,0,0,147,553,0.61,0.18,0.13,0.53,0.19,0.07,1.579,0.348,9.7,2.27,642546,2023
Nick Hernandez,28,1105,Maj-NL,SDP,2,0,,,,3.0,3,4,4,4,5,1,2,12.0,12,0,0,0,0,0,0,0,0,18,81,0.57,0.09,0.12,0.43,0.0,0.0,2.333,0.333,15.0,1.25,663321,2023
Yonny Hern\xc3\xa1ndez,25,1183,Maj-NL,LAD,1,0,,,,1.0,1,0,0,0,0,0,0,0.0,4,0,0,0,0,0,0,0,0,4,10,0.8,0.1,0.0,0.25,0.5,0.0,1.0,0.25,0.0,,660634,2023
Jos\xc3\xa9 Herrera,26,1125,Maj-NL,ARI,2,0,,,,2.0,4,2,2,0,0,0,0,9.0,10,1,0,0,0,0,0,0,0,10,38,0.66,0.16,0.03,0.4,0.3,0.1,2.0,0.4,0.0,,645444,2023
Tim Herrin,26,1131,Maj-AL,CLE,23,0,1.0,1.0,,27.2,29,18,17,12,32,3,2,5.53,104,4,0,0,4,1,3,0,1,121,509,0.63,0.16,0.12,0.47,0.21,0.04,1.482,0.371,10.4,2.67,682120,2023
Jordan Hicks,26,1090,"Maj-AL,Maj-NL","STL,TOR",66,0,3.0,9.0,12.0,66.2,58,30,24,34,83,4,4,3.24,251,11,1,1,6,2,2,2,0,291,1143,0.61,0.2,0.1,0.59,0.21,0.04,1.38,0.325,11.2,2.44,663855,2023
Garrett Hill,27,1125,Maj-AL,DET,9,0,,,1.0,15.2,19,20,16,14,14,4,1,9.19,63,6,0,0,3,1,1,0,0,80,309,0.57,0.18,0.07,0.44,0.18,0.1,2.106,0.326,8.0,1.0,682051,2023
Rich Hill,43,1092,Maj-NL,"Pittsburgh,SDP",32,27,8.0,14.0,,146.1,165,98,88,58,129,23,7,5.41,587,44,4,0,11,4,25,2,1,660,2531,0.65,0.2,0.08,0.39,0.28,0.08,1.524,0.323,7.9,2.22,448179,2023
Tim Hill,33,1113,Maj-NL,SDP,48,0,1.0,4.0,,44.1,59,36,27,14,26,7,6,5.48,178,9,1,0,9,2,0,0,0,202,716,0.66,0.16,0.07,0.63,0.17,0.01,1.647,0.354,5.3,1.86,657612,2023
Bryan Hoeing,26,1092,Maj-NL,MIA,33,7,2.0,3.0,,70.2,71,45,43,25,53,13,2,5.48,274,24,2,2,5,3,6,1,0,304,1125,0.63,0.19,0.09,0.45,0.23,0.01,1.358,0.275,6.8,2.12,663773,2023
Jeff Hoffman,30,1069,Maj-NL,PHI,62,0,6.0,3.0,1.0,59.1,34,18,16,20,78,4,3,2.43,208,7,1,1,2,1,11,1,0,235,977,0.66,0.14,0.17,0.46,0.18,0.1,0.91,0.236,11.8,3.9,656546,2023
Tyler Holton,27,1093,Maj-AL,DET,59,1,3.0,2.0,1.0,85.1,56,21,20,18,74,9,1,2.11,303,9,0,1,6,1,1,0,0,324,1195,0.67,0.18,0.12,0.46,0.25,0.06,0.867,0.213,7.8,4.11,663947,2023
Brent Honeywell Jr.,28,1133,"Maj-AL,Maj-NL","CHC,SDP",40,0,2.0,4.0,,52.1,53,29,28,23,45,10,5,4.82,204,4,2,0,5,1,6,0,3,234,942,0.61,0.14,0.11,0.5,0.22,0.04,1.452,0.287,7.7,1.96,641703,2023
Tanner Houck,27,1092,Maj-AL,BOS,21,21,6.0,10.0,,106.0,104,61,59,41,99,14,6,5.01,410,24,0,0,8,4,4,2,0,463,1740,0.63,0.16,0.13,0.53,0.21,0.04,1.368,0.299,8.4,2.41,656557,2023
Adrian Houser,30,1092,Maj-NL,MIL,23,21,8.0,5.0,,111.1,121,56,51,34,96,13,1,4.12,443,18,1,0,8,3,4,1,2,481,1858,0.64,0.19,0.07,0.47,0.21,0.05,1.392,0.32,7.8,2.82,605288,2023
Spencer Howard,26,1157,Maj-AL,TEX,3,0,,,,3.1,4,4,4,3,2,1,1,10.8,14,0,0,0,0,0,2,0,0,18,81,0.56,0.17,0.14,0.5,0.0,0.08,2.1,0.273,5.4,0.67,675921,2023
Bryan Hudson,26,1128,Maj-NL,LAD,6,0,,,,8.2,12,7,7,4,7,1,1,7.27,38,2,0,0,0,1,0,0,0,44,164,0.71,0.23,0.12,0.56,0.28,0.03,1.846,0.355,7.3,1.75,663542,2023
Dakota Hudson,28,1095,Maj-NL,STL,18,12,6.0,3.0,,81.1,88,46,45,34,45,9,6,4.98,311,22,0,0,15,2,2,0,0,354,1318,0.61,0.14,0.09,0.52,0.25,0.03,1.5,0.305,5.0,1.32,641712,2023
Daniel Hudson,36,1180,Maj-NL,LAD,3,0,,,1.0,3.0,2,0,0,3,5,0,0,0.0,11,1,0,0,0,0,0,0,0,14,64,0.58,0.09,0.16,0.5,0.17,0.0,1.667,0.333,15.0,1.67,543339,2023
Brandon Hughes,27,1204,Maj-NL,CHC,17,0,,3.0,,13.2,14,11,11,8,17,2,1,7.24,53,2,0,1,1,0,4,0,0,63,239,0.59,0.15,0.15,0.35,0.3,0.0,1.61,0.353,11.2,2.13,676714,2023
Kyle Hurt,25,1111,Maj-NL,LAD,1,0,,,,2.0,0,0,0,0,3,0,0,0.0,6,0,0,0,0,0,0,0,0,6,24,0.79,0.21,0.21,0.67,0.0,0.0,0.0,0.0,13.5,,669165,2023
Raisel Iglesias,33,1081,Maj-NL,ATL,61,0,5.0,4.0,34.0,58.0,51,23,17,15,70,7,0,2.64,220,9,0,2,5,2,0,0,0,237,894,0.68,0.14,0.17,0.42,0.22,0.07,1.138,0.303,10.9,4.67,628452,2023
Kolton Ingram,26,1097,Maj-AL,LAD,5,0,,,,5.1,8,7,5,5,7,2,0,8.44,24,2,0,0,0,1,0,0,0,30,100,0.56,0.17,0.13,0.39,0.22,0.0,2.438,0.375,11.8,1.4,688427,2023
Cole Irvin,29,1092,Maj-AL,BAL,24,12,1.0,4.0,,77.1,78,42,38,21,68,11,7,4.42,305,15,1,0,3,3,0,1,0,336,1273,0.67,0.17,0.09,0.42,0.24,0.06,1.28,0.293,7.9,3.24,608344,2023
Andre Jackson,27,1092,Maj-NL,"LAD,Pittsburgh",19,7,1.0,3.0,2.0,61.1,52,34,34,22,57,11,2,4.99,231,11,1,0,3,2,4,1,2,257,1001,0.65,0.17,0.11,0.37,0.26,0.08,1.207,0.248,8.4,2.59,656578,2023
Jay Jackson,35,1094,Maj-AL,TOR,25,0,3.0,1.0,,29.2,18,8,7,9,27,4,1,2.12,105,3,0,2,1,0,0,0,0,116,448,0.65,0.17,0.14,0.46,0.13,0.11,0.91,0.189,8.2,3.0,543351,2023
Alek Jacob,25,1165,Maj-NL,SDP,3,0,,,,3.0,0,0,0,1,5,0,0,0.0,9,0,0,0,0,0,1,0,0,10,47,0.68,0.17,0.19,0.75,0.0,0.0,0.333,0.0,15.0,5.0,689690,2023
Joe Jacques,28,1114,Maj-AL,BOS,23,1,2.0,1.0,1.0,26.2,32,17,15,10,20,2,6,5.06,104,5,2,2,6,1,1,2,0,122,436,0.62,0.22,0.07,0.64,0.17,0.03,1.575,0.361,6.8,2.0,682175,2023
Drey Jameson,25,1179,Maj-NL,ARI,15,3,3.0,1.0,1.0,40.2,40,15,15,18,37,6,1,3.32,154,6,0,0,6,1,0,0,1,174,674,0.63,0.17,0.13,0.47,0.18,0.03,1.426,0.304,8.2,2.06,686753,2023
Kenley Jansen,35,1111,Maj-AL,BOS,51,0,3.0,6.0,29.0,44.2,40,21,18,17,52,5,2,3.63,169,9,0,1,0,0,13,4,0,188,721,0.68,0.16,0.13,0.21,0.23,0.18,1.276,0.313,10.5,3.06,445276,2023
Bryce Jarvis,25,1092,Maj-NL,ARI,11,1,2.0,1.0,,23.2,14,9,8,9,12,3,0,3.04,82,0,1,0,2,1,0,0,0,92,370,0.58,0.15,0.07,0.45,0.21,0.04,0.972,0.162,4.6,1.33,686826,2023
Cristian Javier,26,1070,Maj-AL,HOU,34,34,12.0,6.0,,173.0,151,90,87,69,171,27,8,4.53,652,35,4,0,8,6,24,3,3,736,3079,0.62,0.14,0.12,0.26,0.23,0.11,1.272,0.27,8.9,2.48,664299,2023
Griffin Jax,28,1082,Maj-AL,MIN,75,0,6.0,10.0,4.0,69.0,59,30,28,19,73,5,4,3.65,262,10,2,1,5,0,9,0,1,286,1098,0.68,0.19,0.12,0.57,0.2,0.06,1.13,0.293,9.5,3.84,643377,2023
Joe Jim\xc3\xa9nez,28,1084,Maj-NL,ATL,60,0,,3.0,,57.1,52,22,19,15,74,9,2,2.98,223,12,1,0,2,1,8,0,0,243,958,0.67,0.16,0.15,0.29,0.31,0.09,1.169,0.305,11.6,4.93,641729,2023
Pierce Johnson,32,1081,Maj-NL,"ATL,Colorado",70,0,2.0,6.0,13.0,65.1,65,34,28,32,94,10,0,3.86,255,14,0,1,7,1,1,0,0,290,1132,0.66,0.19,0.15,0.38,0.34,0.05,1.485,0.362,12.9,2.94,572955,2023
Ben Joyce,22,1093,Maj-AL,LAD,12,0,1.0,1.0,,10.0,9,6,6,9,10,1,1,5.4,37,1,0,0,1,1,1,0,0,48,199,0.6,0.18,0.1,0.46,0.14,0.04,1.8,0.296,9.0,1.11,690829,2023
Janson Junk,27,1092,Maj-NL,MIL,2,1,,1.0,,7.1,8,5,4,2,5,1,0,4.91,30,3,0,0,0,0,0,0,0,33,110,0.71,0.17,0.04,0.6,0.16,0.12,1.364,0.292,6.1,2.5,676083,2023
Ricky Karcher,25,1203,Maj-NL,CIN,1,0,,,1.0,1.0,0,0,0,1,0,0,0,0.0,3,0,0,0,0,0,2,0,0,4,22,0.45,0.14,0.0,0.0,0.0,0.33,1.0,0.0,0.0,0.0,676689,2023
James Karinchak,27,1093,Maj-AL,CLE,44,0,2.0,5.0,,39.0,24,18,14,28,52,6,3,3.23,135,4,1,1,0,5,16,2,0,171,733,0.6,0.2,0.11,0.28,0.26,0.1,1.333,0.22,12.0,1.86,675916,2023
Anthony Kay,28,1092,Maj-NL,"CHC,New York",16,0,,,,14.2,13,10,10,9,11,2,2,6.14,54,5,0,0,1,1,1,0,0,66,242,0.62,0.09,0.1,0.32,0.36,0.16,1.5,0.262,6.8,1.22,641743,2023
Brad Keller,27,1106,Maj-AL,KCR,11,9,3.0,4.0,,45.1,42,26,23,45,31,3,3,4.57,162,8,0,0,12,1,2,1,1,211,878,0.55,0.17,0.08,0.58,0.18,0.05,1.919,0.302,6.2,0.69,641745,2023
Trevor Kelley,30,1129,Maj-AL,TBR,10,3,,1.0,,15.1,16,10,10,6,11,4,2,5.87,61,5,0,1,1,0,0,0,0,69,272,0.64,0.21,0.09,0.34,0.22,0.08,1.435,0.261,6.5,1.83,665001,2023
Carson Kelly,28,1127,"Maj-AL,Maj-NL","ARI,DET",3,0,,,,2.2,9,3,3,1,1,1,0,10.13,17,0,0,0,0,0,0,0,0,18,52,0.65,0.12,0.02,0.44,0.31,0.19,3.75,0.533,3.4,1.0,608348,2023
Joe Kelly,35,1084,"Maj-AL,Maj-NL","CHC,LAD",43,0,2.0,5.0,1.0,41.0,31,22,18,19,63,3,2,3.95,155,7,2,0,3,0,5,0,0,176,744,0.65,0.22,0.12,0.58,0.25,0.0,1.22,0.315,13.8,3.32,523260,2023
Kevin Kelly,25,1092,Maj-AL,TBR,57,0,5.0,2.0,1.0,67.0,53,27,23,15,56,2,10,3.09,251,18,0,1,5,0,7,2,1,276,1066,0.65,0.21,0.09,0.48,0.25,0.08,1.015,0.264,7.5,3.73,687330,2023
Merrill Kelly,34,1065,Maj-NL,ARI,34,34,15.0,9.0,,201.2,155,77,71,77,215,24,4,3.17,728,32,3,0,19,3,14,5,4,813,3164,0.65,0.16,0.12,0.45,0.23,0.07,1.15,0.266,9.6,2.79,518876,2023
Michael Kelly,30,1100,Maj-AL,CLE,14,0,1.0,,,16.2,13,8,7,9,16,0,0,3.78,62,3,0,0,1,0,3,1,0,71,272,0.63,0.19,0.09,0.39,0.33,0.07,1.32,0.283,8.6,1.78,547184,2023
Zack Kelly,28,1095,Maj-AL,BOS,8,0,,,,9.1,7,4,4,8,6,0,2,3.86,32,5,0,0,0,0,2,0,0,43,181,0.58,0.17,0.08,0.54,0.19,0.0,1.607,0.269,5.8,0.75,677161,2023
Brett Kennedy,28,1120,Maj-NL,CIN,5,2,1.0,,,18.0,19,13,13,7,9,1,3,6.5,69,7,2,0,0,3,4,0,0,83,310,0.59,0.15,0.07,0.41,0.33,0.08,1.444,0.29,4.5,1.29,664028,2023
Ian Kennedy,38,1108,Maj-AL,TEX,16,0,,1.0,,16.1,16,15,13,7,21,4,2,7.16,65,3,0,0,0,1,1,0,0,75,314,0.62,0.14,0.16,0.36,0.18,0.07,1.408,0.293,11.6,3.0,453178,2023
Orion Kerkering,22,1070,Maj-NL,PHI,10,0,1.0,,,8.1,10,3,3,5,11,0,0,3.24,35,2,0,0,0,0,2,0,0,40,164,0.62,0.26,0.09,0.42,0.38,0.04,1.8,0.417,11.9,2.2,689147,2023
Ray Kerr,28,1092,Maj-NL,SDP,22,0,1.0,1.0,,27.0,25,15,13,9,35,5,1,4.33,103,6,3,1,2,0,0,0,0,114,427,0.64,0.17,0.15,0.41,0.3,0.06,1.259,0.317,11.7,3.89,678061,2023
Clayton Kershaw,35,1086,Maj-NL,LAD,25,25,13.0,6.0,,132.0,106,45,42,41,137,20,3,2.86,486,22,0,0,16,1,6,4,1,531,2061,0.66,0.16,0.13,0.47,0.22,0.07,1.114,0.261,9.3,3.34,477132,2023
Dallas Keuchel,35,1093,Maj-AL,MIN,10,6,2.0,1.0,,37.2,45,25,25,18,25,3,2,5.97,151,13,1,0,6,1,4,1,0,172,658,0.61,0.19,0.09,0.54,0.25,0.02,1.673,0.339,6.0,1.39,572971,2023
Yusei Kikuchi,32,1089,Maj-AL,TOR,33,32,11.0,6.0,,169.1,168,79,73,49,181,27,4,3.88,653,27,1,0,17,0,14,1,2,708,2839,0.64,0.16,0.12,0.41,0.26,0.08,1.281,0.317,9.6,3.69,579328,2023
Caleb Kilian,26,1141,Maj-NL,CHC,3,1,,1.0,,5.1,13,10,10,2,5,0,4,16.88,27,3,0,0,2,0,0,0,0,33,130,0.63,0.15,0.08,0.55,0.36,0.0,2.813,0.591,8.4,2.5,668873,2023
Craig Kimbrel,35,1070,Maj-NL,PHI,78,0,8.0,8.0,26.0,75.0,50,32,29,33,99,11,5,3.48,266,10,0,1,4,3,14,0,2,307,1254,0.64,0.17,0.14,0.35,0.28,0.06,1.107,0.245,11.9,3.0,518886,2023
John King,28,1092,"Maj-AL,Maj-NL","STL,TEX",35,0,2.0,1.0,,37.1,45,15,15,10,20,2,0,3.62,145,6,0,0,9,1,2,0,0,157,527,0.66,0.17,0.09,0.67,0.2,0.01,1.473,0.347,4.8,2.0,667463,2023
George Kirby,25,1092,Maj-AL,SEA,31,31,13.0,10.0,,190.2,179,74,71,19,172,22,6,3.35,727,28,7,1,18,3,17,4,0,757,2825,0.71,0.16,0.11,0.45,0.22,0.07,1.038,0.293,8.1,9.05,669923,2023
Andrew Kittredge,33,1090,Maj-AL,TBR,15,0,2.0,,1.0,12.2,13,4,4,2,11,1,1,2.84,51,3,0,0,0,0,1,0,0,54,197,0.72,0.15,0.09,0.4,0.35,0.1,1.184,0.308,7.8,5.5,552640,2023
Corey Kluber,37,1195,Maj-AL,BOS,15,9,3.0,6.0,1.0,55.0,69,47,43,21,42,17,4,7.04,232,16,2,0,1,0,3,0,0,257,990,0.65,0.16,0.1,0.31,0.25,0.11,1.636,0.301,6.9,2.0,446372,2023
Reiss Knehr,26,1188,Maj-NL,SDP,4,1,,1.0,,5.2,10,10,10,5,4,3,0,15.88,26,1,1,0,0,1,0,0,0,32,123,0.57,0.15,0.06,0.26,0.39,0.04,2.647,0.35,6.4,0.8,663753,2023
Adam Kolarek,34,1128,Maj-NL,"LAD,New York",5,0,,,,6.0,2,0,0,1,7,0,1,0.0,19,0,0,0,0,0,1,0,0,22,83,0.66,0.23,0.1,0.69,0.08,0.0,0.5,0.167,10.5,7.0,592473,2023
Michael Kopech,27,1103,Maj-AL,CHC,30,27,5.0,12.0,,129.1,115,80,78,91,134,29,11,5.43,483,21,2,0,11,5,32,7,0,591,2430,0.58,0.16,0.1,0.36,0.2,0.09,1.593,0.265,9.3,1.47,656629,2023
Jackson Kowar,26,1096,Maj-AL,KCR,23,0,2.0,,,28.0,34,24,20,20,29,4,1,6.43,116,7,0,0,1,0,5,0,0,137,568,0.6,0.16,0.11,0.45,0.28,0.05,1.929,0.361,9.3,1.45,663804,2023
Joey Krehbiel,30,1113,Maj-AL,BAL,6,0,1.0,,,5.0,2,1,1,2,5,1,0,1.8,17,1,0,0,0,0,1,0,0,19,80,0.59,0.23,0.08,0.25,0.25,0.17,0.8,0.091,9.0,2.5,607216,2023
Dean Kremer,27,1083,Maj-AL,BAL,33,33,13.0,6.0,,174.1,178,91,85,56,157,29,5,4.39,685,28,1,1,10,2,9,6,1,748,2980,0.64,0.16,0.1,0.4,0.28,0.05,1.342,0.297,8.1,2.8,665152,2023
Brooks Kriske,29,1185,Maj-AL,KCR,4,0,,,,6.2,3,3,3,4,6,2,0,4.05,20,0,0,0,0,1,1,2,0,25,92,0.63,0.18,0.12,0.2,0.33,0.2,1.05,0.077,8.1,1.5,621139,2023
Joel Kuhnel,28,1107,"Maj-AL,Maj-NL","CIN,HOU",9,0,,,,13.0,16,8,8,5,3,2,1,5.54,52,3,0,1,3,0,2,0,0,58,195,0.64,0.12,0.09,0.57,0.2,0.04,1.615,0.298,2.1,0.6,669270,2023
Joe La Sorsa,25,1093,"Maj-AL,Maj-NL","TBR,Washington",25,0,1.0,,,32.2,32,16,16,9,28,3,6,4.41,130,5,0,0,1,0,4,0,0,145,540,0.67,0.2,0.1,0.41,0.25,0.07,1.255,0.293,7.7,3.11,686747,2023
Jake Lamb,32,1239,Maj-AL,LAD,1,0,,,,1.0,1,0,0,0,0,0,0,0.0,4,1,0,0,0,0,0,0,0,4,8,0.63,0.13,0.0,0.0,0.5,0.0,1.0,0.25,0.0,,571875,2023
Jimmy Lambert,28,1120,Maj-AL,CHC,35,1,2.0,3.0,1.0,37.2,41,26,22,20,41,10,1,5.26,150,11,1,3,2,0,5,1,1,172,674,0.63,0.18,0.11,0.35,0.27,0.1,1.619,0.313,9.8,2.05,669424,2023
Dinelson Lamet,30,1146,"Maj-AL,Maj-NL","BOS,Colorado",17,4,1.0,4.0,,27.2,42,38,36,23,32,7,1,11.71,119,10,2,0,4,2,5,1,1,145,603,0.58,0.14,0.1,0.43,0.26,0.08,2.349,0.427,10.4,1.39,659275,2023
Alex Lange,27,1092,Maj-AL,DET,67,0,7.0,5.0,26.0,66.0,43,30,27,45,79,6,6,3.68,232,12,0,1,5,4,7,2,0,288,1147,0.58,0.17,0.15,0.51,0.23,0.04,1.333,0.245,10.8,1.76,656638,2023
Jacob Latz,27,1094,Maj-AL,TEX,3,0,,,,6.1,1,0,0,3,5,0,0,0.0,19,0,0,0,1,0,0,0,0,22,96,0.63,0.16,0.14,0.36,0.29,0.14,0.632,0.071,7.1,1.67,656641,2023
Eric Lauer,28,1093,Maj-NL,MIL,10,9,4.0,6.0,,46.2,54,39,34,24,43,16,0,6.56,185,12,0,0,2,2,2,4,3,211,844,0.62,0.15,0.09,0.25,0.3,0.06,1.671,0.297,8.3,1.79,641778,2023
Derek Law,32,1100,Maj-NL,CIN,54,3,4.0,6.0,2.0,55.0,50,24,22,26,45,6,3,3.6,209,6,1,0,7,0,5,1,0,240,960,0.62,0.14,0.11,0.42,0.26,0.07,1.382,0.278,7.4,1.73,571882,2023
Casey Lawrence,35,1093,Maj-NL,STL,15,0,1.0,,,27.1,32,20,20,10,20,7,2,6.59,107,10,0,2,3,2,4,0,0,122,447,0.62,0.15,0.09,0.33,0.22,0.08,1.537,0.305,6.6,2.0,596271,2023
Kyle Leahy,26,1165,Maj-NL,STL,3,0,,1.0,,1.2,4,4,4,5,2,1,1,21.6,9,1,1,0,0,0,0,0,0,15,58,0.5,0.17,0.1,0.43,0.14,0.14,5.4,0.5,10.8,0.4,681517,2023
Jos\xc3\xa9 Leclerc,29,1062,Maj-AL,TEX,70,0,1.0,3.0,8.0,70.2,46,24,22,34,81,8,2,2.8,251,8,0,2,4,1,2,3,0,288,1218,0.6,0.13,0.16,0.29,0.21,0.16,1.132,0.233,10.3,2.38,600917,2023
Dylan Lee,28,1112,Maj-NL,ATL,24,1,1.0,,,23.2,24,14,11,8,24,4,0,4.18,91,3,0,0,1,0,3,0,0,101,392,0.7,0.16,0.15,0.41,0.28,0.06,1.352,0.317,9.1,3.0,669276,2023
Casey Legumina,26,1118,Maj-NL,CIN,11,0,1.0,,,12.2,16,11,8,9,11,3,0,5.68,52,6,0,0,3,0,0,0,0,61,231,0.61,0.17,0.09,0.51,0.2,0.02,1.974,0.342,7.8,1.22,668984,2023
Mark Leiter Jr.,32,1094,Maj-NL,CHC,69,0,1.0,3.0,4.0,64.1,48,27,25,24,77,7,8,3.5,233,12,2,0,4,3,9,1,0,269,1056,0.61,0.16,0.13,0.46,0.27,0.04,1.119,0.27,10.8,3.21,643410,2023
Sandy Le\xc3\xb3n,34,1231,Maj-AL,TEX,1,0,,,,1.0,1,2,2,0,0,1,1,18.0,4,0,0,0,0,0,0,0,0,5,18,0.67,0.06,0.0,0.0,0.0,0.0,1.0,0.0,0.0,,506702,2023
Dominic Leone,31,1094,"Maj-AL,Maj-NL","LAD,New York,SEA",51,0,1.0,3.0,1.0,54.0,49,28,28,28,54,14,2,4.67,201,7,2,3,6,4,9,0,0,235,886,0.62,0.12,0.16,0.37,0.25,0.04,1.426,0.255,9.0,1.93,608678,2023
Josh Lester,28,1192,Maj-AL,BAL,1,0,,,,1.0,1,0,0,1,1,0,0,0.0,4,1,0,0,0,0,0,0,0,5,18,0.56,0.17,0.0,0.0,0.33,0.33,2.0,0.333,9.0,1.0,623507,2023
Matthew Liberatore,23,1093,Maj-NL,STL,22,11,3.0,6.0,,61.2,66,42,36,25,46,5,5,5.25,241,22,2,1,4,4,6,1,1,275,1059,0.61,0.16,0.08,0.44,0.25,0.07,1.476,0.314,6.7,1.84,669461,2023
Jeff Lindgren,26,1179,Maj-NL,MIA,3,0,,,,7.0,4,4,4,4,1,0,0,5.14,24,1,1,0,1,0,0,0,0,28,102,0.58,0.15,0.07,0.26,0.17,0.0,1.143,0.174,1.3,0.25,689167,2023
Zack Littell,27,1089,Maj-AL,"BOS,TBR",29,14,3.0,6.0,,92.0,94,43,41,12,78,13,5,4.01,366,20,1,1,4,2,1,0,0,386,1368,0.69,0.16,0.11,0.42,0.24,0.07,1.152,0.292,7.6,6.5,641793,2023
Luke Little,22,1092,Maj-NL,CHC,7,0,,,,6.2,5,0,0,4,12,0,1,0.0,24,2,0,0,0,1,0,0,0,30,135,0.59,0.19,0.18,0.62,0.23,0.0,1.35,0.385,16.2,3.0,681432,2023
Ben Lively,31,1093,Maj-NL,CIN,19,12,4.0,7.0,,88.2,96,53,53,25,79,20,3,5.38,355,14,2,0,6,0,7,0,0,383,1383,0.64,0.19,0.08,0.39,0.29,0.06,1.365,0.297,8.0,3.16,594902,2023
Mauricio Llovera,27,1093,"Maj-AL,Maj-NL","BOS,San Francisco",30,0,2.0,3.0,,35.0,36,25,19,15,29,3,4,4.89,139,7,0,3,3,2,8,0,0,160,621,0.65,0.22,0.07,0.49,0.23,0.07,1.457,0.303,7.5,1.93,661440,2023
Nick Lodolo,25,1240,Maj-NL,CIN,7,7,2.0,1.0,,34.1,50,24,24,10,47,10,7,6.29,147,7,1,1,4,1,1,2,1,166,647,0.65,0.18,0.13,0.47,0.24,0.03,1.748,0.44,12.3,4.7,666157,2023
Zach Logue,27,1158,Maj-AL,DET,3,0,,,,11.0,13,9,9,2,10,3,0,7.36,47,2,0,0,0,0,1,0,0,49,173,0.72,0.12,0.09,0.46,0.27,0.05,1.364,0.294,8.2,5.0,656657,2023
Jacob Lopez,25,1092,Maj-AL,TBR,4,1,1.0,,1.0,12.1,14,7,6,2,8,0,2,4.38,50,4,1,0,1,0,0,0,0,54,193,0.65,0.15,0.11,0.36,0.4,0.02,1.297,0.333,5.8,4.0,682052,2023
Jorge L\xc3\xb3pez,30,1094,"Maj-AL,Maj-NL","BAL,MIA,MIN",61,0,6.0,2.0,3.0,59.0,67,42,39,22,49,12,8,5.95,231,15,0,3,5,4,7,1,0,266,967,0.65,0.18,0.1,0.47,0.28,0.06,1.508,0.316,7.5,2.23,605347,2023
Jos\xc3\xa9 Lopez,24,1205,Maj-AL,TBR,1,0,,,,2.0,3,1,1,1,2,0,0,4.5,9,1,0,0,0,0,0,0,0,10,51,0.49,0.1,0.08,0.29,0.43,0.0,2.0,0.429,9.0,2.0,673111,2023
Nicky Lopez,28,1106,Maj-NL,ATL,2,0,,,,2.1,4,2,2,2,0,1,0,7.71,11,0,0,0,0,0,0,0,0,13,42,0.57,0.19,0.02,0.36,0.18,0.09,2.571,0.3,0.0,0.0,670032,2023
Pablo L\xc3\xb3pez,27,1085,Maj-AL,MIN,34,34,13.0,8.0,,206.2,187,82,80,51,244,24,10,3.48,786,27,5,1,11,4,8,3,2,853,3224,0.67,0.16,0.14,0.44,0.22,0.07,1.152,0.312,10.6,4.78,641154,2023
Reynaldo L\xc3\xb3pez,29,1094,Maj-AL,"CHC,CLE,LAD",68,0,3.0,7.0,6.0,66.0,50,25,24,34,83,8,1,3.27,241,5,1,2,2,1,7,1,0,278,1203,0.64,0.13,0.14,0.4,0.21,0.08,1.273,0.278,11.3,2.44,625643,2023
Michael Lorenzen,31,1070,"Maj-AL,Maj-NL","DET,PHI",31,25,9.0,9.0,1.0,155.2,140,76,71,49,112,20,2,4.1,576,26,1,0,20,4,3,3,2,635,2405,0.66,0.16,0.09,0.42,0.23,0.05,1.214,0.268,6.5,2.29,547179,2023
Aaron Loup,35,1104,Maj-AL,LAD,55,0,2.0,3.0,1.0,48.2,65,37,33,20,45,6,2,6.1,208,13,0,4,1,1,4,1,0,231,840,0.69,0.18,0.1,0.48,0.26,0.05,1.747,0.373,8.3,2.25,571901,2023
Lucas Luetge,36,1105,Maj-NL,ATL,12,0,1.0,,,13.2,17,11,11,7,14,2,1,7.24,56,1,0,0,1,1,2,0,0,65,287,0.62,0.14,0.1,0.42,0.28,0.07,1.756,0.366,9.2,2.0,476595,2023
Seth Lugo,33,1097,Maj-NL,SDP,26,26,8.0,7.0,,146.1,140,62,58,36,140,19,3,3.57,563,29,3,0,12,2,6,1,1,604,2378,0.65,0.19,0.09,0.45,0.26,0.04,1.203,0.298,8.6,3.89,607625,2023
Jordan Luplow,29,1092,Maj-AL,MIN,2,0,,1.0,,1.1,1,3,2,0,0,1,1,13.5,5,0,0,0,0,0,1,0,0,6,15,0.6,0.13,0.0,0.2,0.2,0.0,0.75,0.0,0.0,,656669,2023
Jes\xc3\xbas Luzardo,25,1090,Maj-NL,MIA,33,33,10.0,11.0,,182.2,170,82,74,55,213,22,6,3.65,696,46,3,1,18,2,11,4,5,760,3079,0.64,0.16,0.14,0.41,0.22,0.09,1.232,0.32,10.5,3.87,666200,2023
Jordan Lyles,32,1094,Maj-AL,KCR,31,31,6.0,17.0,,177.2,176,130,124,45,120,39,6,6.28,689,48,2,0,13,5,9,2,1,748,2818,0.63,0.15,0.09,0.34,0.23,0.1,1.244,0.256,6.1,2.67,543475,2023
Daniel Lynch IV,26,1167,Maj-AL,KCR,9,9,3.0,4.0,,52.1,50,29,27,16,34,9,1,4.64,204,8,1,0,1,2,9,1,1,223,808,0.63,0.14,0.11,0.4,0.17,0.11,1.261,0.252,5.8,2.13,663738,2023
Lance Lynn,36,1082,"Maj-AL,Maj-NL","CHC,LAD",33,33,13.0,12.0,,186.1,195,131,121,67,192,48,9,5.84,743,26,3,1,13,2,7,3,0,822,3217,0.64,0.14,0.13,0.36,0.24,0.09,1.406,0.291,9.3,2.87,458681,2023
Bligh Madris,27,1178,Maj-AL,HOU,1,0,,,,1.0,1,1,1,1,0,1,0,9.0,3,0,0,0,1,0,0,0,0,4,11,0.36,0.0,0.0,0.33,0.0,0.0,2.0,0.0,0.0,0.0,676632,2023
Kenta Maeda,35,1083,Maj-AL,MIN,23,20,6.0,8.0,,108.1,100,53,52,31,121,17,3,4.32,411,22,1,0,10,3,13,1,1,448,1769,0.64,0.16,0.13,0.34,0.27,0.06,1.209,0.301,10.1,3.9,628317,2023
Tyler Mahle,28,1249,Maj-AL,MIN,5,5,1.0,2.0,,25.2,22,11,9,5,28,5,0,3.16,97,4,0,0,2,0,2,1,0,102,422,0.64,0.18,0.1,0.38,0.26,0.12,1.052,0.266,9.8,5.6,641816,2023
Luke Maile,32,1152,Maj-NL,CIN,4,0,,,,4.1,12,8,8,0,0,4,0,16.62,24,3,0,0,0,1,0,0,0,25,80,0.65,0.1,0.06,0.08,0.4,0.08,2.769,0.381,0.0,,571912,2023
Mart\xc3\xadn Maldonado,36,1130,Maj-AL,HOU,1,0,,,,1.0,5,4,4,1,0,1,1,36.0,7,2,0,0,0,1,0,0,0,10,30,0.47,0.07,0.0,0.13,0.5,0.0,6.0,0.571,0.0,0.0,455117,2023
Matt Manning,25,1117,Maj-AL,DET,15,15,5.0,4.0,,78.0,60,37,31,21,50,11,5,3.58,283,9,2,0,4,5,0,2,4,316,1179,0.66,0.19,0.08,0.38,0.21,0.1,1.038,0.216,5.8,2.38,666159,2023
Alek Manoah,25,1144,Maj-AL,TOR,19,19,3.0,9.0,,87.1,93,61,57,59,79,15,9,5.87,346,17,2,1,7,1,15,2,2,415,1689,0.61,0.15,0.09,0.39,0.24,0.08,1.74,0.308,8.1,1.34,666201,2023
Joe Mantiply,32,1062,Maj-NL,ARI,44,5,4.0,3.0,,46.2,41,27,24,13,34,4,0,4.63,177,13,2,2,4,0,4,1,1,190,692,0.67,0.16,0.11,0.54,0.18,0.03,1.157,0.266,6.6,2.62,573009,2023
Michael Mariot,34,1119,Maj-NL,CIN,1,0,,,,2.2,4,1,1,1,2,1,0,3.38,12,1,0,0,0,0,0,0,0,13,41,0.59,0.2,0.1,0.3,0.3,0.0,1.875,0.333,6.8,2.0,592527,2023
Alec Marsh,25,1093,Maj-AL,KCR,17,8,3.0,9.0,,74.1,77,50,47,39,85,16,9,5.69,290,17,5,0,5,1,11,1,3,342,1342,0.62,0.16,0.12,0.36,0.27,0.04,1.561,0.321,10.3,2.18,679525,2023
Jos\xc3\xa9 Marte,27,1097,Maj-AL,LAD,10,0,,,,9.1,14,10,9,7,7,3,0,8.68,39,3,0,0,2,2,3,0,0,48,173,0.57,0.14,0.08,0.38,0.24,0.03,2.25,0.355,6.8,1.0,665896,2023
Yunior Marte,28,1104,Maj-NL,PHI,40,0,1.0,1.0,2.0,39.1,47,27,22,17,38,6,1,5.03,163,8,1,0,3,1,3,0,0,182,700,0.64,0.16,0.11,0.5,0.21,0.08,1.627,0.342,8.7,2.24,628708,2023
Chris Martin,37,1101,Maj-AL,BOS,55,0,4.0,1.0,3.0,51.1,45,6,6,8,46,2,0,1.05,190,6,0,3,4,1,4,0,1,199,722,0.75,0.16,0.12,0.5,0.3,0.04,1.032,0.301,8.1,5.75,455119,2023
Justin Martinez,21,1092,Maj-NL,ARI,10,0,,,1.0,10.0,13,14,13,11,14,2,2,11.7,44,2,1,1,0,0,0,0,1,57,236,0.56,0.16,0.13,0.47,0.17,0.03,2.4,0.393,12.6,1.27,679885,2023
Nick Martinez,32,1094,Maj-NL,SDP,63,9,6.0,4.0,1.0,110.1,99,45,42,40,106,12,3,3.43,413,11,0,1,8,1,12,1,1,461,1751,0.65,0.18,0.13,0.54,0.2,0.05,1.26,0.294,8.6,2.65,607259,2023
Seth Martinez,28,1131,Maj-AL,HOU,35,0,2.0,3.0,1.0,43.0,45,29,25,19,45,5,6,5.23,170,12,1,2,2,0,4,1,0,195,765,0.63,0.17,0.11,0.39,0.29,0.08,1.488,0.333,9.4,2.37,661527,2023
Miles Mastrobuoni,27,1232,Maj-NL,CHC,1,0,,,,0.1,4,4,4,0,0,1,0,108.0,5,1,0,0,0,0,0,0,0,5,17,0.59,0.18,0.0,0.2,0.6,0.0,12.0,0.75,0.0,,670156,2023
Phil Maton,30,1070,Maj-AL,HOU,74,0,4.0,3.0,1.0,72.0,50,27,22,26,81,6,9,2.75,256,12,0,2,5,2,4,1,0,294,1113,0.65,0.14,0.15,0.45,0.22,0.07,1.056,0.257,10.1,3.12,664208,2023
Steven Matz,32,1142,Maj-NL,STL,25,17,4.0,7.0,,105.0,108,48,45,32,98,11,3,3.86,410,23,1,0,8,2,13,1,1,449,1866,0.65,0.17,0.11,0.46,0.24,0.06,1.333,0.32,8.4,3.06,571927,2023
Dustin May,25,1229,Maj-NL,LAD,9,9,4.0,1.0,,48.0,29,14,14,16,34,1,2,2.63,168,10,0,0,3,1,4,1,0,187,736,0.64,0.17,0.06,0.44,0.24,0.04,0.938,0.209,6.4,2.13,669160,2023
Mike Mayers,31,1198,Maj-AL,KCR,6,2,1.0,2.0,,26.1,34,19,18,10,17,4,0,6.15,108,5,1,0,4,1,0,1,0,119,455,0.63,0.16,0.08,0.45,0.23,0.05,1.671,0.341,5.8,1.7,594577,2023
Tim Mayza,31,1090,Maj-AL,TOR,70,0,3.0,1.0,1.0,53.2,51,10,9,15,53,2,0,1.51,201,12,0,3,7,1,3,1,0,217,814,0.63,0.2,0.09,0.59,0.23,0.02,1.23,0.333,8.9,3.53,641835,2023
James McArthur,26,1092,Maj-AL,KCR,18,2,1.0,,4.0,23.1,20,12,12,2,23,2,1,4.63,85,7,1,0,2,2,0,0,0,90,341,0.69,0.22,0.11,0.59,0.17,0.05,0.943,0.29,8.9,11.5,663704,2023
James McCann,33,1139,Maj-AL,BAL,1,0,,,,1.0,2,0,0,0,0,0,0,0.0,5,1,0,0,0,0,0,0,0,5,14,0.64,0.29,0.0,0.8,0.2,0.0,2.0,0.4,0.0,,543510,2023
Darren McCaughan,27,1133,Maj-AL,SEA,3,0,,,,5.0,7,5,3,3,10,1,0,5.4,24,1,0,0,0,0,0,0,0,27,112,0.63,0.25,0.14,0.64,0.07,0.07,2.0,0.462,18.0,3.33,670766,2023
Shane McClanahan,26,1152,Maj-AL,TBR,21,21,11.0,2.0,,115.0,95,42,42,41,121,15,0,3.29,428,20,3,0,9,0,7,1,0,469,1821,0.67,0.16,0.16,0.45,0.23,0.07,1.183,0.274,9.5,2.95,663556,2023
Easton McGee,25,1247,Maj-AL,SEA,1,1,,,,6.2,1,0,0,1,2,0,0,0.0,21,1,0,0,0,0,0,0,0,22,64,0.7,0.16,0.08,0.47,0.21,0.05,0.3,0.053,2.7,2.0,668834,2023
Scott McGough,33,1109,Maj-NL,ARI,63,1,2.0,7.0,9.0,70.1,60,40,37,30,86,14,2,4.73,266,15,0,2,3,3,1,1,0,301,1234,0.64,0.16,0.14,0.49,0.22,0.05,1.28,0.272,11.0,2.87,543518,2023
Collin McHugh,36,1118,Maj-NL,ATL,41,1,4.0,1.0,,58.2,70,34,28,22,47,5,4,4.3,239,10,0,1,5,0,3,1,0,268,1018,0.64,0.17,0.11,0.45,0.29,0.05,1.568,0.348,7.2,2.14,543521,2023
Ryan McKenna,26,1220,Maj-AL,BAL,1,0,,,,1.0,4,2,2,0,0,0,0,18.0,6,1,0,0,1,0,0,0,0,6,18,0.61,0.28,0.0,0.67,0.17,0.0,4.0,0.667,0.0,,663630,2023
Triston McKenzie,25,1093,Maj-AL,CLE,4,4,,3.0,,16.0,12,9,9,13,16,1,0,5.06,60,4,1,0,0,0,6,0,0,73,300,0.59,0.14,0.1,0.34,0.2,0.11,1.563,0.256,9.0,1.23,663474,2023
Zach McKinstry,28,1268,Maj-AL,DET,1,0,,,,1.0,3,2,2,0,0,1,0,18.0,6,1,0,0,0,0,0,0,0,6,22,0.68,0.27,0.0,0.5,0.17,0.17,3.0,0.4,0.0,,656716,2023
John McMillon,25,1127,Maj-AL,KCR,4,0,,,,4.0,1,1,1,0,8,1,0,2.25,13,0,0,0,0,0,0,0,0,13,55,0.65,0.2,0.25,0.2,0.0,0.2,0.25,0.0,18.0,,669111,2023
John Means,30,1094,Maj-AL,BAL,4,4,1.0,2.0,,23.2,13,7,7,4,10,4,1,2.66,82,4,0,0,0,1,0,0,0,88,339,0.69,0.17,0.08,0.29,0.26,0.14,0.718,0.13,3.8,2.5,607644,2023
Victor Mederos,22,1153,Maj-AL,LAD,3,0,,,,3.0,5,3,3,3,3,0,1,9.0,12,0,0,0,1,1,0,0,0,17,66,0.61,0.26,0.05,0.6,0.2,0.0,2.667,0.5,9.0,1.0,682989,2023
Trevor Megill,29,1089,Maj-NL,MIL,32,2,1.0,,,35.2,35,14,14,12,55,2,1,3.53,135,8,1,0,2,3,12,0,0,151,614,0.66,0.19,0.14,0.33,0.34,0.1,1.318,0.407,13.9,4.58,656730,2023
J.C. Mej\xc3\xada,26,1141,Maj-NL,MIL,9,0,1.0,,,11.1,15,7,7,3,13,2,1,5.56,46,1,0,0,3,0,0,0,0,50,214,0.64,0.19,0.11,0.45,0.39,0.0,1.588,0.419,10.3,4.33,650496,2023
Julian Merryweather,31,1094,Maj-NL,CHC,69,0,5.0,1.0,2.0,72.0,58,28,27,36,98,8,1,3.38,265,6,0,0,4,1,6,4,0,303,1229,0.64,0.17,0.15,0.42,0.22,0.07,1.306,0.313,12.3,2.72,657240,2023
Keynan Middleton,29,1094,Maj-AL,"CHC,New York",51,0,2.0,2.0,2.0,50.2,40,20,19,23,64,8,1,3.38,187,4,0,0,3,0,4,2,1,212,856,0.66,0.14,0.17,0.56,0.17,0.03,1.243,0.278,11.4,2.78,641871,2023
Miles Mikolas,34,1092,Maj-NL,STL,35,35,9.0,13.0,,201.1,226,110,107,39,137,26,8,4.78,802,50,5,0,14,8,12,5,1,860,3197,0.67,0.18,0.07,0.39,0.27,0.07,1.316,0.309,6.1,3.51,571945,2023
Wade Miley,36,1096,Maj-NL,MIL,23,23,9.0,4.0,,120.1,99,44,42,38,79,16,3,3.14,443,22,1,0,14,3,2,3,4,490,1873,0.63,0.18,0.08,0.47,0.19,0.08,1.139,0.236,5.9,2.08,489119,2023
Bobby Miller,24,1084,Maj-NL,LAD,23,23,11.0,5.0,,126.0,109,56,55,34,120,12,6,3.93,471,22,3,0,9,4,15,1,1,516,2013,0.65,0.17,0.11,0.47,0.24,0.05,1.135,0.283,8.6,3.53,676272,2023
Brad Miller,33,1163,Maj-AL,TEX,1,0,,,,2.0,2,3,3,2,0,1,0,13.5,6,0,0,0,1,1,0,0,0,9,39,0.51,0.15,0.03,0.43,0.14,0.14,2.0,0.167,0.0,0.0,543543,2023
Bryce Miller,24,1096,Maj-AL,SEA,25,25,8.0,7.0,,131.1,124,64,63,26,119,18,7,4.32,501,36,0,0,9,2,6,4,2,537,2095,0.67,0.15,0.11,0.35,0.28,0.08,1.142,0.29,8.2,4.58,682243,2023
Shelby Miller,32,1086,Maj-NL,LAD,37,1,3.0,,1.0,44.0,20,8,8,19,45,3,2,1.64,148,6,0,2,1,0,8,1,1,170,690,0.62,0.19,0.1,0.39,0.21,0.12,0.886,0.17,9.2,2.37,571946,2023
Tyson Miller,27,1125,Maj-NL,"LAD,MIL,New York",10,0,1.0,,,15.1,13,8,8,6,10,2,1,4.7,56,3,0,0,1,1,0,0,0,64,224,0.62,0.16,0.1,0.21,0.36,0.13,1.239,0.244,5.9,1.67,668338,2023
Alec Mills,31,1184,Maj-NL,CIN,1,0,,,,1.0,4,5,2,1,0,1,1,18.0,8,0,1,0,0,0,0,0,0,10,40,0.58,0.13,0.1,0.75,0.0,0.13,5.0,0.429,0.0,0.0,621219,2023
Hoby Milner,32,1089,Maj-NL,MIL,75,0,2.0,1.0,,66.2,51,16,13,13,61,5,2,1.76,243,9,1,0,8,2,0,1,0,260,1054,0.65,0.22,0.08,0.5,0.22,0.07,0.96,0.257,8.2,4.69,571948,2023
Tommy Milone,36,1180,Maj-AL,SEA,2,2,,1.0,,9.0,7,3,2,6,3,1,0,2.0,33,0,0,0,1,1,0,0,0,40,163,0.63,0.15,0.07,0.35,0.19,0.03,1.444,0.2,3.0,0.5,543548,2023
A.J. Minter,29,1081,Maj-NL,ATL,73,0,4.0,6.0,10.0,67.0,59,29,27,23,83,6,0,3.63,247,8,1,2,6,2,17,4,1,272,1102,0.65,0.15,0.14,0.36,0.27,0.1,1.224,0.331,11.1,3.61,621345,2023
Anthony Misiewicz,28,1108,"Maj-AL,Maj-NL","ARI,DET,New York",11,0,2.0,,,11.0,17,11,9,6,8,2,0,7.36,48,3,2,0,1,1,0,0,0,55,240,0.61,0.17,0.08,0.29,0.32,0.07,2.091,0.385,6.5,1.33,664948,2023
Sam Moll,31,1093,"Maj-AL,Maj-NL","CIN,Oakland",70,1,2.0,3.0,1.0,62.1,47,22,21,30,68,2,7,3.03,228,9,2,8,6,2,12,1,1,268,1026,0.64,0.2,0.09,0.52,0.19,0.06,1.235,0.281,9.8,2.27,594580,2023
Rafael Montero,32,1071,Maj-AL,HOU,73,0,3.0,3.0,1.0,72.1,76,43,40,32,87,11,4,4.98,282,14,3,0,6,1,12,2,1,319,1346,0.62,0.13,0.13,0.41,0.26,0.06,1.493,0.351,10.8,2.72,606160,2023
Jordan Montgomery,30,1065,"Maj-AL,Maj-NL","STL,TEX",38,37,13.0,12.0,,219.2,214,86,77,53,183,21,4,3.15,845,52,3,1,21,6,15,1,2,912,3378,0.64,0.16,0.11,0.44,0.27,0.07,1.215,0.298,7.5,3.45,656756,2023
Matt Moore,34,1093,"Maj-AL,Maj-NL","CLE,LAD,MIA",50,0,5.0,1.0,,52.2,46,16,15,15,60,7,3,2.56,198,10,1,3,5,1,5,0,0,218,842,0.67,0.14,0.14,0.35,0.23,0.09,1.158,0.295,10.3,4.0,519043,2023
McKinley Moore,24,1261,Maj-NL,PHI,3,0,,,,3.1,5,7,7,5,2,1,2,18.9,14,3,0,0,1,0,0,0,0,21,86,0.53,0.17,0.09,0.42,0.33,0.08,3.0,0.364,5.4,0.4,686842,2023
Jovani Mor\xc3\xa1n,26,1149,Maj-AL,MIN,43,0,2.0,2.0,,42.1,35,27,25,27,48,3,0,5.31,155,3,3,1,4,0,2,1,0,184,750,0.6,0.18,0.15,0.43,0.23,0.06,1.465,0.308,10.2,1.78,663558,2023
Adri\xc3\xa1n Morej\xc3\xb3n,24,1170,Maj-NL,SDP,8,1,,,,9.0,14,7,7,5,8,1,0,7.0,38,4,0,0,2,0,1,0,0,44,161,0.61,0.17,0.06,0.52,0.16,0.0,2.111,0.448,8.0,1.6,670970,2023
Eli Morgan,27,1093,Maj-AL,CLE,61,0,5.0,2.0,1.0,67.1,73,37,30,24,75,9,1,4.01,273,11,1,1,1,1,11,2,0,299,1200,0.66,0.14,0.14,0.41,0.25,0.09,1.441,0.337,10.0,3.13,669212,2023
Reyes Moronta,30,1222,Maj-AL,LAD,2,0,,,,1.1,4,1,1,3,2,1,0,6.75,8,0,0,0,0,0,0,0,0,11,48,0.58,0.19,0.15,0.17,0.5,0.17,5.25,0.6,13.5,0.67,606625,2023
Cody Morris,26,1124,Maj-AL,CLE,6,0,,,,8.0,10,6,6,6,9,3,0,6.75,32,4,0,0,1,0,1,1,0,38,165,0.59,0.14,0.1,0.43,0.17,0.04,2.0,0.35,10.1,1.5,663752,2023
Charlie Morton,39,1101,Maj-NL,ATL,30,30,14.0,12.0,,163.1,150,70,66,83,183,14,12,3.64,615,30,3,2,15,3,16,3,3,716,2847,0.61,0.18,0.13,0.44,0.26,0.05,1.427,0.323,10.1,2.2,450203,2023
Andr\xc3\xa9s Mu\xc3\xb1oz,24,1093,Maj-AL,SEA,52,0,4.0,7.0,13.0,49.0,40,20,16,22,67,2,5,2.94,184,10,0,3,3,0,8,2,0,211,836,0.65,0.17,0.19,0.59,0.25,0.03,1.265,0.33,12.3,3.05,662253,2023
Penn Murfee,29,1204,Maj-AL,SEA,16,0,1.0,2.0,,14.0,5,5,2,10,16,1,1,1.29,46,1,0,3,0,0,3,0,1,58,223,0.67,0.18,0.14,0.48,0.29,0.1,1.071,0.138,10.3,1.6,682171,2023
Chris Murphy,25,1096,Maj-AL,BOS,20,0,1.0,2.0,1.0,47.2,50,27,26,17,49,5,1,4.91,190,14,0,0,3,2,3,1,0,212,871,0.62,0.14,0.1,0.45,0.21,0.05,1.406,0.326,9.3,2.88,669684,2023
Joe Musgrove,30,1157,Maj-NL,SDP,17,17,10.0,3.0,,97.1,90,35,33,21,97,10,9,3.05,365,17,0,1,11,4,5,2,1,399,1550,0.67,0.17,0.11,0.46,0.24,0.06,1.14,0.305,9.0,4.62,605397,2023
Parker Mushinski,27,1111,Maj-AL,HOU,14,0,,,,14.2,19,9,9,4,15,5,4,5.52,61,4,0,0,2,0,1,0,0,69,255,0.65,0.17,0.1,0.51,0.17,0.02,1.568,0.341,9.2,3.75,656786,2023
James Naile,30,1127,Maj-NL,STL,10,0,,,,15.1,27,19,15,9,7,1,0,8.8,71,4,0,0,2,0,0,0,0,80,308,0.63,0.18,0.06,0.55,0.31,0.03,2.348,0.413,4.1,0.78,664942,2023
Andrew Nardi,24,1089,Maj-NL,MIA,64,0,8.0,1.0,3.0,58.2,46,21,19,22,75,8,4,2.91,217,11,0,2,3,0,1,1,0,244,977,0.66,0.15,0.14,0.45,0.2,0.1,1.159,0.284,11.5,3.41,677053,2023
Packy Naughton,27,1269,Maj-NL,STL,4,0,,,,5.0,2,0,0,1,5,0,0,0.0,16,1,0,0,1,0,0,0,0,17,68,0.62,0.19,0.1,0.64,0.27,0.0,0.6,0.182,9.0,5.0,676050,2023
Edgar Navarro,25,1114,Maj-AL,CHC,8,0,,,,8.2,11,7,7,2,9,2,2,7.27,35,3,0,0,1,0,0,1,0,39,150,0.63,0.17,0.07,0.54,0.23,0.04,1.5,0.375,9.3,4.5,679346,2023
Kyle Nelson,26,1062,Maj-NL,ARI,73,2,7.0,4.0,,61.0,65,34,28,16,68,14,1,4.13,241,12,0,1,3,0,1,0,0,261,970,0.66,0.15,0.15,0.43,0.22,0.11,1.328,0.321,10.0,4.25,669459,2023
Nick Nelson,27,1092,Maj-NL,PHI,1,0,1.0,,,5.1,2,1,1,2,3,1,0,1.69,18,0,0,0,0,0,1,0,1,20,69,0.65,0.1,0.12,0.53,0.2,0.13,0.75,0.071,5.1,1.5,656793,2023
Ryne Nelson,25,1062,Maj-NL,ARI,32,27,8.0,8.0,,150.1,169,91,89,47,103,25,1,5.33,587,39,10,0,15,11,2,4,0,649,2467,0.65,0.15,0.09,0.38,0.23,0.09,1.437,0.306,6.2,2.19,669194,2023
Hector Neris,34,1070,Maj-AL,HOU,78,0,6.0,3.0,2.0,76.2,47,22,19,36,85,10,4,2.23,267,7,0,0,5,1,9,2,0,310,1225,0.64,0.14,0.14,0.34,0.19,0.14,1.083,0.214,10.0,2.36,593576,2023
Aaron Nola,30,1070,Maj-NL,PHI,36,36,15.0,10.0,,216.2,196,111,102,49,225,34,2,4.24,825,39,4,0,18,4,22,6,3,882,3437,0.67,0.18,0.12,0.44,0.24,0.06,1.131,0.284,9.3,4.59,605400,2023
Sean Nolin,33,1252,Maj-NL,MIA,1,0,,,,3.0,7,6,6,2,2,2,0,18.0,16,1,1,0,0,0,0,0,0,18,62,0.65,0.11,0.1,0.36,0.14,0.0,3.0,0.417,6.0,1.0,543594,2023
Daniel Norris,30,1126,Maj-AL,CLE,7,0,,,,12.2,10,11,8,12,11,3,1,5.68,49,1,0,0,1,1,1,0,0,63,258,0.55,0.12,0.09,0.41,0.15,0.1,1.737,0.194,7.8,0.92,596057,2023
Bailey Ober,27,1083,Maj-AL,MIN,28,27,8.0,7.0,,148.2,133,64,61,30,150,26,8,3.69,560,25,1,0,8,2,3,6,1,600,2408,0.67,0.14,0.14,0.34,0.2,0.09,1.096,0.277,9.1,5.0,641927,2023
Shohei Ohtani,28,1131,Maj-AL,LAD,23,23,10.0,5.0,,132.0,85,50,46,55,167,18,11,3.14,463,15,0,0,16,1,5,3,1,531,2089,0.64,0.17,0.13,0.46,0.21,0.08,1.061,0.24,11.4,3.04,660271,2023
Steven Okert,31,1090,Maj-NL,MIA,65,2,3.0,2.0,,59.2,52,32,30,24,74,9,2,4.53,223,15,1,0,2,1,9,0,0,252,1036,0.64,0.17,0.13,0.26,0.3,0.11,1.274,0.305,11.2,3.08,595345,2023
Reese Olson,23,1097,Maj-AL,DET,21,18,5.0,7.0,,103.2,83,49,46,33,103,14,1,3.99,386,13,3,0,9,2,4,3,1,422,1743,0.63,0.17,0.12,0.42,0.26,0.07,1.119,0.255,8.9,3.12,681857,2023
Kaleb Ort,31,1181,Maj-AL,BOS,21,2,1.0,2.0,,23.0,27,19,16,9,24,6,1,6.26,93,6,0,1,1,1,4,0,1,107,387,0.63,0.15,0.08,0.33,0.16,0.12,1.565,0.328,9.4,2.67,672391,2023
Oliver Ortega,26,1132,Maj-AL,MIN,10,0,,1.0,,14.2,11,7,7,7,14,2,1,4.3,54,1,0,0,0,1,2,0,0,63,240,0.65,0.2,0.13,0.37,0.12,0.12,1.227,0.231,8.6,2.0,661383,2023
Luis Ortiz,27,1093,Maj-NL,PHI,14,0,,,1.0,19.0,23,7,7,5,16,1,0,3.32,74,5,1,0,3,0,0,1,0,80,299,0.67,0.18,0.09,0.53,0.25,0.03,1.474,0.386,7.6,3.2,656814,2023
Glenn Otto,27,1119,Maj-AL,TEX,6,0,,,,10.2,14,12,12,6,11,6,0,10.13,45,0,0,0,0,0,4,1,0,51,192,0.63,0.13,0.16,0.44,0.18,0.06,1.875,0.286,9.3,1.83,657248,2023
Connor Overton,29,1262,Maj-NL,CIN,3,3,,1.0,,11.0,19,14,14,7,9,3,0,11.45,47,4,2,0,1,1,1,1,0,55,200,0.63,0.16,0.13,0.44,0.21,0.08,2.364,0.444,7.4,1.29,656818,2023
Chris Paddack,27,1082,Maj-AL,MIN,4,0,1.0,,,8.2,7,3,3,1,14,1,0,3.12,33,1,0,0,0,0,1,0,0,34,127,0.7,0.2,0.15,0.32,0.32,0.11,0.923,0.333,14.5,14.0,663978,2023
Nicholas Padilla,26,1179,Maj-AL,CHC,3,0,,1.0,,4.2,9,3,3,1,6,1,0,5.79,22,3,0,0,0,0,0,0,0,23,100,0.6,0.16,0.15,0.13,0.63,0.06,2.143,0.533,11.6,6.0,656820,2023
Emilio Pag\xc3\xa1n,32,1083,Maj-AL,MIN,68,1,5.0,2.0,1.0,71.1,45,26,23,22,66,5,1,2.9,254,12,2,2,2,2,3,2,0,280,1090,0.67,0.12,0.12,0.31,0.22,0.11,0.939,0.216,8.3,3.0,641941,2023
Daniel Palencia,23,1092,Maj-NL,CHC,27,0,5.0,3.0,,28.1,22,16,14,14,33,3,2,4.45,102,3,1,0,0,0,1,1,1,119,494,0.61,0.13,0.13,0.37,0.3,0.14,1.271,0.288,10.5,2.36,694037,2023
Andre Pallante,24,1093,Maj-NL,STL,62,0,4.0,1.0,,68.0,76,37,36,30,43,6,3,4.76,266,16,0,0,8,2,15,3,1,302,1138,0.61,0.15,0.07,0.77,0.15,0.01,1.559,0.32,5.7,1.43,669467,2023
Thomas Pannone,29,1185,Maj-NL,MIL,1,0,,,,2.2,5,2,2,1,4,0,0,6.75,13,1,0,0,0,0,0,0,0,14,59,0.63,0.22,0.12,0.44,0.22,0.11,2.25,0.556,13.5,4.0,623381,2023
Wes Parsons,30,1092,Maj-AL,TOR,1,1,,1.0,,4.0,10,9,9,3,3,2,1,20.25,22,1,0,0,0,0,1,0,0,26,89,0.62,0.19,0.08,0.37,0.37,0.11,3.25,0.471,6.8,1.0,641149,2023
Luis Pati\xc3\xb1o,23,1093,Maj-AL,"CHC,TBR",9,1,,1.0,,21.2,21,12,11,14,18,3,0,4.57,85,2,0,0,1,0,2,1,0,99,383,0.57,0.15,0.08,0.4,0.28,0.09,1.615,0.281,7.5,1.29,672715,2023
James Paxton,34,1122,Maj-AL,BOS,19,19,7.0,5.0,,96.0,93,51,48,33,101,18,2,4.5,372,19,1,0,6,2,4,0,0,411,1692,0.65,0.14,0.13,0.43,0.23,0.08,1.313,0.294,9.5,3.06,572020,2023
Joel Payamps,29,1090,Maj-NL,MIL,70,0,7.0,5.0,3.0,72.1,58,24,20,18,79,8,5,2.49,265,8,0,1,4,2,6,3,0,293,1138,0.63,0.19,0.11,0.48,0.21,0.08,1.051,0.278,9.8,4.39,606303,2023
Nate Pearson,26,1102,Maj-AL,TOR,35,0,5.0,2.0,1.0,42.2,36,25,23,18,43,7,3,4.85,159,8,0,2,2,2,8,1,1,182,737,0.6,0.17,0.1,0.3,0.21,0.18,1.266,0.261,9.1,2.39,663878,2023
Elvis Peguero,26,1089,Maj-NL,MIL,61,0,4.0,5.0,1.0,63.0,50,25,23,26,56,4,4,3.29,227,4,1,1,9,1,12,1,0,258,937,0.63,0.16,0.13,0.57,0.21,0.03,1.206,0.274,8.0,2.15,665625,2023
Ryan Pepiot,25,1092,Maj-NL,LAD,8,3,2.0,1.0,,42.0,27,10,10,5,38,7,3,2.14,151,7,0,0,1,0,1,1,1,159,654,0.67,0.17,0.12,0.38,0.21,0.12,0.762,0.189,8.1,7.6,686752,2023
Freddy Peralta,27,1089,Maj-NL,MIL,31,31,12.0,11.0,,170.2,134,81,75,56,215,27,6,3.96,635,31,0,0,7,1,7,0,0,700,2924,0.63,0.15,0.14,0.42,0.2,0.1,1.113,0.272,11.3,3.84,642547,2023
Sammy Peralta,25,1093,Maj-AL,CHC,16,0,2.0,,,20.0,19,11,9,11,18,2,0,4.05,79,6,0,0,1,0,1,0,0,90,379,0.65,0.19,0.09,0.38,0.28,0.08,1.5,0.288,8.1,1.64,671111,2023
Cionel P\xc3\xa9rez,27,1085,Maj-AL,BAL,67,0,4.0,2.0,3.0,55.0,57,30,21,28,48,2,4,3.44,218,10,0,3,5,1,11,1,0,254,904,0.63,0.17,0.09,0.63,0.18,0.04,1.545,0.325,7.9,1.71,672335,2023
Eury P\xc3\xa9rez,20,1103,Maj-NL,MIA,19,19,5.0,6.0,,91.1,72,35,32,31,108,15,2,3.15,337,22,2,0,5,2,11,1,0,374,1534,0.64,0.14,0.16,0.27,0.23,0.12,1.128,0.264,10.6,3.48,691587,2023
Hector Perez,27,1138,Maj-AL,TBR,1,0,,,,0.1,3,1,1,1,0,0,0,27.0,4,0,0,0,0,0,0,0,0,5,17,0.53,0.24,0.0,0.75,0.25,0.0,12.0,0.75,0.0,0.0,660431,2023
Mart\xc3\xadn P\xc3\xa9rez,32,1065,Maj-AL,TEX,38,20,10.0,4.0,,146.1,159,79,75,52,95,21,4,4.61,568,26,2,1,18,5,3,1,0,632,2310,0.64,0.18,0.07,0.47,0.23,0.06,1.442,0.302,5.8,1.83,527048,2023
Brandon Pfaadt,24,1063,Maj-NL,ARI,24,23,3.0,10.0,,118.0,128,71,69,31,120,25,3,5.26,466,30,3,0,8,5,8,4,0,508,1942,0.66,0.16,0.12,0.34,0.25,0.07,1.347,0.316,9.2,3.87,694297,2023
Brett Phillips,29,1240,Maj-AL,LAD,1,0,,,,0.1,1,0,0,1,0,0,0,0.0,2,0,0,0,0,0,0,0,0,3,7,0.43,0.0,0.0,0.0,0.5,0.0,6.0,0.5,0.0,0.0,621433,2023
Connor Phillips,22,1093,Maj-NL,CIN,5,5,1.0,1.0,,20.2,18,16,16,13,26,5,1,6.97,82,1,0,0,0,0,2,0,0,96,381,0.6,0.18,0.09,0.34,0.18,0.09,1.5,0.255,11.3,2.0,683175,2023
Evan Phillips,28,1082,Maj-NL,LAD,64,0,2.0,4.0,24.0,63.2,40,19,14,14,69,6,4,1.98,224,7,1,3,6,1,4,1,0,246,959,0.67,0.19,0.13,0.45,0.23,0.05,0.848,0.227,9.8,4.93,623465,2023
Konnor Pilkington,25,1251,Maj-AL,CLE,1,0,,,,2.0,1,0,0,1,2,0,0,0.0,7,0,0,0,0,0,1,0,0,8,40,0.6,0.23,0.1,0.4,0.0,0.2,1.0,0.2,9.0,2.0,663455,2023
Ren\xc3\xa9 Pinto,26,1156,Maj-AL,TBR,1,0,,,,1.0,5,5,5,0,0,3,0,45.0,8,1,0,0,0,0,0,0,0,8,26,0.58,0.15,0.08,0.0,0.13,0.13,5.0,0.4,0.0,,650907,2023
Nick Pivetta,30,1094,Maj-AL,BOS,38,16,10.0,9.0,1.0,142.2,110,69,64,50,183,23,6,4.04,528,31,1,1,7,2,12,2,1,587,2380,0.65,0.16,0.13,0.37,0.27,0.04,1.121,0.269,11.5,3.66,601713,2023
Michael Plassmeyer,26,1093,Maj-NL,PHI,1,1,,1.0,,3.2,8,10,9,0,4,3,3,22.09,20,1,0,0,0,0,0,0,0,23,85,0.67,0.12,0.14,0.31,0.13,0.13,2.182,0.385,9.8,,674681,2023
Zach Plesac,28,1247,Maj-AL,CLE,5,5,1.0,1.0,,21.1,37,20,18,5,14,3,0,7.59,99,11,0,0,1,0,1,0,1,105,373,0.69,0.14,0.1,0.52,0.24,0.05,1.969,0.415,5.9,2.8,668676,2023
Colin Poche,29,1089,Maj-AL,TBR,67,0,12.0,3.0,1.0,61.2,45,19,17,24,63,4,1,2.48,222,13,1,1,2,3,7,1,0,252,955,0.64,0.15,0.13,0.35,0.23,0.13,1.119,0.259,9.2,2.63,621363,2023
Zach Pop,26,1242,Maj-AL,TOR,15,0,1.0,1.0,,13.2,11,11,10,6,14,4,0,6.59,50,1,0,0,2,0,1,0,0,56,200,0.67,0.2,0.13,0.39,0.31,0.03,1.244,0.219,9.2,2.33,647315,2023
Ryan Pressly,34,1073,Maj-AL,HOU,70,0,5.0,5.0,34.0,71.1,56,33,26,18,84,8,1,3.28,265,8,1,0,4,5,2,0,0,289,1115,0.66,0.16,0.16,0.56,0.19,0.02,1.037,0.27,10.6,4.67,519151,2023
A.J. Puk,28,1090,Maj-NL,MIA,59,0,7.0,5.0,15.0,57.2,55,29,25,13,79,10,2,3.9,228,10,0,2,1,2,9,1,1,246,966,0.68,0.2,0.15,0.45,0.18,0.1,1.179,0.319,12.3,6.08,640462,2023
Cal Quantrill,28,1094,Maj-AL,CLE,19,19,4.0,7.0,,99.2,111,59,58,35,58,11,7,5.24,398,22,4,0,10,4,10,1,1,444,1711,0.62,0.15,0.08,0.4,0.28,0.07,1.465,0.3,5.2,1.66,615698,2023
Johan Quezada,28,1244,Maj-NL,MIA,1,0,,,,0.2,1,3,3,5,0,0,0,40.5,2,1,0,0,0,1,0,0,0,8,32,0.28,0.13,0.0,0.33,0.33,0.0,9.0,0.333,0.0,0.0,629498,2023
Jos\xc3\xa9 Quijada,27,1249,Maj-AL,LAD,10,0,,1.0,4.0,9.0,8,7,6,3,8,0,2,6.0,36,1,0,0,0,0,0,0,0,41,161,0.68,0.16,0.1,0.39,0.25,0.04,1.222,0.286,8.0,2.67,650671,2023
Cole Ragans,25,1095,Maj-AL,"KCR,TEX",29,12,7.0,5.0,,96.0,70,40,37,41,113,7,2,3.47,346,10,2,1,8,3,3,2,0,392,1586,0.64,0.14,0.14,0.44,0.24,0.05,1.156,0.275,10.6,2.76,666142,2023
Luke Raley,28,1223,Maj-AL,TBR,2,0,,,,2.2,11,9,9,0,1,2,0,30.38,19,1,1,0,0,0,0,0,0,19,41,0.68,0.15,0.02,0.28,0.44,0.11,4.125,0.563,3.4,,670042,2023
Erasmo Ram\xc3\xadrez,33,1094,"Maj-AL,Maj-NL","TBR,Washington",38,2,3.0,3.0,,60.1,82,47,43,13,43,11,4,6.41,250,13,1,0,5,7,1,2,0,274,964,0.66,0.15,0.1,0.44,0.26,0.03,1.575,0.35,6.4,3.31,541640,2023
Yohan Ram\xc3\xadrez,28,1092,"Maj-AL,Maj-NL","CHC,Pittsburgh",31,0,1.0,,,38.1,39,21,18,17,35,3,11,4.23,147,3,1,1,8,1,7,1,0,176,708,0.6,0.2,0.08,0.59,0.18,0.04,1.461,0.327,8.2,2.06,670990,2023
Lane Ramsey,26,1094,Maj-AL,CHC,21,0,1.0,,,20.0,25,13,13,9,18,1,0,5.85,80,2,1,0,2,2,4,0,0,92,340,0.62,0.16,0.1,0.37,0.25,0.11,1.7,0.381,8.1,2.0,682010,2023
Drew Rasmussen,27,1235,Maj-AL,TBR,8,8,4.0,2.0,,44.2,36,13,13,11,47,2,1,2.62,163,6,0,0,4,1,3,2,1,177,674,0.69,0.19,0.11,0.53,0.23,0.08,1.052,0.296,9.5,4.27,656876,2023
Robbie Ray,31,1276,Maj-AL,SEA,1,1,,1.0,,3.1,4,5,3,5,3,0,0,8.1,13,1,0,0,0,1,2,0,0,19,91,0.56,0.08,0.11,0.64,0.09,0.09,2.7,0.364,8.1,0.6,592662,2023
Colin Rea,32,1094,Maj-NL,MIL,26,22,6.0,6.0,,124.2,110,65,63,38,110,23,4,4.55,468,18,3,0,9,4,17,2,0,517,2018,0.66,0.18,0.1,0.44,0.23,0.07,1.187,0.257,7.9,2.89,607067,2023
Jake Reed,30,1255,Maj-NL,LAD,1,0,,,,0.2,5,6,6,1,1,1,0,81.0,6,1,0,0,0,0,0,1,0,7,29,0.66,0.21,0.1,0.6,0.0,0.0,9.0,1.0,13.5,1.0,596082,2023
Gerardo Reyes,30,1117,Maj-AL,LAD,8,0,,,,9.2,11,9,8,6,10,2,2,7.45,40,4,0,0,0,1,3,0,0,49,216,0.63,0.16,0.11,0.35,0.26,0.1,1.759,0.31,9.3,1.67,622103,2023
Pablo Reyes,29,1148,Maj-AL,BOS,2,0,,,,2.0,3,1,1,4,0,0,0,4.5,9,0,0,0,0,0,0,0,0,13,44,0.45,0.16,0.02,0.67,0.11,0.0,3.5,0.333,0.0,0.0,622569,2023
Trevor Richards,30,1092,Maj-AL,TOR,56,3,2.0,1.0,,72.2,63,41,40,35,105,13,2,4.95,276,13,1,3,3,2,2,0,1,315,1353,0.64,0.16,0.17,0.32,0.23,0.07,1.349,0.313,13.0,3.0,670950,2023
Lyon Richardson,23,1117,Maj-NL,CIN,4,4,,2.0,,16.2,17,16,16,15,12,6,0,8.64,66,3,0,0,2,0,1,0,0,81,331,0.6,0.15,0.07,0.48,0.2,0.04,1.92,0.229,6.5,0.8,680689,2023
David Robertson,38,1089,Maj-NL,"MIA,New York",63,0,6.0,6.0,18.0,67.1,55,30,24,25,82,8,3,3.21,248,10,1,2,7,0,9,0,1,277,1100,0.64,0.19,0.13,0.44,0.2,0.1,1.188,0.297,11.0,3.28,502085,2023
Nick Robertson,24,1092,"Maj-AL,Maj-NL","BOS,LAD",18,1,,1.0,,22.1,30,19,15,9,26,3,0,6.04,95,7,2,2,3,1,2,0,0,106,393,0.67,0.16,0.13,0.47,0.23,0.04,1.746,0.403,10.5,2.89,687798,2023
Dereck Rodr\xc3\xadguez,31,1106,"Maj-AL,Maj-NL","ATL,MIN",4,0,,,,5.1,9,9,9,5,1,2,0,15.19,24,4,0,0,0,1,0,0,0,30,97,0.57,0.14,0.08,0.46,0.17,0.0,2.625,0.318,1.7,0.2,605446,2023
Eduardo Rodr\xc3\xadguez,30,1092,Maj-AL,DET,26,26,13.0,9.0,,152.2,128,59,56,48,143,15,3,3.3,563,25,2,0,11,6,10,5,0,621,2445,0.65,0.18,0.1,0.43,0.27,0.07,1.153,0.275,8.4,2.98,593958,2023
Elvin Rodr\xc3\xadguez,25,1178,Maj-AL,TBR,1,0,,,,3.1,0,0,0,0,5,0,0,0.0,10,0,0,0,0,0,0,0,0,10,47,0.62,0.15,0.17,0.2,0.2,0.2,0.0,0.0,13.5,,660730,2023
Grayson Rodriguez,23,1085,Maj-AL,BAL,24,24,7.0,5.0,,123.2,127,67,64,46,131,16,2,4.66,478,19,4,0,14,3,4,2,1,530,2163,0.66,0.15,0.12,0.47,0.25,0.04,1.399,0.332,9.5,2.85,680570,2023
Joely Rodr\xc3\xadguez,31,1160,Maj-AL,BOS,11,0,,,,11.0,13,9,8,6,14,2,0,6.55,45,3,0,0,0,0,1,0,0,51,215,0.61,0.2,0.11,0.45,0.29,0.03,1.727,0.379,11.5,2.33,570257,2023
Jos\xc3\xa9 Rodr\xc3\xadguez,27,1265,Maj-AL,SEA,1,0,,,,3.0,3,3,3,1,1,0,0,9.0,11,2,0,0,0,0,0,1,0,12,48,0.73,0.17,0.02,0.6,0.2,0.0,1.333,0.3,3.0,1.0,642578,2023
Yerry Rodr\xc3\xadguez,25,1157,Maj-AL,TEX,13,1,,1.0,,13.2,20,12,12,6,15,1,0,7.9,59,7,0,1,0,1,0,0,0,66,278,0.65,0.15,0.13,0.29,0.38,0.04,1.902,0.432,9.9,2.5,666720,2023
Trevor Rogers,25,1257,Maj-NL,MIA,4,4,1.0,2.0,,18.0,16,9,8,6,19,2,3,4.0,70,1,0,0,0,0,0,0,1,79,330,0.64,0.16,0.12,0.53,0.2,0.02,1.222,0.286,9.5,3.17,669432,2023
Josh Rojas,29,1197,Maj-NL,ARI,2,0,,,,2.0,6,4,4,1,1,0,0,18.0,12,1,0,0,0,0,0,0,0,13,36,0.64,0.17,0.06,0.18,0.45,0.18,3.5,0.545,4.5,1.0,668942,2023
Miguel Rojas,34,1095,Maj-NL,LAD,3,0,,,,3.0,3,2,2,1,0,0,1,6.0,12,2,0,0,1,0,0,0,0,14,37,0.54,0.11,0.03,0.5,0.17,0.0,1.333,0.25,0.0,0.0,500743,2023
Drew Rom,23,1093,Maj-NL,STL,8,8,1.0,4.0,,33.2,51,34,30,19,32,7,0,8.02,150,14,3,0,2,1,2,1,0,170,671,0.62,0.19,0.06,0.39,0.22,0.07,2.079,0.393,8.6,1.68,680723,2023
Jordan Romano,30,1089,Maj-AL,TOR,60,0,5.0,7.0,36.0,60.1,49,20,19,24,73,6,3,2.83,225,9,1,5,3,0,9,1,0,254,930,0.66,0.15,0.17,0.39,0.24,0.1,1.21,0.295,10.9,3.04,605447,2023
JoJo Romero,26,1122,Maj-NL,STL,27,0,4.0,2.0,3.0,36.2,29,17,15,10,42,1,1,3.68,134,4,2,0,5,1,0,1,0,147,551,0.67,0.19,0.15,0.59,0.26,0.03,1.064,0.304,10.3,4.2,668941,2023
Kenny Rosenberg,27,1093,Maj-AL,LAD,7,3,2.0,2.0,,33.0,35,14,14,14,29,3,1,3.82,131,7,0,1,1,0,3,3,3,146,543,0.61,0.14,0.1,0.44,0.21,0.11,1.485,0.323,7.9,2.07,670046,2023
Michael Rucker,29,1131,Maj-NL,CHC,35,0,2.0,1.0,,40.1,39,22,22,19,40,6,3,4.91,152,5,2,0,6,2,0,1,0,176,720,0.58,0.15,0.1,0.52,0.26,0.09,1.438,0.306,8.9,2.11,621074,2023
Jos\xc3\xa9 Ruiz,28,1162,"Maj-AL,Maj-NL","ARI,CHC",38,1,2.0,1.0,,44.1,52,31,29,21,39,10,6,5.89,178,9,1,1,4,2,4,2,0,207,820,0.6,0.14,0.12,0.38,0.27,0.08,1.647,0.321,7.9,1.86,614179,2023
Joe Ryan,27,1082,Maj-AL,MIN,30,30,11.0,10.0,,163.2,157,84,82,34,198,33,6,4.51,634,30,1,0,7,6,7,3,0,680,2711,0.69,0.14,0.14,0.33,0.23,0.09,1.167,0.303,10.9,5.82,657746,2023
Ryder Ryan,28,1143,Maj-AL,SEA,1,0,,,,1.0,0,0,0,1,2,0,0,0.0,3,0,0,0,0,0,0,0,0,4,13,0.62,0.15,0.08,0.0,1.0,0.0,1.0,0.0,18.0,2.0,656924,2023
Hyun Jin Ryu,36,1093,Maj-AL,TOR,11,11,3.0,3.0,,52.0,53,25,20,14,38,9,1,3.46,206,12,0,0,4,1,3,1,0,224,830,0.66,0.18,0.1,0.46,0.24,0.06,1.288,0.275,6.6,2.71,547943,2023
Andrew Saalfrank,25,1062,Maj-NL,ARI,21,0,,,,16.0,10,5,2,12,8,0,1,1.13,55,1,0,1,3,0,2,0,0,68,265,0.61,0.13,0.13,0.74,0.19,0.0,1.375,0.213,4.5,0.67,685314,2023
Eduardo Salazar,25,1184,Maj-NL,CIN,8,0,1.0,,,12.1,16,11,11,5,5,0,4,8.03,49,3,0,0,0,3,0,0,1,61,239,0.58,0.15,0.07,0.53,0.23,0.0,1.703,0.34,3.6,1.0,674285,2023
Chris Sale,34,1095,Maj-AL,BOS,20,20,6.0,5.0,,102.2,87,52,49,29,125,15,8,4.3,384,24,2,0,7,3,8,1,0,425,1670,0.65,0.17,0.13,0.38,0.23,0.08,1.13,0.291,11.0,4.31,519242,2023
Cristopher S\xc3\xa1nchez,26,1073,Maj-NL,PHI,20,19,3.0,5.0,,101.2,90,46,39,17,97,16,3,3.45,385,18,2,0,13,1,7,2,2,407,1498,0.67,0.19,0.11,0.58,0.2,0.02,1.052,0.271,8.6,5.71,650911,2023
Nick Sandlin,26,1092,Maj-AL,CLE,61,0,5.0,5.0,,60.0,38,28,25,24,66,12,2,3.75,209,7,0,1,4,2,7,3,0,239,1008,0.63,0.16,0.14,0.42,0.16,0.1,1.033,0.195,9.9,2.75,680704,2023
Patrick Sandoval,26,1098,Maj-AL,LAD,28,28,7.0,13.0,,144.2,145,89,66,74,128,12,4,4.11,567,29,1,2,12,3,7,3,3,652,2621,0.62,0.16,0.12,0.47,0.28,0.06,1.514,0.309,8.0,1.73,663776,2023
Cole Sands,25,1120,Maj-AL,MIN,15,0,,,,21.2,20,10,9,13,21,4,0,3.74,85,5,0,0,1,0,0,0,0,98,412,0.62,0.18,0.07,0.39,0.2,0.06,1.523,0.267,8.7,1.62,663485,2023
Reiver Sanmartin,27,1239,Maj-NL,CIN,14,0,1.0,,,14.0,17,13,11,10,13,2,0,7.07,59,2,0,0,0,1,0,0,0,70,309,0.6,0.15,0.1,0.57,0.21,0.02,1.929,0.333,8.4,1.3,665665,2023
Tony Santillan,26,1167,Maj-NL,CIN,3,0,1.0,,,3.1,4,1,1,5,1,0,0,2.7,13,2,0,1,1,0,0,0,0,18,59,0.56,0.25,0.05,0.33,0.33,0.08,2.7,0.333,2.7,0.2,663574,2023
Gregory Santos,23,1107,Maj-AL,CHC,60,0,2.0,2.0,5.0,66.1,69,29,25,17,66,2,5,3.39,267,8,1,1,2,0,10,3,1,289,1053,0.68,0.18,0.13,0.52,0.3,0.01,1.296,0.337,9.0,3.88,666619,2023
Tayler Saucedo,30,1093,Maj-AL,SEA,52,0,3.0,2.0,1.0,47.2,41,20,19,23,43,2,6,3.59,175,5,1,1,8,0,4,1,0,207,789,0.63,0.17,0.13,0.59,0.24,0.03,1.343,0.3,8.1,1.87,642048,2023
Josh Sborz,29,1061,Maj-AL,TEX,54,0,6.0,7.0,1.0,64.1,47,34,33,21,79,8,1,4.62,235,8,1,0,4,0,4,0,0,258,1003,0.64,0.18,0.15,0.47,0.22,0.07,1.057,0.264,11.1,3.76,622250,2023
Max Scherzer,38,1063,"Maj-AL,Maj-NL","New York,TEX",30,30,13.0,7.0,,162.1,137,72,71,50,181,30,5,3.94,606,25,1,1,10,2,10,1,0,663,2609,0.66,0.15,0.13,0.34,0.22,0.11,1.152,0.27,10.0,3.62,453286,2023
Jesse Scholtens,29,1103,Maj-AL,CHC,26,11,1.0,9.0,1.0,85.0,100,54,50,30,58,15,2,5.29,343,12,0,1,8,2,7,3,0,377,1447,0.62,0.17,0.09,0.41,0.24,0.06,1.529,0.313,6.1,1.93,669947,2023
Jonathan Schoop,31,1187,Maj-AL,DET,1,0,,,,1.1,1,0,0,0,1,0,0,0.0,5,0,0,0,0,0,0,0,0,5,17,0.76,0.29,0.06,0.25,0.5,0.0,0.75,0.25,6.8,,570731,2023
John Schreiber,29,1092,Maj-AL,BOS,46,2,2.0,1.0,1.0,46.2,41,22,20,25,53,6,4,3.86,173,8,1,2,4,2,0,0,0,204,818,0.63,0.18,0.11,0.43,0.23,0.07,1.414,0.302,10.2,2.12,670167,2023
Tanner Scott,28,1089,Maj-NL,MIA,75,0,9.0,5.0,12.0,79.0,53,22,20,24,105,3,4,2.28,280,11,0,3,10,2,5,0,0,310,1218,0.68,0.17,0.17,0.5,0.25,0.05,0.975,0.287,12.0,4.38,656945,2023
Tayler Scott,31,1136,"Maj-AL,Maj-NL","BOS,LAD,Oakland",18,2,,,,17.2,23,12,11,10,17,3,3,5.6,74,10,0,2,1,1,4,0,0,88,338,0.61,0.15,0.09,0.38,0.22,0.03,1.868,0.364,8.7,1.7,605463,2023
Paul Sewald,33,1061,"Maj-AL,Maj-NL","ARI,SEA",75,0,4.0,2.0,40.0,70.2,55,29,27,27,96,10,4,3.44,260,10,0,2,3,1,9,0,0,294,1201,0.67,0.16,0.14,0.32,0.22,0.08,1.16,0.29,12.2,3.56,623149,2023
Bryan Shaw,35,1092,Maj-AL,CHC,38,0,,,4.0,45.2,39,21,21,17,40,3,6,4.14,166,8,0,0,9,1,2,0,1,190,777,0.61,0.15,0.1,0.4,0.26,0.07,1.226,0.29,7.9,2.35,543766,2023
Emmet Sheehan,23,1086,Maj-NL,LAD,14,11,4.0,1.0,1.0,64.0,50,36,36,28,68,12,2,5.06,233,11,1,0,5,3,4,1,0,266,1102,0.64,0.13,0.14,0.33,0.21,0.08,1.219,0.244,9.6,2.43,686218,2023
Ryan Sherriff,33,1212,Maj-AL,BOS,5,0,,,,6.2,6,2,2,2,5,0,1,2.7,25,3,1,0,0,1,2,0,0,29,104,0.63,0.19,0.12,0.38,0.19,0.24,1.2,0.286,6.8,2.5,595411,2023
Zack Short,28,1127,Maj-AL,DET,6,0,,,,6.0,12,4,4,1,1,0,1,6.0,30,1,0,0,0,0,0,0,0,32,100,0.62,0.12,0.02,0.17,0.45,0.1,2.167,0.414,1.5,1.0,670097,2023
Chasen Shreve,32,1115,"Maj-AL,Maj-NL","CIN,DET",50,0,1.0,2.0,,44.2,46,25,23,14,45,7,1,4.63,173,6,2,0,3,4,1,0,0,193,753,0.64,0.16,0.13,0.44,0.22,0.07,1.343,0.312,9.1,3.21,592741,2023
Jared Shuster,24,1107,Maj-NL,ATL,11,11,4.0,3.0,,52.2,53,34,34,26,30,7,1,5.81,201,10,2,0,4,2,9,3,0,230,864,0.62,0.16,0.09,0.36,0.23,0.12,1.5,0.277,5.1,1.15,694363,2023
Chase Silseth,23,1094,Maj-AL,LAD,16,8,4.0,1.0,,52.1,41,26,23,26,56,9,2,3.96,193,9,0,0,6,0,3,0,1,221,888,0.61,0.17,0.11,0.49,0.23,0.04,1.28,0.25,9.6,2.15,681217,2023
Lucas Sims,29,1093,Maj-NL,CIN,67,0,7.0,3.0,3.0,61.0,33,23,21,39,72,5,10,3.1,202,11,1,1,3,5,5,2,3,258,1063,0.6,0.15,0.14,0.25,0.21,0.15,1.18,0.215,10.6,1.85,608371,2023
Brady Singer,26,1105,Maj-AL,KCR,29,29,8.0,11.0,,159.2,182,102,98,49,133,20,8,5.52,634,44,5,0,13,10,11,3,0,702,2613,0.64,0.18,0.1,0.5,0.24,0.04,1.447,0.33,7.5,2.71,663903,2023
Tarik Skubal,26,1096,Maj-AL,DET,15,15,7.0,3.0,,80.1,58,28,25,14,102,4,3,2.8,292,11,3,0,8,1,4,0,1,310,1219,0.69,0.16,0.15,0.52,0.2,0.09,0.896,0.289,11.4,7.29,669373,2023
Ethan Small,26,1095,Maj-NL,MIL,2,0,,,1.0,4.0,9,5,5,2,6,1,0,11.25,21,3,0,0,0,0,0,0,0,23,93,0.62,0.17,0.11,0.27,0.4,0.13,2.75,0.571,13.5,3.0,663629,2023
Devin Smeltzer,27,1116,Maj-NL,MIA,9,1,,1.0,,22.1,29,18,16,4,16,7,4,6.45,92,6,0,0,2,0,0,1,0,100,362,0.66,0.19,0.09,0.36,0.24,0.08,1.478,0.319,6.4,4.0,656970,2023
Will Smith,33,1062,Maj-AL,TEX,65,0,2.0,7.0,22.0,60.2,47,35,32,20,59,6,1,4.75,221,11,1,4,4,0,8,2,2,242,926,0.66,0.16,0.14,0.31,0.28,0.09,1.104,0.263,8.8,2.95,519293,2023
AJ Smith-Shawver,20,1082,Maj-NL,ATL,7,5,1.0,,,28.0,20,17,15,12,23,10,1,4.82,104,1,0,0,1,0,5,1,0,117,507,0.58,0.14,0.09,0.35,0.19,0.1,1.143,0.141,7.4,1.92,700363,2023
Drew Smyly,34,1092,Maj-NL,CHC,41,23,11.0,11.0,,142.1,147,89,79,56,141,26,6,5.0,554,36,2,0,10,7,15,5,5,626,2403,0.63,0.16,0.11,0.36,0.24,0.12,1.426,0.307,8.9,2.52,592767,2023
Blake Snell,30,1098,Maj-NL,SDP,32,32,14.0,9.0,,180.0,115,47,45,99,234,15,3,2.25,636,22,0,0,13,3,25,1,1,742,3169,0.58,0.15,0.15,0.44,0.26,0.05,1.189,0.256,11.7,2.36,605483,2023
Collin Snider,27,1093,Maj-AL,KCR,20,1,,,1.0,20.1,24,12,11,13,11,3,0,4.87,81,5,0,0,3,1,2,0,0,95,367,0.58,0.18,0.07,0.54,0.18,0.06,1.82,0.309,4.9,0.85,676092,2023
Peter Solomon,26,1246,Maj-NL,ARI,5,0,,,,13.1,17,18,18,11,6,2,1,12.15,55,6,2,0,1,0,1,0,0,67,236,0.56,0.17,0.06,0.39,0.29,0.04,2.1,0.319,4.1,0.55,656981,2023
George Soriano,24,1090,Maj-NL,MIA,27,1,,,1.0,53.0,46,26,22,23,53,6,5,3.74,200,9,0,1,4,2,0,0,0,231,900,0.62,0.17,0.12,0.43,0.23,0.08,1.302,0.28,9.0,2.3,666277,2023
Jos\xc3\xa9 Soriano,24,1093,Maj-AL,LAD,38,0,1.0,3.0,,42.0,33,22,17,23,56,4,7,3.64,154,3,1,2,2,0,1,2,1,185,694,0.62,0.19,0.15,0.53,0.22,0.04,1.333,0.309,12.0,2.43,667755,2023
Michael Soroka,25,1118,Maj-NL,ATL,7,6,2.0,2.0,,32.1,36,23,23,12,29,9,4,6.4,128,8,0,0,4,0,0,0,0,145,537,0.62,0.17,0.1,0.46,0.27,0.05,1.485,0.3,8.1,2.42,647336,2023
Gregory Soto,28,1070,Maj-NL,PHI,74,0,3.0,4.0,3.0,63.1,52,36,33,24,68,6,2,4.69,237,10,0,0,4,2,2,0,1,266,1025,0.66,0.18,0.15,0.53,0.17,0.04,1.2,0.279,9.7,2.83,642397,2023
Bennett Sousa,28,1092,"Maj-AL,Maj-NL","HOU,MIL",7,0,,,,9.0,6,4,4,2,10,1,0,4.0,32,0,0,0,1,0,0,0,0,34,140,0.64,0.14,0.14,0.45,0.18,0.14,0.889,0.238,10.0,5.0,656986,2023
Alex Speas,25,1161,Maj-AL,TEX,3,0,,2.0,,2.0,2,3,3,5,4,0,0,13.5,7,0,0,1,0,0,0,1,0,12,65,0.51,0.2,0.09,0.0,0.67,0.0,3.5,0.667,18.0,0.8,666208,2023
Gabe Speier,28,1093,Maj-AL,SEA,69,0,2.0,2.0,1.0,54.2,47,24,23,11,64,7,3,3.79,200,7,0,4,8,2,5,1,0,216,782,0.69,0.16,0.16,0.56,0.21,0.03,1.061,0.305,10.5,5.82,642100,2023
Carson Spiers,25,1094,Maj-NL,CIN,4,2,,1.0,1.0,13.0,18,12,10,7,12,1,0,6.92,56,3,0,0,1,1,1,0,0,64,291,0.63,0.14,0.1,0.27,0.31,0.13,1.923,0.386,8.3,1.71,686730,2023
Jeffrey Springs,30,1263,Maj-AL,TBR,3,3,2.0,,,16.0,4,1,1,4,24,1,0,0.56,50,0,0,0,1,0,0,0,0,55,207,0.7,0.27,0.15,0.5,0.15,0.19,0.5,0.12,13.5,6.0,605488,2023
Jacob Stallings,33,1101,Maj-NL,MIA,7,0,,,,8.0,12,4,4,0,1,1,2,4.5,33,4,0,0,2,1,0,0,0,36,92,0.73,0.18,0.02,0.33,0.27,0.06,1.5,0.344,1.1,,607732,2023
Ryne Stanek,31,1070,Maj-AL,HOU,59,0,4.0,1.0,,54.2,46,27,26,21,52,9,2,4.28,205,9,0,1,4,1,2,0,0,229,921,0.63,0.11,0.14,0.32,0.22,0.08,1.226,0.255,8.6,2.48,592773,2023
Josh Staumont,29,1210,Maj-AL,KCR,21,1,,,,20.0,16,12,12,13,24,1,2,5.4,73,2,0,0,3,0,2,0,0,89,360,0.6,0.13,0.12,0.51,0.14,0.1,1.45,0.313,10.8,1.85,622251,2023
Justin Steele,27,1097,Maj-NL,CHC,30,30,16.0,5.0,,173.1,167,71,59,36,176,14,7,3.06,666,34,2,0,14,2,8,4,1,716,2681,0.68,0.15,0.12,0.5,0.24,0.06,1.171,0.32,9.1,4.89,657006,2023
Trevor Stephan,27,1092,Maj-AL,CLE,71,0,7.0,7.0,2.0,68.2,63,35,31,26,75,6,5,4.06,257,17,1,1,5,3,13,1,0,294,1128,0.62,0.13,0.14,0.43,0.23,0.07,1.296,0.318,9.8,2.88,663986,2023
Jackson Stephens,29,1094,Maj-NL,ATL,5,0,,,,12.0,13,4,4,5,11,1,0,3.0,46,1,0,0,1,0,2,1,0,52,226,0.64,0.15,0.11,0.44,0.31,0.06,1.5,0.353,8.3,2.2,623451,2023
Robert Stephenson,30,1093,"Maj-AL,Maj-NL","Pittsburgh,TBR",60,0,3.0,4.0,1.0,52.1,30,20,18,16,77,8,0,3.1,182,8,0,2,2,2,1,1,0,201,763,0.7,0.16,0.25,0.34,0.21,0.13,0.879,0.222,13.2,4.81,596112,2023
Brock Stewart,31,1082,Maj-AL,MIN,31,0,2.0,,1.0,30.2,20,4,4,12,43,2,1,1.17,107,4,0,3,3,0,1,2,1,120,486,0.67,0.16,0.19,0.38,0.3,0.08,1.043,0.29,12.6,3.58,592779,2023
Gavin Stone,24,1101,Maj-NL,LAD,8,4,1.0,1.0,1.0,31.0,46,32,31,13,22,8,2,9.0,136,10,1,0,2,1,1,0,0,152,547,0.64,0.13,0.14,0.47,0.27,0.04,1.903,0.355,6.4,1.69,694813,2023
Levi Stoudt,25,1162,Maj-NL,CIN,4,2,,1.0,,10.1,16,11,11,8,9,1,0,9.58,46,2,2,0,1,1,3,0,0,55,224,0.6,0.18,0.08,0.45,0.29,0.08,2.323,0.405,7.8,1.13,686651,2023
Matt Strahm,31,1069,Maj-NL,PHI,63,10,9.0,5.0,3.0,93.0,71,34,32,23,113,11,3,3.1,338,17,1,0,4,6,6,0,0,371,1460,0.67,0.17,0.13,0.34,0.26,0.11,1.011,0.273,10.9,4.91,621381,2023
Chris Stratton,32,1062,"Maj-AL,Maj-NL","STL,TEX",68,0,2.0,1.0,1.0,86.2,73,43,40,27,84,9,2,4.15,318,15,2,0,7,7,7,2,2,356,1433,0.65,0.18,0.09,0.39,0.22,0.08,1.154,0.276,8.7,3.11,608717,2023
Spencer Strider,24,1081,Maj-NL,ATL,34,34,20.0,7.0,,199.1,158,90,84,63,296,26,10,3.79,742,31,3,2,8,0,21,3,2,815,3290,0.68,0.15,0.19,0.36,0.25,0.07,1.109,0.314,13.4,4.7,675911,2023
Marcus Stroman,32,1095,Maj-NL,CHC,27,25,10.0,9.0,,136.2,120,68,60,52,119,9,3,3.95,519,27,0,0,16,1,17,1,1,575,2205,0.62,0.17,0.09,0.57,0.24,0.02,1.259,0.283,7.8,2.29,573186,2023
Peter Strzelecki,28,1135,Maj-NL,"ARI,MIL",37,0,3.0,5.0,,37.0,33,18,18,12,37,3,8,4.38,141,8,0,1,2,1,9,0,0,163,653,0.63,0.17,0.11,0.39,0.23,0.05,1.216,0.294,9.0,3.08,657265,2023
Andrew Su\xc3\xa1rez,30,1094,Maj-NL,STL,13,0,,,,27.2,33,27,22,15,17,7,0,7.16,115,8,1,0,1,0,0,0,0,130,521,0.63,0.16,0.09,0.42,0.17,0.09,1.735,0.286,5.5,1.13,605498,2023
Jos\xc3\xa9 Suarez,25,1092,Maj-AL,LAD,11,7,1.0,3.0,,33.2,46,32,31,20,28,10,1,8.29,142,8,0,1,2,1,0,1,1,165,618,0.62,0.14,0.13,0.33,0.2,0.15,1.96,0.343,7.5,1.4,660761,2023
Ranger Suarez,27,1069,Maj-NL,PHI,26,26,5.0,7.0,,143.2,142,63,62,50,138,14,2,3.88,551,28,3,0,15,4,9,3,0,611,2289,0.63,0.18,0.1,0.49,0.25,0.05,1.336,0.318,8.6,2.76,624133,2023
Robert Suarez,32,1094,Maj-NL,SDP,26,0,4.0,3.0,,27.2,15,13,13,10,24,4,0,4.23,97,2,0,3,0,1,2,1,0,108,449,0.65,0.16,0.12,0.5,0.2,0.04,0.904,0.157,7.8,2.4,663158,2023
Wander Suero,31,1113,Maj-NL,LAD,5,0,1.0,,,8.0,6,7,7,5,9,2,0,7.88,30,0,0,0,0,0,4,0,0,35,159,0.59,0.18,0.07,0.38,0.14,0.1,1.375,0.211,10.1,1.8,593833,2023
Cole Sulser,33,1155,Maj-NL,ARI,4,0,,,,5.1,5,4,4,3,4,2,0,6.75,20,1,0,0,0,0,0,0,0,23,84,0.55,0.1,0.14,0.25,0.38,0.13,1.5,0.214,6.8,1.33,642121,2023
Erik Swanson,29,1089,Maj-AL,TOR,71,0,4.0,2.0,4.0,68.0,52,22,22,24,77,8,0,2.91,244,8,1,0,8,0,8,1,1,269,1085,0.65,0.15,0.15,0.41,0.16,0.07,1.118,0.277,10.2,3.21,657024,2023
Devin Sweet,26,1104,Maj-AL,"Oakland,SEA",7,0,1.0,,,8.2,10,10,10,6,6,4,2,10.38,35,0,0,0,1,0,0,0,0,43,166,0.57,0.11,0.09,0.41,0.17,0.17,1.846,0.24,6.2,1.0,682967,2023
Noah Syndergaard,30,1127,"Maj-AL,Maj-NL","CLE,LAD",18,18,2.0,6.0,,88.2,104,65,64,19,56,22,10,6.5,358,17,3,0,7,4,34,1,0,391,1409,0.66,0.17,0.08,0.38,0.28,0.06,1.387,0.289,5.7,2.95,592789,2023
Jameson Taillon,31,1093,Maj-NL,CHC,30,29,8.0,10.0,1.0,154.1,156,96,83,41,140,27,5,4.84,604,28,1,0,10,5,13,3,0,655,2534,0.66,0.17,0.1,0.38,0.24,0.1,1.276,0.292,8.2,3.41,592791,2023
Domingo Tapia,31,1182,Maj-NL,SDP,15,0,,1.0,1.0,17.2,13,8,7,12,14,2,1,3.57,62,3,0,1,2,0,1,1,0,75,318,0.59,0.16,0.1,0.46,0.23,0.1,1.415,0.239,7.1,1.17,593619,2023
Josh Taylor,30,1219,Maj-AL,KCR,17,1,1.0,3.0,,17.2,22,17,16,9,26,4,0,8.15,72,5,0,1,1,2,2,0,0,83,341,0.64,0.17,0.14,0.46,0.19,0.08,1.755,0.409,13.2,2.89,657031,2023
Julio Teheran,32,1095,Maj-NL,MIL,14,11,3.0,5.0,,71.2,68,36,35,13,50,13,4,4.4,268,14,2,0,6,2,9,3,3,288,1081,0.66,0.18,0.09,0.41,0.25,0.07,1.13,0.266,6.3,3.85,527054,2023
Rowdy Tellez,28,1101,Maj-NL,MIL,1,0,,,,1.0,1,0,0,0,1,0,0,0.0,4,0,0,0,0,0,0,0,0,4,13,0.69,0.08,0.23,0.0,0.33,0.33,1.0,0.333,9.0,,642133,2023
Ryan Tepera,35,1166,"Maj-AL,Maj-NL","LAD,STL",12,0,2.0,2.0,,10.2,18,11,9,4,11,3,3,7.59,48,1,0,1,1,0,2,1,0,57,231,0.57,0.13,0.11,0.46,0.14,0.03,2.063,0.441,9.3,2.75,572193,2023
Juan Then,23,1217,Maj-AL,SEA,9,0,,,,11.0,14,6,6,2,5,3,0,4.91,46,2,0,0,1,0,3,0,0,48,168,0.61,0.19,0.06,0.63,0.17,0.05,1.455,0.289,4.1,2.5,672730,2023
Caleb Thielbar,36,1082,Maj-AL,MIN,40,0,3.0,2.0,,33.2,27,15,14,7,38,9,0,3.74,124,5,1,0,1,0,2,1,0,132,530,0.65,0.15,0.1,0.37,0.2,0.11,1.01,0.234,10.2,5.43,573204,2023
Keegan Thompson,28,1116,Maj-NL,CHC,19,0,2.0,2.0,1.0,28.2,20,15,15,19,26,2,1,4.71,103,4,0,0,2,2,1,0,0,125,477,0.61,0.18,0.1,0.39,0.2,0.09,1.36,0.234,8.2,1.37,624522,2023
Ryan Thompson,31,1066,"Maj-AL,Maj-NL","ARI,TBR",40,0,2.0,2.0,1.0,42.1,31,17,16,12,29,3,4,3.4,149,6,1,1,4,1,5,1,1,167,591,0.66,0.2,0.08,0.61,0.14,0.07,1.016,0.237,6.2,2.42,657044,2023
Zack Thompson,25,1096,Maj-NL,STL,25,9,5.0,7.0,,66.1,69,35,33,25,72,8,2,4.48,256,15,0,0,6,3,2,3,1,287,1169,0.63,0.2,0.1,0.46,0.26,0.06,1.417,0.341,9.8,2.88,668868,2023
Trent Thornton,29,1092,Maj-AL,"SEA,TOR",27,1,1.0,2.0,,31.1,30,12,7,6,26,5,0,2.01,119,7,0,0,4,0,3,1,1,125,458,0.67,0.19,0.1,0.4,0.22,0.09,1.149,0.284,7.5,4.33,663423,2023
Michael Tonkin,33,1082,Maj-NL,ATL,46,0,7.0,3.0,1.0,80.2,66,41,38,23,76,13,2,4.24,299,9,1,1,5,3,7,0,0,329,1299,0.67,0.16,0.11,0.39,0.24,0.11,1.103,0.249,8.5,3.3,543859,2023
Justin Topa,32,1093,Maj-AL,SEA,75,0,5.0,4.0,3.0,69.0,61,26,20,18,61,4,3,2.61,254,6,2,4,7,3,6,3,2,279,1046,0.68,0.22,0.09,0.57,0.22,0.04,1.145,0.297,8.0,3.39,623437,2023
Touki Toussaint,27,1095,Maj-AL,"CHC,CLE",20,16,4.0,7.0,,87.0,69,48,48,57,85,10,7,4.97,310,9,1,0,8,7,9,2,1,384,1595,0.59,0.18,0.09,0.5,0.25,0.03,1.448,0.266,8.8,1.49,657053,2023
Spencer Turnbull,30,1240,Maj-AL,DET,7,7,1.0,4.0,,31.0,37,26,25,15,24,5,3,7.26,127,10,0,0,4,0,3,0,2,145,556,0.63,0.18,0.09,0.48,0.21,0.06,1.677,0.327,7.0,1.6,605513,2023
Erich Uelmen,27,1227,Maj-NL,PHI,1,0,,,,1.0,3,4,4,2,1,0,0,36.0,5,2,0,0,0,1,2,0,0,8,33,0.48,0.21,0.09,0.4,0.4,0.0,5.0,0.6,9.0,0.5,657272,2023
Jos\xc3\xa9 Ure\xc3\xb1a,31,1092,"Maj-AL,Maj-NL","CHC,Colorado",10,10,,7.0,,44.2,50,37,32,22,29,13,1,6.45,176,8,4,0,5,3,5,4,0,203,771,0.62,0.15,0.09,0.48,0.19,0.03,1.612,0.27,5.8,1.32,570632,2023
Julio Ur\xc3\xadas,26,1122,Maj-NL,LAD,21,21,11.0,8.0,,117.1,112,61,60,24,117,24,6,4.6,444,28,1,0,11,6,11,6,3,482,1853,0.69,0.19,0.1,0.38,0.22,0.11,1.159,0.285,9.0,4.88,628711,2023
Abner Uribe,23,1089,Maj-NL,MIL,34,0,1.0,,1.0,32.0,18,9,7,22,40,0,1,1.97,110,2,1,0,2,2,4,0,0,135,552,0.59,0.19,0.12,0.56,0.21,0.04,1.25,0.25,11.3,1.82,682842,2023
Jos\xc3\xa9 Urquidy,28,1070,Maj-AL,HOU,19,12,4.0,3.0,1.0,73.0,75,43,43,27,53,16,2,5.3,285,14,1,0,3,2,13,2,0,316,1252,0.64,0.13,0.12,0.34,0.23,0.13,1.397,0.271,6.5,1.96,664353,2023
Framber Valdez,29,1071,Maj-AL,HOU,34,34,12.0,14.0,,210.0,185,99,88,63,217,23,11,3.77,781,38,3,0,24,8,19,1,1,869,3191,0.64,0.16,0.12,0.55,0.23,0.03,1.181,0.295,9.3,3.44,664285,2023
Chris Vallimont,26,1182,Maj-AL,BAL,1,0,,,,0.2,1,0,0,0,1,0,0,0.0,2,1,0,0,0,0,0,0,0,2,11,0.55,0.09,0.18,1.0,0.0,0.0,1.5,1.0,13.5,,681808,2023
Carlos Vargas,23,1265,Maj-NL,ARI,5,0,,,,4.2,5,3,3,4,7,2,1,5.79,17,0,0,0,2,0,0,0,0,22,81,0.6,0.2,0.11,0.5,0.2,0.0,1.929,0.375,13.5,1.75,672841,2023
Gus Varland,26,1114,Maj-NL,"LAD,MIL",16,0,1.0,1.0,,20.1,27,18,15,16,20,3,1,6.64,85,6,1,1,3,0,2,0,0,103,403,0.63,0.18,0.11,0.5,0.3,0.03,2.115,0.387,8.9,1.25,681402,2023
Louis Varland,25,1089,Maj-AL,MIN,19,10,4.0,3.0,,68.2,68,35,35,17,72,16,1,4.59,266,7,4,0,3,1,1,1,0,287,1110,0.69,0.15,0.12,0.45,0.2,0.04,1.238,0.291,9.4,4.24,686973,2023
Andrew Vasquez,29,1093,"Maj-AL,Maj-NL","DET,PHI",42,0,2.0,1.0,,48.1,46,21,18,23,43,4,7,3.35,186,4,2,1,3,1,0,1,0,219,853,0.66,0.23,0.07,0.47,0.23,0.06,1.428,0.3,8.0,1.87,607755,2023
Anthony Veneziano,25,1095,Maj-AL,KCR,2,0,,,,2.1,2,2,0,2,1,0,0,0.0,10,1,1,0,0,0,0,0,0,12,55,0.58,0.11,0.09,0.33,0.22,0.11,1.714,0.222,3.9,0.5,685107,2023
Drew VerHagen,32,1093,Maj-NL,STL,60,0,5.0,1.0,,61.0,52,30,27,26,60,9,9,3.98,230,12,0,2,5,3,9,0,0,268,1044,0.63,0.16,0.13,0.41,0.2,0.07,1.279,0.262,8.9,2.31,572403,2023
Justin Verlander,40,1073,"Maj-AL,Maj-NL","HOU,New York",30,30,14.0,9.0,,180.2,155,69,64,51,158,21,6,3.19,683,33,2,0,11,4,11,2,1,744,2879,0.65,0.16,0.1,0.35,0.23,0.13,1.14,0.264,7.9,3.1,434378,2023
Alex Vesia,27,1082,Maj-NL,LAD,58,1,2.0,5.0,1.0,51.2,53,28,25,17,66,8,2,4.35,205,7,1,3,1,0,6,1,0,224,886,0.65,0.14,0.14,0.29,0.23,0.13,1.355,0.344,11.5,3.88,681911,2023
Nick Vespi,27,1134,Maj-AL,BAL,9,0,1.0,,,14.2,16,7,7,2,9,2,1,4.3,56,6,0,1,2,0,0,1,0,59,202,0.67,0.16,0.09,0.47,0.26,0.04,1.227,0.311,5.5,4.5,663989,2023
Will Vest,28,1092,Maj-AL,DET,48,4,2.0,1.0,2.0,48.1,40,18,16,13,56,3,0,2.98,185,9,1,1,4,0,1,0,0,199,780,0.68,0.21,0.11,0.44,0.26,0.05,1.097,0.294,10.4,4.31,676684,2023
Thyago Vieira,30,1106,Maj-NL,MIL,2,0,,1.0,,3.0,0,1,0,1,2,0,0,0.0,8,0,0,0,0,1,1,0,0,10,36,0.72,0.14,0.11,0.14,0.29,0.0,0.333,0.0,6.0,2.0,600986,2023
Darius Vines,25,1096,Maj-NL,ATL,5,2,1.0,,,20.1,15,10,9,7,14,3,1,3.98,74,3,2,0,1,2,2,1,0,84,308,0.63,0.15,0.11,0.4,0.18,0.1,1.082,0.203,6.2,2.0,670241,2023
Jason Vosler,29,1257,Maj-NL,CIN,2,0,,,,2.0,5,1,1,0,0,0,0,4.5,11,0,0,0,0,0,0,0,0,11,25,0.8,0.08,0.04,0.36,0.09,0.27,2.5,0.455,0.0,,613564,2023
Austin Voth,31,1124,Maj-AL,BAL,25,0,1.0,2.0,,34.2,39,22,20,15,34,6,3,5.19,140,5,1,1,1,1,1,0,0,160,664,0.64,0.16,0.11,0.34,0.29,0.1,1.558,0.327,8.8,2.27,608723,2023
Michael Wacha,31,1093,Maj-NL,SDP,24,24,14.0,4.0,,134.1,113,49,48,43,124,15,3,3.22,505,32,1,0,5,2,4,3,0,553,2222,0.65,0.17,0.11,0.35,0.25,0.09,1.161,0.266,8.3,2.88,608379,2023
Adam Wainwright,41,1105,Maj-NL,STL,21,21,5.0,11.0,,101.0,151,89,83,41,55,20,1,7.4,438,36,2,0,13,2,4,0,0,484,1788,0.61,0.2,0.05,0.41,0.27,0.04,1.901,0.359,4.9,1.34,425794,2023
Matt Waldron,26,1096,Maj-NL,SDP,8,6,1.0,3.0,,41.1,39,20,20,12,31,9,0,4.35,160,7,2,0,2,1,8,0,1,173,673,0.65,0.17,0.08,0.4,0.22,0.11,1.234,0.248,6.8,2.58,663362,2023
Taijuan Walker,30,1093,Maj-NL,PHI,31,31,15.0,6.0,,172.2,155,87,84,71,138,20,8,4.38,650,35,4,1,8,3,12,7,6,733,2838,0.61,0.17,0.08,0.45,0.23,0.06,1.309,0.273,7.2,1.94,592836,2023
Brandon Walter,26,1109,Maj-AL,BOS,9,0,,,1.0,23.0,32,17,16,7,16,3,1,6.26,98,7,0,0,1,0,1,1,0,106,365,0.65,0.15,0.07,0.43,0.2,0.11,1.696,0.367,6.3,2.29,687888,2023
Andrew Wantz,27,1093,Maj-AL,LAD,27,3,2.0,,,39.1,28,18,17,15,33,4,1,3.89,142,4,3,1,3,2,1,0,0,160,659,0.63,0.14,0.12,0.31,0.21,0.15,1.093,0.224,7.6,2.2,681806,2023
Austin Warren,27,1253,Maj-AL,LAD,2,0,1.0,,,1.2,2,1,1,0,2,1,0,5.4,6,0,0,0,0,0,0,0,0,6,23,0.61,0.22,0.09,0.0,0.25,0.0,1.2,0.333,10.8,,681810,2023
Ryan Weathers,23,1092,Maj-NL,"MIA,SDP",15,12,1.0,8.0,,57.2,68,44,42,29,43,12,1,6.55,223,15,1,0,6,3,2,5,6,257,1073,0.6,0.16,0.09,0.38,0.23,0.09,1.682,0.327,6.7,1.48,677960,2023
Luke Weaver,29,1095,"Maj-AL,Maj-NL","CIN,New York,SEA",29,25,3.0,6.0,,123.2,155,90,88,40,109,29,4,6.4,515,40,3,0,6,4,3,2,0,563,2258,0.63,0.16,0.09,0.36,0.29,0.07,1.577,0.331,7.9,2.73,596133,2023
Jacob Webb,29,1085,Maj-AL,"BAL,LAD",56,0,1.0,1.0,1.0,55.2,41,24,24,31,58,8,4,3.88,204,8,2,3,4,1,3,0,0,241,970,0.64,0.14,0.15,0.36,0.24,0.07,1.293,0.237,9.4,1.87,657097,2023
Zack Weiss,31,1103,Maj-AL,"BOS,LAD",12,0,1.0,,,14.0,9,6,5,6,15,4,1,3.21,50,1,0,0,0,1,0,0,0,58,227,0.66,0.2,0.12,0.33,0.28,0.06,1.071,0.156,9.6,2.5,592848,2023
Tyler Wells,28,1083,Maj-AL,BAL,28,20,7.0,6.0,1.0,122.0,84,50,48,34,120,25,4,3.54,440,15,2,0,7,3,2,1,3,481,1949,0.64,0.17,0.11,0.33,0.2,0.12,0.967,0.198,8.9,3.53,669330,2023
Joey Wentz,25,1094,Maj-AL,DET,25,19,3.0,13.0,,105.2,131,87,81,47,98,25,0,6.9,444,26,2,0,5,1,12,1,0,492,1930,0.64,0.16,0.11,0.37,0.24,0.1,1.685,0.329,8.3,2.09,666214,2023
Hayden Wesneski,25,1093,Maj-NL,CHC,34,11,3.0,5.0,,89.1,82,50,46,32,83,20,3,4.63,339,12,1,1,8,2,2,2,0,379,1481,0.63,0.18,0.09,0.41,0.26,0.06,1.276,0.261,8.4,2.59,669713,2023
Zack Wheeler,33,1069,Maj-NL,PHI,37,36,16.0,6.0,,219.2,185,89,83,42,247,23,9,3.4,834,37,2,0,7,5,4,4,0,890,3555,0.66,0.14,0.14,0.42,0.23,0.1,1.033,0.285,10.1,5.88,554430,2023
Brendan White,24,1115,Maj-AL,DET,33,2,2.0,3.0,,40.2,40,25,23,15,44,4,5,5.09,155,8,0,0,3,1,8,1,1,177,670,0.66,0.18,0.13,0.51,0.26,0.02,1.352,0.333,9.7,2.93,686839,2023
Mitch White,28,1160,Maj-AL,TOR,10,0,,1.0,,12.2,15,11,10,7,13,2,0,7.11,51,6,0,0,1,2,1,0,0,60,253,0.63,0.15,0.12,0.2,0.23,0.05,1.737,0.342,9.2,1.86,669952,2023
Owen White,23,1159,Maj-AL,TEX,2,0,,1.0,,4.0,5,5,5,2,4,2,0,11.25,16,0,0,0,0,0,0,0,0,19,68,0.66,0.15,0.09,0.54,0.15,0.0,1.75,0.3,9.0,2.0,669391,2023
Garrett Whitlock,27,1094,Maj-AL,BOS,22,10,5.0,5.0,1.0,71.2,82,43,41,13,72,13,3,5.15,285,18,2,0,5,2,7,5,1,304,1195,0.68,0.17,0.13,0.44,0.25,0.06,1.326,0.342,9.0,5.54,676477,2023
Jordan Wicks,23,1093,Maj-NL,CHC,7,7,4.0,1.0,,34.2,33,17,17,11,24,5,0,4.41,131,9,0,0,2,2,2,1,0,147,583,0.62,0.15,0.1,0.5,0.25,0.04,1.269,0.269,6.2,2.18,696136,2023
Devin Williams,28,1090,Maj-NL,MIL,62,0,8.0,3.0,36.0,59.1,27,15,12,31,88,4,1,1.82,204,7,0,1,2,0,11,2,0,236,979,0.61,0.15,0.18,0.47,0.27,0.03,0.978,0.205,13.3,2.84,642207,2023
Gavin Williams,23,1106,Maj-AL,CLE,16,16,3.0,5.0,,82.0,66,32,30,37,81,8,4,3.29,302,17,2,1,3,2,6,2,1,345,1386,0.63,0.16,0.12,0.39,0.29,0.06,1.256,0.27,8.9,2.19,668909,2023
Luke Williams,26,1255,Maj-NL,LAD,1,0,,,,1.0,0,0,0,0,0,0,0,0.0,3,0,0,0,0,0,0,0,0,3,6,0.67,0.0,0.0,0.33,0.0,0.67,0.0,0.0,0.0,,663897,2023
Brandon Williamson,25,1094,Maj-NL,CIN,23,23,5.0,5.0,,117.0,111,63,58,39,98,18,2,4.46,447,26,1,0,14,1,1,3,3,491,1937,0.64,0.17,0.09,0.38,0.26,0.08,1.282,0.28,7.5,2.51,682227,2023
Bryse Wilson,25,1090,Maj-NL,MIL,54,0,6.0,,3.0,77.0,60,26,22,22,61,9,2,2.57,285,16,2,0,3,2,4,0,0,315,1164,0.65,0.16,0.08,0.38,0.24,0.07,1.065,0.235,7.1,2.77,669060,2023
Steven Wilson,28,1127,Maj-NL,SDP,52,0,1.0,2.0,,53.0,35,23,23,27,57,7,3,3.91,189,11,0,1,3,0,2,0,0,219,938,0.61,0.17,0.11,0.26,0.2,0.2,1.17,0.224,9.7,2.11,621051,2023
Allan Winans,27,1094,Maj-NL,ATL,6,6,1.0,2.0,,32.1,37,19,19,8,34,5,2,5.29,129,8,1,1,1,2,1,1,0,141,534,0.68,0.21,0.11,0.45,0.21,0.07,1.392,0.348,9.5,4.25,642216,2023
Josh Winckowski,25,1093,Maj-AL,BOS,60,1,4.0,4.0,3.0,84.1,89,34,27,31,82,9,3,2.88,333,15,0,2,11,0,2,1,1,367,1387,0.66,0.16,0.12,0.51,0.24,0.07,1.423,0.331,8.8,2.65,670174,2023
Josh Winder,26,1100,Maj-AL,MIN,19,0,2.0,1.0,1.0,34.2,35,16,16,14,28,3,0,4.15,131,9,2,0,2,2,4,1,1,147,559,0.64,0.15,0.09,0.41,0.26,0.04,1.413,0.314,7.3,2.0,680739,2023
Trey Wingenter,29,1094,Maj-AL,DET,17,0,1.0,,,17.0,16,11,11,7,22,2,3,5.82,65,4,0,0,1,1,2,0,0,76,310,0.61,0.13,0.14,0.45,0.18,0.02,1.353,0.333,11.6,3.14,622259,2023
Nick Wittgren,32,1140,Maj-AL,KCR,27,0,1.0,,,29.0,30,17,16,11,18,2,3,4.97,114,10,0,0,2,0,1,1,0,128,472,0.64,0.15,0.07,0.45,0.27,0.04,1.414,0.298,5.6,1.64,621295,2023
Jackson Wolf,24,1163,Maj-NL,SDP,1,1,1.0,,,5.0,6,3,3,1,1,0,0,5.4,21,1,0,0,0,0,0,0,0,22,75,0.6,0.13,0.03,0.6,0.15,0.0,1.4,0.3,1.8,1.0,680232,2023
Jake Wong,26,1189,Maj-NL,CIN,1,0,,,,3.0,6,3,3,3,0,0,0,9.0,12,1,0,0,2,0,0,1,0,15,57,0.56,0.16,0.04,0.67,0.17,0.08,3.0,0.5,0.0,0.0,673858,2023
Bryan Woo,23,1094,Maj-AL,SEA,18,18,4.0,5.0,,87.2,75,44,41,31,93,13,7,4.21,331,12,2,1,6,1,8,0,0,371,1449,0.66,0.15,0.13,0.41,0.22,0.08,1.209,0.274,9.5,3.0,693433,2023
Jake Woodford,26,1094,Maj-NL,STL,15,8,2.0,3.0,,47.2,61,34,33,22,29,11,3,6.23,194,13,2,0,4,3,2,1,0,222,909,0.61,0.19,0.06,0.51,0.26,0.04,1.741,0.318,5.5,1.32,663765,2023
Brandon Woodruff,30,1100,Maj-NL,MIL,11,11,5.0,1.0,,67.0,40,17,17,15,74,9,3,2.28,233,8,0,0,3,2,4,2,0,253,1043,0.67,0.17,0.13,0.37,0.24,0.09,0.821,0.204,9.9,4.93,605540,2023
Simeon Woods Richardson,22,1254,Maj-AL,MIN,1,0,,,,4.2,7,5,5,3,5,1,0,9.64,20,2,0,0,0,0,0,0,0,24,98,0.62,0.13,0.07,0.44,0.25,0.06,2.143,0.429,9.6,1.67,680573,2023
Kyle Wright,27,1095,Maj-NL,ATL,9,7,1.0,3.0,,31.0,40,26,24,17,34,5,4,6.97,132,7,1,0,3,1,2,0,0,155,576,0.64,0.16,0.1,0.61,0.24,0.01,1.839,0.372,9.9,2.0,657140,2023
Randy Wynne,30,1190,Maj-NL,CIN,1,0,,1.0,,2.1,3,1,1,1,0,0,0,3.86,10,2,0,0,0,0,0,0,0,11,34,0.74,0.15,0.15,0.3,0.4,0.0,1.714,0.3,0.0,0.0,691094,2023
Ryan Yarbrough,31,1095,"Maj-AL,Maj-NL","KCR,LAD",25,9,8.0,7.0,2.0,89.2,96,45,45,14,67,13,8,4.52,354,14,0,0,6,1,8,5,2,377,1427,0.68,0.16,0.11,0.4,0.23,0.1,1.227,0.302,6.7,4.79,642232,2023
Kirby Yates,36,1084,Maj-NL,ATL,62,0,7.0,2.0,5.0,61.1,36,23,22,38,82,9,5,3.23,213,4,0,1,1,2,13,3,1,259,1083,0.6,0.14,0.13,0.37,0.23,0.09,1.207,0.218,12.0,2.16,489446,2023
Alex Young,29,1092,Maj-NL,CIN,63,0,4.0,2.0,1.0,53.2,53,27,23,20,50,10,1,3.86,214,8,1,0,2,0,4,1,1,236,875,0.65,0.14,0.15,0.5,0.22,0.08,1.36,0.279,8.4,2.5,622065,2023
Danny Young,29,1231,Maj-NL,ATL,8,0,,,,8.1,7,1,1,2,11,0,3,1.08,30,1,0,0,1,0,0,1,0,35,135,0.64,0.23,0.1,0.42,0.32,0.0,1.08,0.368,11.9,5.5,664849,2023
Seby Zavala,29,1109,Maj-NL,ARI,1,0,,,,0.2,0,0,0,0,0,0,0,0.0,2,0,0,0,0,0,0,0,0,2,6,0.5,0.17,0.0,0.0,0.0,1.0,0.0,0.0,0.0,,664874,2023
Angel Zerpa,23,1093,Maj-AL,KCR,15,3,3.0,3.0,,42.2,46,24,23,8,36,7,4,4.85,169,11,0,0,5,1,1,1,3,182,707,0.64,0.14,0.09,0.51,0.22,0.07,1.266,0.307,7.6,4.5,672582,2023
Bruce Zimmermann,28,1093,Maj-AL,BAL,7,0,2.0,,,13.1,17,8,7,0,14,3,2,4.73,58,3,0,0,0,1,0,0,0,61,215,0.68,0.16,0.16,0.51,0.2,0.07,1.275,0.333,9.5,,669145,2023
Guillo Zu\xc3\xb1iga,24,1135,Maj-NL,STL,2,0,,,,2.0,2,1,1,0,4,0,0,4.5,8,1,0,0,0,0,0,0,0,8,43,0.63,0.16,0.07,0.0,0.25,0.25,1.0,0.5,18.0,,670871,2023
Andrew Abbott,25,770,Maj-NL,CIN,25,25,10.0,10.0,,138.0,127,60,57,52,114,25,2,3.72,529,28,1,1,6,2,10,4,3,586,2333,0.64,0.16,0.09,0.35,0.21,0.12,1.297,0.26,7.4,2.19,671096,2024
Bryan Abreu,27,725,Maj-AL,HOU,79,0,3.0,3.0,1.0,79.2,59,27,27,33,105,9,6,3.05,289,10,1,0,5,1,13,3,2,330,1318,0.65,0.18,0.14,0.4,0.25,0.05,1.155,0.284,11.9,3.18,650556,2024
Jason Adam,32,716,"Maj-AL,Maj-NL","SDP,TBR",79,0,7.0,2.0,4.0,79.0,44,22,18,23,87,6,6,2.05,271,8,1,4,5,2,22,1,1,302,1192,0.65,0.14,0.18,0.45,0.19,0.09,0.848,0.211,9.9,3.78,592094,2024
Julian Aguiar,23,738,Maj-NL,CIN,7,7,2.0,1.0,,31.2,30,22,22,12,19,8,5,6.25,123,6,0,1,4,0,1,0,0,140,530,0.64,0.14,0.08,0.38,0.19,0.12,1.326,0.229,5.4,1.58,687924,2024
Keegan Akin,29,726,Maj-AL,BAL,67,0,3.0,1.0,1.0,79.1,55,31,29,20,97,9,2,3.29,287,13,2,1,2,5,1,0,0,316,1254,0.66,0.19,0.13,0.38,0.21,0.14,0.945,0.247,11.0,4.85,669211,2024
Jorge Alcala,28,728,Maj-AL,MIN,54,0,4.0,3.0,,58.1,40,23,21,20,58,8,3,3.24,210,8,1,1,1,1,9,3,0,235,932,0.64,0.16,0.13,0.35,0.2,0.14,1.029,0.221,8.9,2.9,660896,2024
Sam Aldegheri,22,744,Maj-AL,LAD,3,3,1.0,2.0,,13.0,15,12,7,10,10,2,2,4.85,53,3,0,0,0,2,1,0,0,67,222,0.58,0.16,0.08,0.22,0.24,0.11,1.923,0.302,6.9,1.0,691951,2024
Tyler Alexander,29,731,Maj-AL,TBR,23,9,6.0,5.0,,107.2,110,61,61,24,90,23,5,5.1,419,20,1,1,5,5,10,4,3,455,1668,0.69,0.19,0.09,0.32,0.25,0.08,1.245,0.28,7.5,3.75,641302,2024
Kolby Allard,26,733,Maj-NL,PHI,7,4,2.0,,,27.0,34,15,15,8,23,5,0,5.0,109,4,2,0,4,0,0,0,1,117,436,0.66,0.17,0.1,0.47,0.14,0.08,1.556,0.358,7.7,2.88,663465,2024
Logan Allen,27,841,Maj-NL,ARI,12,0,,1.0,1.0,28.0,32,17,17,10,21,3,2,5.46,114,6,0,0,0,2,3,0,0,128,470,0.64,0.14,0.09,0.42,0.32,0.07,1.5,0.315,6.8,2.1,663531,2024
Logan Allen,25,762,Maj-AL,CLE,20,20,8.0,5.0,,97.1,113,62,61,41,79,22,4,5.64,383,26,3,0,14,3,3,2,1,432,1665,0.63,0.17,0.09,0.44,0.22,0.07,1.582,0.319,7.3,1.93,671106,2024
Yency Almonte,30,873,Maj-NL,CHC,17,0,1.0,,1.0,15.2,9,7,6,8,20,1,2,3.45,56,1,1,1,0,1,2,0,0,67,267,0.57,0.16,0.12,0.43,0.24,0.11,1.085,0.222,11.5,2.5,622075,2024
Dan Altavilla,31,830,Maj-AL,KCR,5,1,,1.0,,3.2,5,6,6,3,5,1,1,14.73,16,1,0,0,0,0,1,0,0,21,83,0.58,0.14,0.12,0.55,0.18,0.09,2.182,0.4,12.3,1.67,656186,2024
Jos\xc3\xa9 Alvarado,29,719,Maj-NL,PHI,67,0,2.0,5.0,13.0,62.1,50,32,30,30,64,6,1,4.33,231,8,2,1,5,1,8,1,0,263,1076,0.61,0.15,0.12,0.45,0.25,0.1,1.283,0.272,9.2,2.13,621237,2024
Adbert Alzolay,29,868,Maj-NL,CHC,18,0,1.0,4.0,4.0,17.1,19,13,9,6,13,6,1,4.67,68,1,0,0,1,0,4,0,2,75,329,0.63,0.16,0.09,0.42,0.22,0.02,1.442,0.265,6.8,2.17,640470,2024
Chase Anderson,36,746,Maj-AL,"BOS,TEX",29,1,,2.0,3.0,58.1,55,41,35,21,42,12,4,5.4,227,11,0,1,1,2,7,1,0,255,1017,0.62,0.16,0.1,0.32,0.22,0.12,1.303,0.246,6.5,2.0,502624,2024
Grant Anderson,27,753,Maj-AL,TEX,23,0,,1.0,1.0,26.2,33,24,24,10,29,11,1,8.1,109,1,0,3,4,0,4,0,1,120,483,0.64,0.19,0.1,0.4,0.19,0.11,1.613,0.319,9.8,2.9,681982,2024
Justin Anderson,31,732,Maj-AL,CHC,56,0,1.0,2.0,1.0,53.1,48,29,26,32,57,5,3,4.39,205,9,0,1,3,1,8,1,0,242,943,0.62,0.15,0.13,0.38,0.24,0.06,1.5,0.299,9.6,1.78,605121,2024
Nick Anderson,33,806,Maj-AL,KCR,37,0,3.0,1.0,1.0,35.2,35,17,16,15,29,6,1,4.04,135,11,0,1,3,2,1,1,0,153,573,0.65,0.2,0.1,0.4,0.27,0.04,1.402,0.284,7.3,1.93,623433,2024
Shaun Anderson,29,730,"Maj-AL,Maj-NL","MIA,TEX",6,2,,2.0,,16.1,34,19,15,1,10,3,1,8.27,82,9,1,0,1,1,0,0,0,85,244,0.7,0.19,0.05,0.37,0.34,0.07,2.143,0.443,5.5,10.0,641312,2024
Tyler Anderson,34,731,Maj-AL,LAD,31,31,10.0,15.0,,179.1,158,83,76,73,142,24,7,3.81,681,32,3,2,6,4,15,3,0,765,2914,0.64,0.15,0.13,0.38,0.24,0.08,1.288,0.258,7.1,1.95,542881,2024
Matt Andriese,34,815,Maj-NL,MIA,4,0,,1.0,,6.0,7,5,4,1,7,2,0,6.0,25,1,1,1,0,0,1,0,0,26,88,0.74,0.17,0.08,0.5,0.22,0.0,1.333,0.313,10.5,7.0,542882,2024
Tejay Antone,30,905,Maj-NL,CIN,3,0,,,,2.0,2,2,1,4,2,0,0,4.5,7,1,0,0,0,0,0,1,0,11,46,0.5,0.15,0.11,0.4,0.4,0.0,3.0,0.4,9.0,0.5,622088,2024
Shawn Armstrong,33,738,"Maj-AL,Maj-NL","CHC,STL,TBR",57,7,3.0,3.0,1.0,66.2,77,38,36,25,66,6,2,4.86,266,17,2,0,5,1,9,2,0,295,1109,0.68,0.17,0.09,0.36,0.29,0.1,1.53,0.364,8.9,2.64,542888,2024
Spencer Arrighetti,24,730,Maj-AL,HOU,29,28,7.0,13.0,,145.0,139,80,73,65,171,21,7,4.53,557,32,1,0,5,3,16,5,1,632,2505,0.64,0.17,0.12,0.36,0.28,0.08,1.407,0.321,10.6,2.63,681293,2024
Aaron Ashby,26,726,Maj-NL,MIL,15,2,1.0,2.0,,28.1,23,15,11,12,33,2,0,3.49,110,6,0,1,1,1,5,0,0,124,502,0.65,0.22,0.11,0.61,0.18,0.0,1.235,0.276,10.5,2.75,676879,2024
Graham Ashcraft,26,812,Maj-NL,CIN,15,15,5.0,5.0,,77.1,89,50,45,27,57,11,6,5.24,316,15,0,0,8,1,4,1,1,350,1342,0.63,0.14,0.1,0.49,0.23,0.05,1.5,0.313,6.6,2.11,668933,2024
Javier Assad,26,732,Maj-NL,CHC,29,29,7.0,6.0,,147.0,143,64,61,63,124,20,5,3.73,562,30,2,0,10,4,11,6,2,638,2538,0.61,0.19,0.07,0.44,0.23,0.06,1.401,0.291,7.6,1.97,665871,2024
Pedro Avila,27,710,"Maj-AL,Maj-NL","CLE,SDP",57,0,7.0,1.0,1.0,86.2,73,38,35,38,85,8,4,3.63,316,14,1,2,9,7,0,0,0,366,1472,0.62,0.16,0.1,0.45,0.3,0.04,1.281,0.283,8.8,2.24,658648,2024
Lake Bachar,29,728,Maj-NL,MIA,10,0,,1.0,,9.1,10,5,4,4,11,2,0,3.86,36,1,0,0,2,0,0,0,0,40,161,0.6,0.16,0.11,0.36,0.2,0.08,1.5,0.348,10.6,2.75,669199,2024
Bryan Baker,29,731,Maj-AL,BAL,19,0,1.0,1.0,,23.1,20,14,13,7,23,3,0,5.01,85,6,1,0,3,1,4,0,0,93,370,0.65,0.16,0.11,0.43,0.21,0.08,1.157,0.283,8.9,3.29,641329,2024
Anthony Banda,30,697,Maj-NL,LAD,58,2,3.0,2.0,2.0,57.2,50,20,18,24,61,5,4,2.81,215,4,1,7,1,2,6,2,1,247,930,0.65,0.14,0.14,0.46,0.24,0.08,1.283,0.298,9.5,2.54,607455,2024
Tanner Banks,32,722,"Maj-AL,Maj-NL","CHC,PHI",64,2,2.0,3.0,2.0,73.1,71,42,33,25,80,6,3,4.05,282,11,1,2,3,5,14,5,4,316,1197,0.65,0.16,0.11,0.49,0.23,0.04,1.309,0.323,9.8,3.2,621383,2024
Scott Barlow,31,750,Maj-AL,CLE,63,0,3.0,3.0,2.0,55.0,44,27,26,31,68,6,4,4.25,204,11,0,1,2,2,11,1,1,241,1022,0.59,0.16,0.14,0.48,0.24,0.07,1.364,0.288,11.1,2.19,605130,2024
Tucker Barnhart,33,827,Maj-NL,ARI,1,0,,,,1.0,4,2,2,0,0,1,0,18.0,7,0,0,0,0,0,0,0,0,7,11,0.73,0.09,0.0,0.57,0.14,0.0,4.0,0.5,0.0,,571466,2024
Chris Bassitt,35,734,Maj-AL,TOR,31,31,10.0,14.0,,171.0,180,91,79,70,168,18,16,4.16,667,29,1,2,14,3,14,9,2,758,2960,0.64,0.19,0.09,0.41,0.27,0.07,1.462,0.335,8.8,2.4,605135,2024
Jake Bauers,28,746,Maj-NL,MIL,4,0,,,,4.0,5,2,2,4,1,0,0,4.5,16,3,0,0,1,0,0,0,0,20,75,0.51,0.09,0.05,0.13,0.2,0.2,2.25,0.333,2.3,0.25,641343,2024
Mike Baumann,28,730,"Maj-AL,Maj-NL","BAL,LAD,MIA,San Francisco,SEA",57,0,3.0,1.0,,58.1,59,40,36,28,58,9,4,5.55,228,10,4,1,3,4,7,3,2,264,1068,0.63,0.15,0.11,0.39,0.22,0.05,1.491,0.303,8.9,2.07,657508,2024
Shane Baz,25,729,Maj-AL,TBR,14,14,4.0,3.0,,79.1,57,28,27,27,69,9,4,3.06,285,7,0,0,6,3,3,2,1,319,1207,0.65,0.15,0.11,0.39,0.2,0.1,1.059,0.229,7.8,2.56,669358,2024
Eduard Bazardo,28,728,Maj-AL,SEA,23,0,2.0,,,27.2,20,15,15,9,33,2,0,4.88,98,3,0,0,2,0,2,2,0,108,441,0.64,0.19,0.12,0.56,0.14,0.06,1.048,0.286,10.7,3.67,660825,2024
Tyler Beede,31,878,Maj-AL,CLE,13,0,1.0,,,14.0,16,14,13,9,18,2,3,8.36,54,3,1,1,1,1,5,0,0,68,265,0.63,0.18,0.13,0.45,0.26,0.03,1.786,0.4,11.6,2.0,595881,2024
Brayan Bello,25,733,Maj-AL,BOS,30,30,14.0,8.0,,162.1,157,84,81,64,153,19,11,4.49,622,31,0,0,15,5,12,2,1,702,2712,0.63,0.17,0.11,0.51,0.24,0.05,1.361,0.303,8.5,2.39,678394,2024
Valente Bellozo,24,731,Maj-NL,MIA,13,13,3.0,4.0,,68.2,69,31,28,21,44,15,2,3.67,270,14,1,1,1,2,2,1,1,295,1094,0.62,0.17,0.08,0.3,0.23,0.14,1.311,0.254,5.8,2.1,678368,2024
Anthony Bender,29,728,Maj-NL,MIA,59,0,5.0,2.0,1.0,53.0,50,25,24,18,59,3,4,4.08,204,11,1,1,5,1,7,1,0,228,954,0.65,0.22,0.09,0.52,0.23,0.06,1.283,0.329,10.0,3.28,669622,2024
Jonathan Berm\xc3\xbadez,28,746,Maj-NL,MIA,3,1,,1.0,,6.2,11,6,6,2,4,2,2,8.1,28,3,0,0,0,1,1,0,0,33,121,0.59,0.16,0.06,0.4,0.2,0.04,1.95,0.391,5.4,2.0,642834,2024
Brennan Bernardino,32,747,Maj-AL,BOS,57,3,4.0,3.0,,51.0,50,25,23,22,56,6,6,4.06,195,9,1,6,3,2,3,1,4,226,860,0.66,0.21,0.09,0.46,0.26,0.05,1.412,0.326,9.9,2.55,657514,2024
Jos\xc3\xa9 Berr\xc3\xados,30,730,Maj-AL,TOR,32,32,16.0,11.0,,192.1,168,79,77,54,153,31,13,3.6,714,21,4,1,21,2,12,5,4,786,2915,0.66,0.19,0.09,0.43,0.24,0.07,1.154,0.258,7.2,2.83,621244,2024
Prelander Berroa,24,728,Maj-AL,CHC,17,0,1.0,,,19.0,15,7,7,13,26,2,1,3.32,69,4,0,1,1,0,2,2,2,83,348,0.61,0.15,0.15,0.42,0.16,0.12,1.474,0.317,12.3,2.0,672860,2024
Tanner Bibee,25,708,Maj-AL,CLE,35,35,12.0,9.0,,189.1,169,77,73,48,203,24,11,3.47,711,45,4,1,10,7,6,6,7,778,3104,0.66,0.15,0.12,0.35,0.25,0.09,1.146,0.295,9.6,4.23,676440,2024
Shane Bieber,29,908,Maj-AL,CLE,2,2,2.0,,,12.0,10,0,0,1,20,0,0,0.0,44,4,0,0,2,0,0,0,0,45,166,0.66,0.19,0.17,0.5,0.33,0.04,0.917,0.417,15.0,20.0,669456,2024
Brandon Bielak,28,736,Maj-AL,"HOU,Oakland",16,0,1.0,,,29.2,39,17,17,13,14,5,2,5.16,125,9,1,0,4,0,1,0,0,140,510,0.59,0.13,0.06,0.39,0.27,0.05,1.753,0.321,4.2,1.08,656232,2024
Hunter Bigge,26,728,"Maj-AL,Maj-NL","CHC,TBR",19,1,,,1.0,17.1,17,5,5,5,24,2,0,2.6,68,1,1,0,0,0,1,1,0,73,300,0.65,0.13,0.17,0.32,0.32,0.09,1.269,0.357,12.5,4.8,685801,2024
Bradley Blalock,23,747,Maj-NL,"Colorado,MIL",7,6,1.0,3.0,,30.2,35,22,20,20,20,4,1,5.87,126,10,1,0,2,0,5,0,0,147,553,0.61,0.15,0.09,0.36,0.31,0.06,1.793,0.304,5.9,1.0,687134,2024
Ronel Blanco,30,726,Maj-AL,HOU,31,29,13.0,6.0,,169.1,115,56,52,71,170,22,2,2.76,606,26,3,0,12,5,7,3,2,686,2802,0.64,0.15,0.13,0.4,0.21,0.09,1.098,0.222,9.0,2.39,669854,2024
Scott Blewett,28,728,Maj-AL,MIN,12,0,1.0,1.0,,20.1,17,5,4,8,18,2,1,1.77,76,5,0,2,2,0,2,0,0,85,320,0.64,0.12,0.13,0.45,0.21,0.07,1.23,0.268,8.0,2.25,656240,2024
Jake Bloss,23,796,Maj-AL,HOU,3,3,,1.0,,11.2,16,9,9,3,11,5,0,6.94,51,1,1,0,0,0,5,0,0,55,235,0.66,0.14,0.11,0.25,0.33,0.1,1.629,0.314,8.5,3.67,814005,2024
Cody Bolton,26,824,Maj-AL,SEA,17,0,,,,18.2,18,11,9,9,17,3,0,4.34,73,3,1,0,0,1,1,1,1,83,312,0.63,0.2,0.1,0.42,0.21,0.16,1.446,0.278,8.2,1.89,675989,2024
Cam Booser,32,744,Maj-AL,BOS,43,0,2.0,3.0,1.0,42.2,41,17,16,16,43,5,0,3.38,164,6,1,1,1,3,1,1,1,183,695,0.67,0.14,0.14,0.31,0.26,0.06,1.336,0.303,9.1,2.69,592155,2024
David Bote,31,806,Maj-NL,CHC,1,0,,,,1.0,1,0,0,1,0,0,0,0.0,4,1,0,0,0,0,0,0,0,5,15,0.47,0.07,0.07,0.5,0.0,0.0,2.0,0.25,0.0,0.0,623520,2024
Caleb Boushley,30,761,Maj-AL,MIN,2,0,,,,4.0,6,2,2,2,1,0,0,4.5,18,2,0,0,0,0,0,0,0,20,63,0.6,0.11,0.03,0.41,0.18,0.12,2.0,0.353,2.3,0.5,676961,2024
Jonathan Bowlan,27,881,Maj-AL,KCR,1,1,,1.0,,2.2,6,4,4,3,3,3,0,13.5,14,0,0,0,0,0,0,0,0,17,68,0.63,0.16,0.15,0.45,0.09,0.09,3.375,0.375,10.1,1.0,680742,2024
Matt Bowman,33,729,"Maj-AL,Maj-NL","ARI,BAL,MIN,SEA",25,1,1.0,,,30.2,26,15,15,13,24,5,2,4.4,117,7,0,1,2,0,3,0,0,132,497,0.61,0.18,0.07,0.44,0.26,0.04,1.272,0.239,7.0,1.85,621199,2024
Matthew Boyd,33,710,Maj-AL,CLE,11,11,2.0,2.0,,51.1,39,17,13,19,60,4,3,2.28,190,11,0,0,1,1,5,1,3,213,850,0.65,0.16,0.15,0.36,0.26,0.08,1.13,0.276,10.5,3.16,571510,2024
Cody Bradford,26,732,Maj-AL,TEX,14,13,6.0,3.0,,76.1,64,32,30,13,70,10,1,3.54,293,9,4,0,2,1,8,1,0,308,1175,0.68,0.19,0.1,0.37,0.25,0.1,1.009,0.252,8.3,5.38,674003,2024
Kyle Bradish,27,835,Maj-AL,BAL,8,8,2.0,,,39.1,27,12,12,15,53,2,3,2.75,144,6,2,0,2,0,0,0,1,163,674,0.62,0.2,0.11,0.55,0.19,0.1,1.068,0.281,12.1,3.53,680694,2024
Taj Bradley,23,730,Maj-AL,TBR,25,25,8.0,11.0,,138.0,122,68,63,47,154,22,3,4.11,519,22,1,0,11,5,6,0,0,578,2295,0.65,0.14,0.13,0.42,0.24,0.06,1.225,0.287,10.0,3.28,671737,2024
Ryan Brasier,36,697,Maj-NL,LAD,37,6,2.0,1.0,,37.0,30,17,16,8,32,7,0,3.89,134,6,1,0,4,3,2,0,0,146,513,0.7,0.16,0.11,0.41,0.24,0.1,1.027,0.235,7.8,4.0,518489,2024
Huascar Brazob\xc3\xa1n,34,727,Maj-NL,"MIA,New York",39,0,1.0,3.0,,51.2,38,26,22,25,51,2,3,3.83,189,3,3,0,4,0,4,1,0,217,899,0.62,0.14,0.13,0.46,0.25,0.08,1.219,0.265,8.9,2.04,623211,2024
John Brebbia,34,738,"Maj-AL,Maj-NL","ATL,CHC",59,0,,6.0,2.0,55.1,56,36,36,19,67,11,3,5.86,220,11,0,0,1,0,4,1,0,242,993,0.66,0.16,0.11,0.29,0.29,0.08,1.355,0.317,10.9,3.53,605154,2024
Colten Brewer,31,813,Maj-NL,CHC,16,0,,,1.0,20.2,24,16,13,9,22,1,1,5.66,82,6,1,0,0,3,7,2,0,95,391,0.62,0.18,0.11,0.44,0.19,0.08,1.597,0.371,9.6,2.44,605155,2024
Beau Brieske,26,715,Maj-AL,DET,52,12,4.0,6.0,3.0,73.2,56,32,28,32,75,6,2,3.42,264,11,3,2,6,3,6,3,0,302,1239,0.63,0.15,0.11,0.38,0.24,0.09,1.195,0.269,9.2,2.34,689225,2024
Jhony Brito,26,778,Maj-NL,SDP,26,0,1.0,2.0,,43.2,49,23,20,10,29,4,0,4.12,173,4,1,1,3,1,6,0,1,185,629,0.65,0.16,0.08,0.48,0.2,0.07,1.351,0.319,6.0,2.9,666745,2024
Connor Brogdon,29,901,Maj-NL,"LAD,PHI",4,0,,1.0,,3.0,5,9,8,6,3,4,0,24.0,13,1,0,0,1,0,2,0,0,19,97,0.49,0.09,0.1,0.3,0.1,0.0,3.667,0.167,9.0,0.5,641401,2024
Ben Brown,24,841,Maj-NL,CHC,15,8,1.0,3.0,,55.1,41,22,22,19,64,5,1,3.58,197,9,0,0,3,4,5,0,1,222,849,0.65,0.19,0.13,0.38,0.25,0.09,1.084,0.273,10.4,3.37,676962,2024
Hunter Brown,25,725,Maj-AL,HOU,32,31,11.0,9.0,,175.2,158,72,67,62,188,19,5,3.43,665,17,2,0,13,2,21,9,0,734,2988,0.63,0.17,0.1,0.48,0.23,0.07,1.252,0.302,9.6,3.03,686613,2024
Vidal Bruj\xc3\xa1n,26,738,Maj-NL,MIA,2,0,,,,1.2,7,8,8,3,1,2,1,43.2,12,0,0,0,0,0,0,0,0,16,55,0.56,0.13,0.02,0.18,0.36,0.18,6.0,0.556,5.4,0.33,660644,2024
Kris Bubic,26,718,Maj-AL,KCR,31,0,1.0,2.0,1.0,35.0,31,13,10,8,42,3,0,2.57,130,5,1,3,2,2,0,2,1,142,544,0.69,0.19,0.14,0.57,0.24,0.05,1.114,0.322,10.8,5.25,663460,2024
David Buchanan,35,757,Maj-NL,CIN,1,0,,,,3.1,2,1,1,2,1,0,0,2.7,12,1,0,0,0,0,0,0,0,14,58,0.57,0.19,0.07,0.27,0.18,0.18,1.2,0.182,2.7,0.5,571527,2024
Walker Buehler,29,697,Maj-NL,LAD,20,19,2.0,7.0,1.0,90.1,101,58,51,33,77,17,6,5.08,364,17,2,1,12,3,12,2,0,407,1595,0.63,0.18,0.09,0.46,0.26,0.05,1.483,0.308,7.7,2.33,621111,2024
JB Bukauskas,27,897,Maj-NL,MIL,6,0,,,,6.0,3,1,1,1,6,1,0,1.5,21,0,0,0,0,0,1,0,0,22,88,0.63,0.17,0.16,0.47,0.27,0.0,0.667,0.143,9.0,6.0,656266,2024
Aaron Bummer,30,726,Maj-NL,ATL,57,0,4.0,3.0,,58.0,61,24,22,19,70,2,2,3.41,226,11,1,2,4,3,13,5,3,251,1002,0.64,0.21,0.1,0.62,0.25,0.04,1.379,0.376,10.9,3.68,607481,2024
Brock Burke,27,729,Maj-AL,"LAD,TEX",34,1,2.0,1.0,,34.0,37,22,22,16,41,4,2,5.82,135,12,1,2,5,1,2,0,0,154,575,0.67,0.15,0.14,0.46,0.24,0.09,1.559,0.363,10.9,2.56,656271,2024
Sean Burke,24,729,Maj-AL,CHC,4,3,2.0,,,19.0,12,4,3,7,22,2,0,1.42,69,5,0,0,0,0,2,0,1,76,309,0.63,0.13,0.13,0.34,0.26,0.15,1.0,0.222,10.4,3.14,680732,2024
Corbin Burnes,29,726,Maj-AL,BAL,33,33,15.0,10.0,,202.1,170,77,64,49,184,22,2,2.85,757,21,1,0,12,3,42,7,5,811,3081,0.65,0.16,0.13,0.48,0.2,0.09,1.082,0.267,8.2,3.76,669203,2024
Ryan Burr,30,728,Maj-AL,TOR,33,4,,2.0,,31.1,29,16,15,11,44,4,1,4.31,123,10,0,0,1,0,2,0,1,135,550,0.66,0.16,0.15,0.33,0.3,0.04,1.277,0.333,12.6,4.0,621114,2024
Alan Busenitz,33,736,Maj-NL,CIN,3,0,,,,4.0,9,7,6,0,3,1,0,13.5,21,1,0,0,1,0,0,0,0,21,75,0.63,0.12,0.16,0.39,0.22,0.0,2.25,0.471,6.8,,641427,2024
Ky Bush,24,764,Maj-AL,CHC,4,4,,3.0,,17.2,20,11,11,16,11,2,1,5.6,69,5,0,1,2,1,2,1,1,87,328,0.58,0.17,0.09,0.37,0.22,0.1,2.038,0.316,5.6,0.69,681066,2024
Edward Cabrera,26,732,Maj-NL,MIA,20,20,4.0,8.0,,96.1,82,60,53,50,107,15,5,4.95,361,12,1,0,5,2,20,5,1,418,1736,0.61,0.16,0.12,0.48,0.25,0.06,1.37,0.278,10.0,2.14,665795,2024
G\xc3\xa9nesis Cabrera,27,729,Maj-AL,TOR,68,0,3.0,3.0,2.0,61.2,63,31,25,29,49,10,2,3.65,232,11,0,4,8,4,14,2,1,268,1016,0.63,0.14,0.12,0.44,0.23,0.08,1.492,0.299,7.2,1.69,650893,2024
Isaiah Campbell,26,825,Maj-AL,BOS,8,0,,1.0,,6.2,14,13,12,2,6,3,0,16.2,35,3,0,0,0,0,0,0,0,37,119,0.64,0.13,0.1,0.52,0.24,0.0,2.4,0.423,8.1,3.0,663462,2024
Griffin Canning,28,729,Maj-AL,LAD,32,31,6.0,13.0,,171.2,174,105,99,66,130,31,6,5.19,656,28,3,1,17,9,6,3,3,739,2871,0.63,0.14,0.11,0.41,0.23,0.06,1.398,0.284,6.8,1.97,656288,2024
Jonathan Cannon,23,728,Maj-AL,CHC,23,21,5.0,10.0,1.0,124.1,125,65,62,40,91,18,4,4.49,475,24,3,0,13,2,10,7,1,522,2028,0.63,0.16,0.09,0.38,0.28,0.08,1.327,0.291,6.6,2.28,686563,2024
Yennier Cano,30,725,Maj-AL,BAL,71,0,4.0,3.0,5.0,61.1,56,24,21,25,66,6,1,3.08,228,9,1,1,7,1,7,4,0,255,1028,0.63,0.15,0.12,0.64,0.17,0.02,1.321,0.318,9.7,2.64,666974,2024
Joey Cantillo,24,709,Maj-AL,CLE,12,8,2.0,4.0,,41.0,35,23,22,19,47,6,0,4.83,153,11,0,0,4,1,1,0,0,173,759,0.6,0.18,0.12,0.48,0.21,0.07,1.317,0.287,10.3,2.47,676282,2024
Carlos Carrasco,37,781,Maj-AL,CLE,21,21,3.0,10.0,,103.2,112,68,65,33,89,19,5,5.64,406,26,5,0,10,2,7,4,3,447,1693,0.65,0.16,0.1,0.46,0.23,0.06,1.399,0.31,7.7,2.7,471911,2024
Ben Casparius,25,698,Maj-NL,LAD,7,1,3.0,,,14.2,12,4,3,9,17,0,0,1.84,55,3,0,0,1,0,3,0,0,64,269,0.64,0.17,0.12,0.32,0.26,0.08,1.432,0.316,10.4,1.89,676508,2024
Humberto Castellanos,26,797,Maj-NL,ARI,7,0,,,1.0,10.1,11,6,6,4,7,0,2,5.23,41,3,0,0,0,1,1,0,0,48,186,0.63,0.15,0.06,0.26,0.49,0.09,1.452,0.314,6.1,1.75,528748,2024
Diego Castillo,30,729,Maj-AL,MIN,7,0,,,,10.0,8,3,3,8,6,0,0,2.7,34,0,1,0,2,1,1,0,0,43,177,0.58,0.15,0.07,0.52,0.1,0.1,1.6,0.276,5.4,0.75,650895,2024
Luis Castillo,31,749,Maj-AL,SEA,30,30,11.0,12.0,,175.1,158,73,71,47,175,25,5,3.64,663,36,2,2,13,2,13,7,0,719,2856,0.66,0.15,0.12,0.41,0.22,0.1,1.169,0.286,9.0,3.72,622491,2024
Miguel Castro,29,790,Maj-NL,ARI,11,0,,,,13.2,20,9,9,3,8,3,1,5.93,59,5,1,0,0,0,0,0,0,64,232,0.64,0.17,0.08,0.48,0.27,0.06,1.683,0.354,5.3,2.67,612434,2024
Willi Castro,27,862,Maj-AL,MIN,2,0,,,,1.1,0,0,0,0,0,0,0,0.0,4,0,0,0,0,0,0,0,0,4,15,0.6,0.07,0.0,0.5,0.0,0.0,0.0,0.0,0.0,,650489,2024
Dylan Cease,28,718,Maj-NL,SDP,35,35,14.0,12.0,,194.1,147,88,81,68,230,20,2,3.75,709,34,1,0,11,6,7,3,0,790,3308,0.63,0.14,0.15,0.4,0.23,0.07,1.106,0.273,10.7,3.38,656302,2024
Slade Cecconi,25,746,Maj-NL,ARI,20,13,2.0,7.0,,77.0,92,57,57,17,64,16,4,6.66,313,23,1,1,1,3,6,5,1,338,1294,0.66,0.17,0.09,0.34,0.24,0.07,1.416,0.322,7.5,3.76,677944,2024
Andrew Chafin,34,730,Maj-AL,"DET,TEX",62,0,4.0,3.0,1.0,56.1,52,26,22,31,70,5,1,3.51,211,5,0,4,6,3,6,1,0,246,967,0.59,0.13,0.16,0.37,0.3,0.06,1.473,0.338,11.2,2.26,605177,2024
JT Chargois,33,729,"Maj-AL,Maj-NL","MIA,SEA",36,0,3.0,1.0,,36.1,24,9,9,13,30,6,2,2.23,131,3,0,1,1,0,3,0,0,146,529,0.64,0.17,0.1,0.39,0.27,0.07,1.018,0.189,7.4,2.31,608638,2024
Jesse Chavez,40,726,Maj-NL,ATL,47,0,2.0,2.0,,65.1,60,27,22,19,56,10,1,3.03,247,11,1,1,6,2,8,0,0,270,1072,0.64,0.21,0.07,0.42,0.26,0.03,1.209,0.273,7.7,2.95,445926,2024
Yonny Chirinos,30,797,Maj-NL,MIA,6,6,,2.0,,30.0,43,21,21,13,25,7,3,6.3,127,9,1,0,1,1,7,1,0,144,515,0.66,0.19,0.09,0.37,0.21,0.12,1.867,0.375,7.5,1.92,630023,2024
Marc Church,23,729,Maj-AL,TEX,1,0,,,,1.0,1,0,0,0,1,0,0,0.0,4,1,0,0,0,0,0,0,0,4,15,0.8,0.33,0.13,0.33,0.67,0.0,1.0,0.333,9.0,,687847,2024
Adam Cimber,33,835,Maj-AL,LAD,28,0,3.0,,,24.1,20,19,19,14,19,1,6,7.03,85,3,0,2,4,1,2,2,1,107,416,0.61,0.18,0.06,0.44,0.29,0.04,1.397,0.288,7.0,1.36,643256,2024
Jos\xc3\xa9 Cisnero,35,771,Maj-AL,LAD,15,0,,,,15.2,18,15,12,8,17,4,2,6.89,62,2,0,0,2,1,1,0,0,74,313,0.61,0.15,0.1,0.43,0.26,0.09,1.66,0.333,9.8,2.13,542585,2024
Aaron Civale,29,726,"Maj-AL,Maj-NL","MIL,TBR",32,31,8.0,9.0,,164.0,158,82,78,53,151,29,6,4.28,636,31,0,0,12,2,4,2,1,699,2734,0.64,0.19,0.09,0.36,0.27,0.08,1.287,0.282,8.3,2.85,650644,2024
Emmanuel Clase,26,708,Maj-AL,CLE,81,0,4.0,4.0,49.0,82.1,51,18,13,11,74,5,2,1.42,290,7,0,2,6,3,4,0,0,308,1107,0.72,0.15,0.14,0.57,0.24,0.03,0.753,0.215,8.1,6.73,661403,2024
Garrett Cleavinger,30,731,Maj-AL,TBR,68,0,7.0,5.0,6.0,60.0,52,29,25,31,71,6,7,3.75,225,3,2,0,3,3,14,1,0,266,1058,0.64,0.16,0.13,0.41,0.24,0.06,1.383,0.305,10.7,2.29,664076,2024
Kody Clemens,28,744,Maj-NL,PHI,1,0,,,,1.0,2,1,1,1,0,1,0,9.0,5,0,0,0,0,0,0,0,0,6,16,0.56,0.19,0.0,0.0,0.6,0.0,3.0,0.25,0.0,0.0,665019,2024
Ernie Clement,28,794,Maj-AL,TOR,1,0,,,,1.0,2,1,1,0,0,0,0,9.0,5,1,0,0,0,0,0,0,0,5,16,0.69,0.13,0.0,0.4,0.4,0.0,2.0,0.4,0.0,,676391,2024
Mike Clevinger,33,857,Maj-AL,CHC,4,4,,3.0,,16.0,22,13,12,9,15,4,0,6.75,69,5,1,1,1,0,5,0,1,78,303,0.63,0.16,0.12,0.35,0.24,0.04,1.938,0.36,8.4,1.67,605182,2024
Alex Cobb,36,713,Maj-AL,CLE,5,5,2.0,3.0,,22.0,22,12,10,7,15,2,0,4.09,82,2,1,1,4,2,1,0,0,91,348,0.61,0.21,0.05,0.54,0.25,0.0,1.318,0.299,6.1,2.14,502171,2024
Dylan Coleman,27,907,Maj-AL,HOU,1,0,,,,1.0,0,0,0,1,1,0,0,0.0,3,0,0,0,0,0,0,0,0,4,16,0.56,0.25,0.06,0.5,0.0,0.0,1.0,0.0,9.0,1.0,669395,2024
Luis Contreras,28,814,Maj-AL,HOU,5,0,,,,6.0,7,6,6,2,6,0,0,9.0,24,2,0,0,1,0,0,0,0,26,105,0.61,0.16,0.09,0.33,0.28,0.11,1.5,0.389,9.0,3.0,664351,2024
Roansy Contreras,24,728,"Maj-AL,Maj-NL","LAD,Pittsburgh",49,3,2.0,4.0,2.0,68.1,63,36,33,31,56,11,4,4.35,259,14,0,6,2,3,10,1,1,298,1076,0.64,0.17,0.09,0.45,0.2,0.05,1.376,0.267,7.4,1.81,672710,2024
Tom Cosgrove,28,823,Maj-NL,SDP,18,0,,1.0,,14.2,23,19,19,6,15,3,4,11.66,65,2,0,0,1,0,0,0,0,76,323,0.63,0.19,0.07,0.38,0.26,0.08,1.977,0.426,9.2,2.5,676680,2024
Danny Coulombe,34,725,Maj-AL,BAL,34,0,1.0,,1.0,30.1,16,7,7,5,33,3,0,2.08,105,3,0,0,2,0,0,0,0,110,477,0.64,0.19,0.1,0.47,0.19,0.07,0.692,0.188,9.8,6.6,543056,2024
Brandon Crawford,37,792,Maj-NL,STL,1,0,,,,1.1,3,4,4,2,0,0,1,27.0,7,0,0,0,0,0,0,0,0,10,35,0.4,0.11,0.0,0.43,0.29,0.14,3.75,0.429,0.0,0.0,543063,2024
Kutter Crawford,28,729,Maj-AL,BOS,33,33,9.0,16.0,,183.2,155,97,89,51,175,34,9,4.36,695,30,2,0,9,3,7,3,1,759,2822,0.68,0.16,0.12,0.34,0.22,0.12,1.122,0.247,8.6,3.43,676710,2024
Nabil Crismatt,29,866,Maj-NL,LAD,5,0,1.0,1.0,,7.0,7,3,2,0,6,1,0,2.57,26,1,0,0,2,0,1,0,0,26,93,0.71,0.16,0.11,0.45,0.25,0.0,1.0,0.316,7.7,,622503,2024
Cooper Criswell,27,737,Maj-AL,BOS,26,18,6.0,5.0,,99.1,103,52,45,31,73,10,7,4.08,377,22,2,0,15,8,2,1,0,424,1756,0.63,0.19,0.07,0.5,0.22,0.05,1.349,0.308,6.6,2.35,681867,2024
Garrett Crochet,25,730,Maj-AL,CHC,31,31,6.0,12.0,,146.0,123,61,58,33,209,18,5,3.58,555,25,2,0,8,2,17,1,1,595,2391,0.68,0.15,0.16,0.45,0.24,0.05,1.068,0.318,12.9,6.33,676979,2024
Declan Cronin,26,732,Maj-NL,MIA,56,0,3.0,4.0,,70.1,75,41,34,25,72,1,5,4.35,274,16,1,3,11,1,8,2,0,306,1095,0.64,0.17,0.12,0.58,0.21,0.02,1.422,0.366,9.2,2.88,686539,2024
Hans Crouse,25,749,Maj-AL,LAD,25,0,4.0,3.0,,25.1,14,10,8,17,34,2,2,2.84,87,4,0,1,2,0,4,1,0,107,437,0.61,0.16,0.15,0.26,0.2,0.11,1.224,0.235,12.1,2.0,668968,2024
Fernando Cruz,34,728,Maj-NL,CIN,69,3,3.0,8.0,,66.2,54,36,36,35,109,9,1,4.86,250,14,1,2,3,1,11,1,0,288,1142,0.62,0.15,0.17,0.36,0.3,0.08,1.335,0.338,14.7,3.11,518585,2024
Steven Cruz,25,736,Maj-AL,KCR,5,0,,,,5.2,1,0,0,0,4,0,0,0.0,18,0,0,0,0,0,0,0,0,18,82,0.68,0.15,0.12,0.43,0.14,0.07,0.176,0.071,6.4,,674444,2024
Jose Cuas,30,789,"Maj-AL,Maj-NL","CHC,TOR",13,0,,,,16.1,19,15,14,10,17,4,5,7.71,67,1,1,1,1,1,0,0,0,83,319,0.6,0.15,0.1,0.33,0.24,0.08,1.776,0.319,9.4,1.7,621016,2024
Johnny Cueto,38,761,Maj-AL,LAD,2,2,,2.0,,11.1,14,9,9,3,6,4,0,7.15,47,4,1,1,1,0,0,0,0,50,167,0.65,0.18,0.07,0.41,0.15,0.05,1.5,0.27,4.8,2.0,456501,2024
Xzavion Curry,25,729,"Maj-AL,Maj-NL","CLE,MIA",16,5,2.0,2.0,,42.2,38,23,22,7,28,8,0,4.64,164,14,1,1,2,1,2,0,0,172,639,0.67,0.16,0.08,0.23,0.23,0.1,1.055,0.233,5.9,4.0,675540,2024
Caden Dana,20,742,Maj-AL,LAD,3,3,1.0,2.0,,10.1,14,12,11,7,8,5,1,9.58,43,3,0,0,1,1,1,0,0,52,206,0.59,0.14,0.11,0.56,0.08,0.03,2.032,0.29,7.0,1.14,702674,2024
Davis Daniel,27,776,Maj-AL,LAD,6,6,1.0,4.0,,30.0,39,22,21,6,28,5,1,6.3,127,11,0,0,2,0,2,1,0,134,508,0.68,0.19,0.09,0.36,0.26,0.08,1.5,0.362,8.4,4.67,669721,2024
Yu Darvish,37,716,Maj-NL,SDP,18,18,8.0,4.0,,95.1,71,35,33,25,85,14,3,3.12,344,13,1,0,4,5,15,2,2,379,1420,0.67,0.15,0.12,0.4,0.21,0.09,1.007,0.228,8.0,3.4,506433,2024
Tucker Davidson,28,729,Maj-AL,BAL,1,0,1.0,,,4.2,4,0,0,2,1,0,0,0.0,17,0,0,0,0,0,0,0,0,19,67,0.66,0.15,0.06,0.56,0.13,0.0,1.286,0.25,1.9,0.5,656353,2024
Austin Davis,31,793,Maj-NL,SDP,7,0,,,,7.0,6,8,7,5,6,0,2,9.0,25,2,0,0,2,0,0,0,0,33,142,0.57,0.18,0.06,0.5,0.2,0.15,1.571,0.316,7.7,1.2,656354,2024
Brett de Geus,26,728,"Maj-AL,Maj-NL","MIA,SEA,TOR",13,0,,2.0,,11.1,14,10,9,4,7,0,3,7.15,44,4,1,0,2,0,1,1,3,52,194,0.64,0.19,0.08,0.53,0.32,0.03,1.588,0.378,5.6,1.75,676969,2024
Enyel De Los Santos,28,728,"Maj-AL,Maj-NL","CHC,New York,SDP",64,0,1.0,2.0,2.0,64.0,65,38,37,25,66,17,5,5.2,248,17,1,1,7,0,3,0,1,278,1128,0.67,0.14,0.14,0.36,0.22,0.11,1.406,0.291,9.3,2.64,660853,2024
Jacob deGrom,36,730,Maj-AL,TEX,3,3,,,,10.2,11,2,2,1,14,1,1,1.69,42,3,0,0,1,0,3,0,0,44,172,0.68,0.19,0.14,0.39,0.18,0.18,1.125,0.37,11.8,14.0,594798,2024
Reid Detmers,24,730,Maj-AL,LAD,17,17,4.0,9.0,,87.1,98,67,65,38,109,18,2,6.7,348,20,3,0,8,3,14,3,2,391,1559,0.65,0.17,0.13,0.4,0.2,0.07,1.557,0.357,11.2,2.87,672282,2024
Chris Devenski,33,825,Maj-AL,TBR,19,0,2.0,1.0,,26.2,28,25,20,14,24,9,0,6.75,108,6,1,0,2,0,6,0,0,122,533,0.62,0.17,0.11,0.25,0.19,0.17,1.575,0.253,8.1,1.71,606965,2024
Alexis D\xc3\xadaz,27,729,Maj-NL,CIN,60,0,2.0,5.0,28.0,56.1,42,31,25,31,55,6,6,3.99,204,9,0,1,4,1,7,3,2,242,980,0.61,0.15,0.11,0.33,0.23,0.17,1.296,0.25,8.8,1.77,664747,2024
Jhonathan D\xc3\xadaz,27,740,Maj-AL,SEA,5,1,,1.0,,9.2,14,6,5,3,8,2,0,4.66,44,3,1,0,0,0,1,0,0,47,166,0.66,0.19,0.06,0.44,0.19,0.03,1.759,0.353,7.4,2.67,646242,2024
Miguel D\xc3\xadaz,29,905,Maj-AL,HOU,1,0,,,,1.0,0,0,0,0,0,0,0,0.0,3,0,0,0,0,0,0,0,0,3,10,0.7,0.0,0.1,0.33,0.0,0.0,0.0,0.0,0.0,,622766,2024
Yilber D\xc3\xadaz,23,733,Maj-NL,ARI,7,4,1.0,1.0,,28.1,27,13,12,12,19,3,0,3.81,105,5,2,0,3,2,2,0,1,119,469,0.62,0.18,0.08,0.36,0.31,0.07,1.376,0.282,6.0,1.58,700270,2024
Randy Dobnak,29,728,Maj-AL,MIN,5,0,,,,9.2,11,6,6,5,7,1,0,5.59,40,2,1,1,1,0,0,0,0,45,183,0.61,0.17,0.07,0.52,0.24,0.03,1.655,0.313,6.5,1.4,677976,2024
Dylan Dodd,26,781,Maj-NL,ATL,1,0,,,,2.0,4,2,2,1,2,0,0,9.0,8,1,0,0,1,0,0,1,0,9,34,0.65,0.21,0.06,0.5,0.33,0.0,2.5,0.667,9.0,2.0,689266,2024
Seranthony Dom\xc3\xadnguez,29,725,"Maj-AL,Maj-NL","BAL,PHI",65,0,3.0,4.0,11.0,60.1,52,32,29,21,70,12,2,4.33,236,8,1,0,1,1,13,0,0,260,1084,0.62,0.15,0.12,0.35,0.22,0.12,1.21,0.258,10.4,3.33,622554,2024
Daniel Duarte,27,907,Maj-AL,MIN,2,0,1.0,,,4.0,2,1,1,1,3,1,0,2.25,14,1,0,0,0,0,0,0,0,15,56,0.68,0.13,0.13,0.55,0.18,0.0,0.75,0.1,6.8,3.0,650960,2024
Shawn Dubin,28,729,Maj-AL,HOU,31,2,1.0,1.0,2.0,45.1,45,25,21,26,49,3,2,4.17,176,12,0,0,4,3,2,0,0,207,843,0.61,0.18,0.1,0.46,0.22,0.05,1.566,0.331,9.7,1.88,681869,2024
Tyler Duffey,33,860,Maj-AL,KCR,9,0,1.0,,,9.0,7,5,5,8,10,0,1,5.0,32,3,0,0,0,1,0,0,0,42,189,0.57,0.2,0.08,0.3,0.3,0.09,1.667,0.304,10.0,1.25,608648,2024
Dane Dunning,29,729,Maj-AL,TEX,26,15,5.0,7.0,,95.0,97,60,56,40,91,18,6,5.31,373,19,1,1,6,2,9,2,0,421,1689,0.63,0.17,0.1,0.45,0.21,0.05,1.442,0.297,8.6,2.28,641540,2024
Parker Dunshee,29,780,Maj-NL,ATL,1,0,,,,2.1,4,5,5,2,3,2,1,19.29,11,1,0,0,0,0,0,0,0,14,51,0.57,0.18,0.14,0.38,0.13,0.13,2.571,0.333,11.6,1.5,670161,2024
Jhoan Duran,26,731,Maj-AL,MIN,58,0,6.0,9.0,23.0,54.1,48,30,22,15,66,4,6,3.64,204,12,1,2,3,1,6,3,0,228,881,0.65,0.16,0.15,0.62,0.2,0.05,1.16,0.326,10.9,4.4,661395,2024
Jake Eder,25,740,Maj-AL,CHC,1,0,,,,2.0,2,1,1,1,1,0,1,4.5,7,0,0,0,1,0,1,0,0,9,45,0.58,0.13,0.13,0.83,0.0,0.0,1.5,0.333,4.5,1.0,671109,2024
Carl Edwards Jr.,32,780,Maj-NL,SDP,1,0,,,,0.0,1,0,0,2,0,0,0,,1,0,0,0,0,0,0,0,0,3,12,0.33,0.0,0.08,1.0,0.0,0.0,,1.0,,0.0,605218,2024
Zach Eflin,30,725,Maj-AL,"BAL,TBR",29,29,10.0,9.0,,169.1,170,72,67,25,137,22,4,3.56,669,29,2,0,6,3,5,4,0,702,2522,0.68,0.18,0.09,0.44,0.22,0.08,1.152,0.288,7.3,5.48,621107,2024
Brandon Eisert,26,728,Maj-AL,TOR,3,0,,,,6.2,5,3,3,4,2,0,0,4.05,22,1,0,0,2,0,0,1,0,26,110,0.59,0.14,0.06,0.55,0.25,0.05,1.35,0.25,2.7,0.5,685126,2024
Bryce Elder,25,782,Maj-NL,ATL,10,10,2.0,5.0,,49.2,64,37,36,17,46,8,2,6.52,206,9,2,0,3,1,9,1,0,226,864,0.62,0.18,0.11,0.5,0.23,0.04,1.631,0.366,8.3,2.71,693821,2024
Fraser Ellard,26,728,Maj-AL,CHC,25,0,2.0,3.0,1.0,24.0,18,12,10,12,26,3,1,3.75,85,3,0,3,1,3,0,0,0,101,432,0.6,0.18,0.1,0.45,0.24,0.05,1.25,0.254,9.8,2.17,686642,2024
Kent Emanuel,32,756,Maj-NL,MIA,12,0,,,,17.2,20,14,13,7,12,4,3,6.62,71,3,1,0,3,1,0,0,0,82,302,0.63,0.22,0.05,0.6,0.13,0.02,1.528,0.286,6.1,1.71,592288,2024
Mason Englert,24,760,Maj-AL,DET,12,1,1.0,,,21.2,23,15,13,5,16,4,1,5.4,87,9,1,1,1,0,1,1,0,93,365,0.64,0.12,0.14,0.35,0.23,0.06,1.292,0.284,6.6,3.2,669438,2024
Nathan Eovaldi,34,728,Maj-AL,TEX,29,29,12.0,8.0,,170.2,147,74,72,42,166,23,7,3.8,642,28,2,0,10,5,13,0,1,696,2621,0.68,0.16,0.13,0.49,0.23,0.04,1.107,0.271,8.8,3.95,543135,2024
Lucas Erceg,29,717,Maj-AL,"KCR,Oakland",66,0,2.0,6.0,17.0,67.2,53,28,25,19,78,4,6,3.33,252,11,1,2,4,0,0,0,0,277,1045,0.64,0.17,0.14,0.48,0.24,0.04,1.064,0.288,10.4,4.11,668674,2024
Paolo Espino,37,788,Maj-AL,TOR,3,1,,1.0,,8.2,14,8,8,5,3,3,1,8.31,37,3,2,0,2,1,1,0,0,44,158,0.61,0.16,0.04,0.29,0.26,0.11,2.192,0.344,3.1,0.6,502179,2024
Carlos Est\xc3\xa9vez,31,718,"Maj-AL,Maj-NL","LAD,PHI",57,0,4.0,5.0,26.0,57.2,40,20,16,13,54,6,1,2.5,209,6,2,4,2,1,3,2,1,224,866,0.68,0.16,0.13,0.33,0.27,0.07,0.919,0.227,8.4,4.15,608032,2024
Jeremiah Estrada,25,718,Maj-NL,SDP,66,0,6.0,3.0,1.0,65.1,47,23,20,24,99,4,0,2.76,242,8,0,1,2,4,2,0,0,271,1085,0.67,0.13,0.18,0.37,0.26,0.08,1.087,0.301,13.6,4.13,669093,2024
Alex Faedo,28,768,Maj-AL,DET,37,6,5.0,3.0,,57.1,49,24,23,28,55,9,3,3.61,210,9,0,0,1,3,1,4,3,246,1007,0.63,0.15,0.14,0.39,0.27,0.06,1.343,0.268,8.6,1.96,656412,2024
Pete Fairbanks,30,770,Maj-AL,TBR,46,0,3.0,3.0,23.0,45.1,36,20,18,17,44,4,0,3.57,166,4,0,2,2,1,5,1,1,185,694,0.66,0.21,0.1,0.43,0.23,0.09,1.169,0.269,8.7,2.59,664126,2024
Buck Farmer,33,728,Maj-NL,CIN,61,1,3.0,2.0,1.0,71.0,56,25,24,29,70,7,7,3.04,260,17,1,6,6,2,12,2,0,299,1171,0.64,0.18,0.11,0.37,0.23,0.12,1.197,0.265,8.9,2.41,571656,2024
Kyle Farmer,33,729,Maj-AL,MIN,3,0,,,,4.0,7,3,3,1,0,0,0,6.75,18,1,1,0,1,0,0,0,0,19,41,0.66,0.1,0.0,0.56,0.17,0.06,2.0,0.389,0.0,0.0,571657,2024
Calvin Faucher,28,753,Maj-NL,MIA,53,0,2.0,3.0,6.0,53.2,49,25,19,26,63,0,4,3.19,199,11,4,3,4,4,5,0,2,235,988,0.6,0.16,0.11,0.46,0.26,0.03,1.398,0.35,10.6,2.42,676534,2024
Erick Fedde,31,732,"Maj-AL,Maj-NL","CHC,STL",31,31,9.0,9.0,,177.1,154,66,65,52,154,20,5,3.3,661,30,4,0,12,7,10,3,2,726,2891,0.62,0.16,0.09,0.42,0.22,0.09,1.162,0.271,7.8,2.96,607200,2024
Caleb Ferguson,27,726,Maj-AL,"HOU,New York",63,0,1.0,4.0,1.0,54.2,56,34,28,25,67,6,4,4.61,219,11,0,1,2,1,1,0,0,249,940,0.65,0.18,0.11,0.46,0.28,0.05,1.482,0.34,11.0,2.68,657571,2024
Ryan Fernandez,26,731,Maj-NL,STL,62,0,1.0,6.0,2.0,66.2,58,30,25,32,71,4,2,3.38,246,8,3,5,6,3,12,1,0,285,1191,0.61,0.13,0.14,0.44,0.28,0.05,1.35,0.31,9.6,2.22,681676,2024
David Festa,24,731,Maj-AL,MIN,14,13,2.0,6.0,,64.1,62,36,35,23,77,9,2,4.9,251,14,3,0,3,1,10,0,0,277,1099,0.65,0.16,0.13,0.37,0.3,0.09,1.321,0.319,10.8,3.35,701581,2024
Matt Festa,31,730,"Maj-AL,Maj-NL","New York,TEX",19,0,6.0,1.0,,23.2,21,18,15,8,24,2,1,5.7,90,6,1,1,0,1,7,0,2,100,386,0.7,0.14,0.13,0.27,0.27,0.18,1.225,0.292,9.1,3.0,670036,2024
J.P. Feyereisen,31,832,Maj-NL,LAD,10,0,,1.0,1.0,11.0,11,10,10,5,9,3,1,8.18,42,3,0,0,2,0,0,0,0,48,180,0.64,0.14,0.09,0.33,0.27,0.09,1.455,0.267,7.4,1.8,656420,2024
Richard Fitts,24,732,Maj-AL,BOS,4,4,,1.0,,20.2,19,6,4,7,9,0,0,1.74,76,3,0,0,2,0,0,0,1,85,314,0.68,0.17,0.06,0.39,0.23,0.06,1.258,0.284,3.9,1.29,690916,2024
Jack Flaherty,28,697,"Maj-AL,Maj-NL","DET,LAD",33,33,14.0,9.0,,184.0,159,79,75,47,209,30,5,3.67,693,23,6,0,9,1,11,4,1,747,3033,0.64,0.18,0.13,0.41,0.26,0.06,1.12,0.284,10.2,4.45,656427,2024
Chris Flexen,29,731,Maj-AL,CHC,33,31,3.0,15.0,,160.0,180,95,88,63,123,24,2,4.95,635,44,3,1,12,3,6,4,2,707,2801,0.61,0.15,0.1,0.36,0.27,0.09,1.519,0.318,6.9,1.95,623167,2024
Dylan Floro,33,743,Maj-NL,"ARI,Washington",66,0,6.0,4.0,,68.2,65,31,29,17,48,5,1,3.8,258,10,0,0,8,2,9,1,0,279,1019,0.65,0.23,0.07,0.46,0.26,0.04,1.194,0.29,6.3,2.82,571670,2024
Jason Foley,28,726,Maj-AL,DET,70,0,3.0,6.0,28.0,60.1,54,29,22,20,46,5,2,3.28,227,9,1,2,4,3,9,0,0,254,922,0.67,0.18,0.1,0.48,0.24,0.03,1.227,0.274,6.9,2.3,671345,2024
Matt Foster,29,746,Maj-AL,CHC,6,1,,1.0,,6.2,5,2,2,5,4,1,0,2.7,25,1,0,0,0,0,1,0,0,30,108,0.58,0.13,0.06,0.29,0.29,0.05,1.5,0.2,5.4,0.8,641582,2024
J.P. France,29,887,Maj-AL,HOU,5,5,,3.0,,25.1,31,21,21,12,22,5,1,7.46,107,8,0,0,0,1,1,1,0,121,466,0.58,0.16,0.1,0.3,0.24,0.08,1.697,0.321,7.8,1.83,641585,2024
Bowden Francis,28,733,Maj-AL,TOR,27,13,8.0,5.0,,103.2,74,41,38,22,92,17,7,3.3,377,15,0,0,9,1,1,1,0,408,1559,0.67,0.16,0.1,0.34,0.22,0.11,0.926,0.212,8.0,4.18,670102,2024
Luis Fr\xc3\xadas,26,740,"Maj-AL,Maj-NL","ARI,TOR",11,0,,1.0,,9.2,19,16,15,7,12,2,0,13.97,45,4,1,0,3,1,0,0,1,53,229,0.61,0.14,0.11,0.41,0.38,0.0,2.69,0.531,11.2,1.71,666818,2024
Max Fried,30,725,Maj-NL,ATL,30,30,11.0,11.0,,176.1,154,76,68,57,168,14,7,3.47,660,17,2,0,20,4,13,2,2,729,2809,0.64,0.18,0.1,0.59,0.22,0.03,1.197,0.29,8.6,2.95,608331,2024
Carson Fulmer,30,728,Maj-AL,LAD,37,8,,5.0,,86.2,81,45,40,40,81,11,5,4.15,329,24,0,4,8,3,4,2,3,379,1472,0.63,0.17,0.11,0.42,0.25,0.04,1.396,0.292,8.4,2.03,608334,2024
Kody Funderburk,27,730,Maj-AL,MIN,27,0,1.0,,1.0,34.2,41,26,25,15,32,4,5,6.49,136,10,1,0,5,4,5,1,1,161,652,0.62,0.19,0.1,0.55,0.23,0.06,1.615,0.356,8.3,2.13,681892,2024
Hunter Gaddis,26,708,Maj-AL,CLE,86,0,7.0,4.0,,82.0,51,23,17,19,78,6,5,1.87,289,16,2,2,5,1,1,0,3,314,1230,0.68,0.17,0.12,0.36,0.22,0.1,0.854,0.218,8.6,4.11,683769,2024
Giovanny Gallegos,32,792,Maj-NL,STL,21,0,2.0,1.0,1.0,20.2,24,15,15,10,21,6,0,6.53,84,9,0,0,3,0,2,0,0,94,401,0.62,0.15,0.12,0.48,0.22,0.06,1.645,0.316,9.1,2.1,606149,2024
Zac Gallen,28,732,Maj-NL,ARI,28,28,14.0,6.0,,148.0,133,62,60,54,156,13,4,3.65,561,29,5,0,14,2,18,2,0,621,2503,0.62,0.18,0.11,0.46,0.26,0.04,1.264,0.305,9.5,2.89,668678,2024
Gerson Garabito,28,729,Maj-AL,TEX,18,2,,2.0,,26.1,23,15,14,12,22,4,4,4.78,96,3,0,0,3,2,3,0,0,115,492,0.62,0.17,0.09,0.35,0.27,0.06,1.329,0.264,7.5,1.83,642520,2024
Deivi Garc\xc3\xada,25,883,Maj-AL,CHC,14,0,1.0,2.0,1.0,14.0,16,16,11,11,15,2,0,7.07,56,1,0,1,0,1,1,1,0,68,283,0.57,0.14,0.12,0.33,0.26,0.07,1.929,0.35,9.6,1.36,665620,2024
Luis Garcia,37,729,Maj-AL,"BOS,LAD",59,0,5.0,1.0,4.0,58.1,59,35,31,15,52,8,3,4.78,231,11,0,2,4,1,9,1,0,250,879,0.66,0.16,0.11,0.51,0.21,0.06,1.269,0.297,8.0,3.47,472610,2024
Yimi Garc\xc3\xada,33,769,Maj-AL,"SEA,TOR",39,0,3.0,,5.0,39.0,23,15,15,12,49,6,2,3.46,138,7,0,3,0,0,5,0,1,153,618,0.67,0.16,0.14,0.3,0.19,0.13,0.897,0.205,11.3,4.08,554340,2024
Amir Garrett,32,866,Maj-AL,LAD,6,0,,,,5.1,4,3,3,5,11,1,0,5.06,19,1,0,0,0,0,5,0,0,24,104,0.58,0.21,0.14,0.13,0.13,0.25,1.688,0.429,18.6,2.2,607237,2024
Braxton Garrett,26,832,Maj-NL,MIA,7,7,2.0,2.0,,37.0,40,24,22,4,34,5,5,5.35,152,8,0,0,2,0,3,0,0,161,589,0.66,0.19,0.1,0.52,0.21,0.06,1.189,0.31,8.3,8.5,666129,2024
Robert Gasser,25,848,Maj-NL,MIL,5,5,2.0,,,28.0,28,9,8,1,16,2,3,2.57,106,1,0,0,3,3,2,0,0,114,399,0.71,0.19,0.11,0.44,0.24,0.09,1.036,0.286,5.1,16.0,688107,2024
Kevin Gausman,33,732,Maj-AL,TOR,31,31,14.0,11.0,,181.0,165,86,77,56,162,20,2,3.83,693,41,3,0,10,3,20,4,4,756,2959,0.65,0.15,0.11,0.39,0.24,0.07,1.221,0.282,8.1,2.89,592332,2024
Ian Gibaut,30,728,Maj-NL,CIN,2,0,,,,2.0,3,1,1,1,1,0,0,4.5,9,1,0,0,0,0,1,0,0,10,40,0.68,0.2,0.03,0.13,0.5,0.0,2.0,0.375,4.5,1.0,664139,2024
Kyle Gibson,36,731,Maj-NL,STL,30,30,8.0,8.0,,169.2,161,91,80,68,151,23,4,4.24,641,30,4,1,21,6,8,1,0,722,2764,0.6,0.17,0.1,0.44,0.24,0.06,1.35,0.292,8.0,2.22,502043,2024
Logan Gilbert,27,728,Maj-AL,SEA,33,33,9.0,12.0,,208.2,148,83,75,37,220,26,4,3.23,756,39,1,1,16,4,14,4,2,803,3042,0.66,0.15,0.15,0.45,0.24,0.07,0.887,0.237,9.5,5.95,669302,2024
Tyler Gilbert,30,730,Maj-NL,PHI,6,0,,,,8.1,10,3,3,2,4,1,1,3.24,35,1,0,0,0,0,3,0,0,38,145,0.68,0.11,0.08,0.29,0.35,0.0,1.44,0.3,4.3,2.0,656457,2024
Logan Gillaspie,27,764,Maj-NL,SDP,9,0,,,,11.1,15,9,9,0,7,2,1,7.15,47,3,0,0,1,1,0,0,0,49,151,0.75,0.13,0.1,0.29,0.37,0.1,1.324,0.333,5.6,,670810,2024
Connor Gillispie,26,762,Maj-AL,CLE,3,0,,,,8.0,4,2,2,5,8,0,0,2.25,26,2,0,0,0,1,2,0,1,32,138,0.6,0.12,0.09,0.32,0.21,0.26,1.125,0.211,9.0,1.6,687362,2024
Kevin Ginkel,30,729,Maj-NL,ARI,72,0,8.0,3.0,5.0,70.0,69,31,25,15,77,6,3,3.21,270,16,1,0,5,2,6,1,0,291,1184,0.64,0.15,0.13,0.43,0.27,0.05,1.2,0.333,9.9,5.13,656464,2024
Tyler Glasnow,30,777,Maj-NL,LAD,22,22,9.0,6.0,,134.0,92,53,52,35,168,15,0,3.49,484,27,2,0,10,1,14,4,0,522,2011,0.65,0.17,0.14,0.48,0.21,0.07,0.948,0.255,11.3,4.8,607192,2024
Anthony Gose,33,749,Maj-AL,CLE,3,0,,,,4.1,9,5,5,1,4,2,0,10.38,21,4,0,0,0,0,0,0,0,22,79,0.67,0.19,0.1,0.47,0.18,0.0,2.308,0.467,8.3,4.0,543238,2024
Gordon Graceffo,24,809,Maj-NL,STL,2,1,,1.0,,7.2,7,4,4,2,6,1,0,4.7,28,4,0,0,1,1,0,0,0,31,105,0.67,0.13,0.1,0.43,0.17,0.04,1.174,0.273,7.0,3.0,700669,2024
Brusdar Graterol,25,697,Maj-NL,LAD,10,0,,,,9.2,5,3,3,6,8,0,0,2.79,33,0,0,0,0,1,0,0,0,40,162,0.61,0.15,0.09,0.54,0.23,0.12,1.138,0.192,7.4,1.33,660813,2024
Jon Gray,32,758,Maj-AL,TEX,23,19,5.0,6.0,,102.2,107,54,51,28,86,11,0,4.47,408,17,4,1,2,2,9,0,1,439,1623,0.67,0.15,0.12,0.41,0.26,0.07,1.315,0.307,7.5,3.07,592351,2024
Sonny Gray,34,739,Maj-NL,STL,28,28,13.0,9.0,,166.1,142,79,71,39,203,21,3,3.84,623,33,6,0,13,3,25,5,1,671,2484,0.66,0.18,0.14,0.44,0.26,0.05,1.088,0.301,11.0,5.21,543243,2024
Chad Green,33,732,Maj-AL,TOR,52,0,4.0,6.0,16.0,52.1,40,20,19,14,43,8,2,3.27,186,6,0,3,5,4,6,2,0,206,821,0.67,0.14,0.11,0.37,0.22,0.09,1.032,0.23,7.4,3.07,643338,2024
Hunter Greene,24,728,Maj-NL,CIN,26,26,9.0,5.0,,150.1,96,47,46,57,169,12,19,2.75,526,19,3,0,5,6,14,3,2,611,2563,0.64,0.14,0.13,0.35,0.21,0.13,1.018,0.239,10.1,2.96,668881,2024
Michael Grove,27,721,Maj-NL,LAD,40,2,4.0,4.0,,51.1,47,32,30,16,55,7,6,5.26,193,7,1,0,3,2,4,1,2,218,838,0.64,0.17,0.11,0.45,0.23,0.09,1.227,0.301,9.6,3.44,675627,2024
Sean Guenther,28,717,Maj-AL,DET,21,0,4.0,,,24.0,11,3,3,3,12,0,2,1.13,79,2,1,0,4,0,0,0,0,84,280,0.69,0.22,0.08,0.66,0.09,0.03,0.583,0.164,4.5,4.0,674944,2024
Luis Guerrero,23,728,Maj-AL,BOS,9,0,,,,10.0,6,1,0,2,9,0,0,0.0,33,1,0,0,1,1,0,1,0,36,133,0.68,0.2,0.13,0.44,0.08,0.12,0.8,0.24,8.1,4.5,692285,2024
Luis Guillorme,29,800,"Maj-AL,Maj-NL","ATL,LAD",3,0,,,,3.0,4,4,4,2,0,1,0,12.0,13,1,0,0,0,0,0,0,0,15,43,0.53,0.02,0.12,0.54,0.23,0.08,2.0,0.25,0.0,0.0,641645,2024
Vladimir Gutierrez,28,910,Maj-NL,MIA,1,0,,,,4.0,3,3,3,2,4,1,0,6.75,15,0,0,0,0,0,1,0,0,17,80,0.59,0.11,0.13,0.18,0.18,0.27,1.25,0.2,9.0,2.0,661269,2024
Josh Hader,30,725,Maj-AL,HOU,73,0,8.0,8.0,34.0,73.1,47,34,31,27,105,12,1,3.8,261,7,1,0,5,1,5,2,2,290,1216,0.67,0.12,0.2,0.3,0.22,0.11,1.009,0.241,12.9,3.89,623352,2024
DL Hall,25,728,Maj-NL,MIL,13,7,1.0,2.0,,43.0,48,26,24,21,44,6,4,5.02,170,5,0,0,4,1,2,0,1,197,782,0.62,0.19,0.09,0.48,0.19,0.08,1.605,0.347,9.2,2.1,669084,2024
Garrett Hampson,29,763,Maj-AL,KCR,1,0,,,,1.0,0,0,0,0,0,0,1,0.0,3,0,0,0,0,0,0,0,0,4,13,0.46,0.08,0.0,0.0,0.33,0.33,0.0,0.0,0.0,,641658,2024
Emerson Hancock,25,729,Maj-AL,SEA,12,12,4.0,4.0,,60.2,62,37,32,19,39,12,6,4.75,239,7,2,0,5,2,3,0,0,266,1015,0.66,0.15,0.1,0.36,0.28,0.08,1.335,0.263,5.8,2.05,676106,2024
Brenan Hanifee,26,725,Maj-AL,DET,22,3,1.0,1.0,,31.0,28,7,6,7,25,2,0,1.74,120,4,2,0,2,0,3,0,0,127,481,0.66,0.17,0.07,0.53,0.26,0.04,1.129,0.28,7.3,3.57,669724,2024
Hunter Harvey,29,784,"Maj-AL,Maj-NL","KCR,Washington",49,0,2.0,4.0,1.0,50.2,51,28,25,16,55,5,5,4.44,197,19,1,2,3,0,13,2,0,219,902,0.67,0.15,0.13,0.45,0.32,0.05,1.322,0.336,9.8,3.44,640451,2024
Brent Headrick,26,735,Maj-AL,MIN,1,0,,,,3.0,2,1,1,2,5,1,0,3.0,11,1,0,0,0,0,0,0,0,13,60,0.6,0.15,0.15,0.5,0.0,0.0,1.333,0.2,15.0,2.5,687396,2024
Andrew Heaney,33,729,Maj-AL,TEX,32,31,5.0,14.0,,160.0,159,84,76,41,159,23,12,4.28,634,30,1,1,6,3,8,1,0,693,2732,0.66,0.15,0.12,0.34,0.28,0.07,1.25,0.299,8.9,3.88,571760,2024
Jonathan Heasley,27,857,Maj-AL,BAL,4,0,,1.0,,5.1,10,11,10,3,4,2,1,16.88,25,0,0,0,1,0,0,1,1,29,108,0.62,0.19,0.09,0.62,0.19,0.0,2.438,0.421,6.8,1.33,669169,2024
Austin Hedges,31,808,Maj-AL,CLE,1,0,,,,2.0,0,0,0,1,0,0,0,0.0,5,0,0,0,1,0,0,0,0,6,20,0.55,0.2,0.0,0.4,0.2,0.0,0.5,0.0,0.0,0.0,595978,2024
Tyler Heineman,33,730,Maj-AL,TOR,1,0,,,,1.0,1,0,0,0,0,0,0,0.0,4,0,0,0,0,0,0,0,0,4,8,0.75,0.13,0.0,0.25,0.25,0.5,1.0,0.25,0.0,,623168,2024
Ryan Helsley,29,730,Maj-NL,STL,65,0,7.0,4.0,49.0,66.1,50,19,15,23,79,3,0,2.04,238,6,0,3,5,4,4,1,0,266,933,0.69,0.16,0.17,0.37,0.28,0.11,1.101,0.294,10.7,3.43,664854,2024
Kyle Hendricks,34,729,Maj-NL,CHC,29,24,4.0,12.0,,130.2,147,88,86,43,87,21,3,5.92,514,15,1,0,6,7,14,7,2,567,2135,0.65,0.19,0.08,0.46,0.23,0.08,1.454,0.305,6.0,2.02,543294,2024
Blair Henley,27,902,Maj-AL,HOU,1,1,,,,0.1,4,5,5,3,0,0,1,135.0,5,0,0,0,0,0,0,0,0,9,39,0.46,0.26,0.03,0.4,0.2,0.2,21.0,0.8,0.0,0.0,668874,2024
Edgardo Henriquez,22,710,Maj-NL,LAD,6,0,,,1.0,8.1,10,5,5,5,8,2,0,5.4,35,0,0,0,0,0,2,0,0,40,143,0.62,0.14,0.11,0.33,0.22,0.26,1.8,0.32,8.6,1.6,683618,2024
Ronny Henriquez,24,737,Maj-AL,MIN,16,1,1.0,1.0,,19.1,20,8,7,5,15,2,2,3.26,75,1,1,1,0,0,1,0,2,82,303,0.65,0.15,0.12,0.53,0.2,0.08,1.293,0.31,7.0,3.0,678692,2024
Tommy Henry,26,827,Maj-NL,ARI,9,7,2.0,3.0,,38.1,49,31,30,18,30,9,4,7.04,157,12,2,0,5,2,1,2,0,182,706,0.63,0.17,0.07,0.44,0.23,0.05,1.748,0.333,7.0,1.67,674072,2024
David Hensley,28,751,Maj-NL,MIA,1,0,,,,2.0,2,2,2,1,0,0,1,9.0,6,1,0,0,1,2,0,0,0,10,26,0.54,0.08,0.08,0.25,0.25,0.0,1.5,0.25,0.0,0.0,682073,2024
Sam Hentges,27,809,Maj-AL,CLE,25,0,,,,23.2,18,8,8,5,27,3,0,3.04,85,6,0,0,4,0,0,0,0,91,351,0.68,0.2,0.13,0.48,0.22,0.05,0.972,0.273,10.3,5.4,656529,2024
Jimmy Herget,30,771,Maj-NL,ATL,8,0,,1.0,,12.1,13,6,6,3,15,2,0,4.38,49,3,0,0,1,0,2,0,1,52,189,0.69,0.17,0.14,0.26,0.21,0.15,1.297,0.344,10.9,5.0,623474,2024
Kevin Herget,33,736,Maj-NL,MIL,7,0,,,1.0,11.1,6,2,2,3,9,1,0,1.59,40,2,0,0,0,0,0,0,0,43,151,0.7,0.22,0.09,0.39,0.26,0.16,0.794,0.167,7.1,3.0,643361,2024
Carlos Hern\xc3\xa1ndez,27,728,Maj-AL,KCR,27,0,,1.0,,30.0,24,14,11,16,27,1,1,3.3,109,8,0,0,1,3,8,1,0,129,561,0.63,0.14,0.11,0.32,0.18,0.15,1.333,0.274,8.1,1.69,672578,2024
Daysbel Hern\xc3\xa1ndez,27,725,Maj-NL,ATL,17,0,3.0,,,20.1,11,6,5,11,29,0,1,2.21,71,2,0,1,1,0,1,0,0,83,372,0.63,0.16,0.14,0.38,0.21,0.1,1.082,0.262,12.8,2.64,678226,2024
Elieser Hern\xc3\xa1ndez,29,831,Maj-NL,"LAD,MIL",9,1,,1.0,,15.2,14,11,11,5,8,5,0,6.32,59,3,0,0,1,0,0,1,0,64,251,0.65,0.2,0.09,0.2,0.25,0.16,1.213,0.196,4.6,1.6,622694,2024
Enrique Hern\xc3\xa1ndez,32,743,Maj-NL,LAD,4,0,,,,4.1,5,2,2,0,0,0,0,4.15,18,2,0,0,0,0,0,0,0,18,45,0.6,0.16,0.0,0.11,0.5,0.17,1.154,0.278,0.0,,571771,2024
Jonathan Hern\xc3\xa1ndez,27,781,Maj-AL,"SEA,TEX",29,1,3.0,1.0,,43.1,41,28,26,28,39,6,1,5.4,160,8,1,1,6,2,4,1,0,192,763,0.61,0.14,0.13,0.49,0.24,0.02,1.592,0.299,8.1,1.39,642546,2024
Nick Hernandez,29,749,Maj-AL,HOU,5,0,,,,8.0,10,7,7,1,10,4,0,7.88,33,0,0,0,0,0,1,1,0,34,139,0.67,0.2,0.14,0.39,0.3,0.09,1.375,0.316,11.3,10.0,663321,2024
Tim Herrin,27,708,Maj-AL,CLE,84,0,6.0,1.0,,74.0,45,18,15,30,74,2,5,1.82,253,11,0,1,10,1,6,2,3,290,1132,0.65,0.19,0.13,0.5,0.21,0.07,1.014,0.242,9.0,2.47,682120,2024
Aaron Hicks,34,883,Maj-AL,LAD,1,0,,,,1.0,2,2,2,1,0,1,0,18.0,5,0,0,0,0,0,0,0,0,6,18,0.72,0.28,0.11,0.0,0.4,0.2,3.0,0.25,0.0,0.0,543305,2024
Rich Hill,44,753,Maj-AL,BOS,4,0,,1.0,,3.2,1,2,2,3,5,1,1,4.91,10,0,0,0,0,1,1,1,1,15,71,0.56,0.24,0.08,0.5,0.17,0.0,1.091,0.0,12.3,1.67,448179,2024
Tim Hill,34,698,Maj-AL,"CHC,New York",72,0,4.0,,,75.1,84,34,26,21,34,2,2,3.11,296,7,0,2,10,3,3,0,1,323,1110,0.69,0.17,0.06,0.67,0.19,0.03,1.394,0.312,4.1,1.62,657612,2024
Porter Hodge,23,729,Maj-NL,CHC,39,0,3.0,1.0,9.0,43.0,19,10,9,19,52,2,1,1.88,144,4,1,0,1,0,3,3,1,164,642,0.62,0.17,0.14,0.4,0.23,0.07,0.884,0.189,10.9,2.74,687863,2024
Bryan Hoeing,27,718,Maj-NL,"MIA,SDP",37,2,3.0,3.0,,56.1,48,18,16,15,45,6,0,2.56,209,6,1,1,5,0,7,2,1,224,842,0.65,0.19,0.09,0.47,0.27,0.05,1.118,0.266,7.2,3.0,663773,2024
Jeff Hoffman,31,718,Maj-NL,PHI,71,0,4.0,5.0,10.0,67.2,51,26,22,18,90,6,4,2.93,251,9,2,1,3,2,3,0,0,275,1045,0.67,0.15,0.17,0.38,0.25,0.1,1.02,0.287,12.0,5.0,656546,2024
Gavin Hollowell,26,734,Maj-NL,CHC,1,0,,,,1.1,2,0,0,0,1,0,0,0.0,5,0,0,0,0,0,0,0,0,6,29,0.66,0.17,0.1,1.0,0.0,0.0,1.5,0.5,6.8,,668970,2024
Grant Holmes,28,727,Maj-NL,ATL,26,7,2.0,1.0,,68.1,66,27,27,15,70,7,2,3.56,262,10,0,2,5,3,7,0,0,282,1024,0.68,0.14,0.17,0.44,0.23,0.06,1.185,0.314,9.2,4.67,656550,2024
Tyler Holton,28,715,Maj-AL,DET,72,11,7.0,3.0,9.0,100.0,63,31,29,18,83,8,4,2.61,353,13,2,1,9,1,3,0,0,378,1446,0.66,0.18,0.12,0.49,0.21,0.07,0.81,0.209,7.5,4.61,663947,2024
Brent Honeywell Jr.,29,698,Maj-NL,"LAD,Pittsburgh",23,1,1.0,1.0,1.0,46.1,44,21,20,14,20,4,6,3.88,166,12,1,0,8,4,7,0,1,192,768,0.64,0.16,0.07,0.39,0.26,0.05,1.252,0.274,3.9,1.43,641703,2024
Bailey Horn,26,740,Maj-AL,BOS,18,0,1.0,1.0,,18.0,22,14,13,10,13,5,0,6.5,75,4,0,2,0,2,2,0,0,88,303,0.65,0.18,0.1,0.48,0.32,0.05,1.778,0.288,6.5,1.3,690544,2024
Tanner Houck,28,734,Maj-AL,BOS,30,30,9.0,10.0,,178.2,156,75,62,48,154,11,16,3.12,674,27,0,1,16,4,11,1,0,743,2735,0.66,0.19,0.1,0.55,0.24,0.04,1.142,0.283,7.8,3.21,656557,2024
Spencer Howard,27,799,"Maj-AL,Maj-NL","CLE,San Francisco",9,3,1.0,2.0,,29.0,44,24,20,14,27,5,0,6.21,128,7,2,0,1,1,3,2,0,144,537,0.67,0.16,0.11,0.39,0.21,0.05,2.0,0.402,8.4,1.93,675921,2024
Bryan Hudson,27,755,Maj-NL,MIL,43,0,6.0,1.0,,62.1,28,12,12,17,62,7,3,1.73,208,7,1,0,2,2,3,2,2,231,927,0.67,0.19,0.09,0.4,0.26,0.09,0.722,0.149,9.0,3.65,663542,2024
Daniel Hudson,37,698,Maj-NL,LAD,72,0,6.0,3.0,10.0,69.0,53,30,26,21,69,11,2,3.39,256,8,2,1,3,2,3,2,0,281,1093,0.63,0.13,0.14,0.37,0.2,0.09,1.072,0.236,9.0,3.29,543339,2024
Brandon Hughes,28,733,Maj-NL,ARI,15,2,,,,17.2,24,16,16,10,21,8,2,8.15,76,5,0,0,0,1,1,0,0,89,350,0.61,0.15,0.12,0.29,0.25,0.09,1.925,0.333,10.7,2.1,676714,2024
Kyle Hurt,26,894,Maj-NL,LAD,3,1,,1.0,,6.2,8,2,1,1,3,0,0,1.35,26,2,0,0,1,0,2,0,0,27,87,0.75,0.11,0.16,0.35,0.43,0.04,1.35,0.348,4.1,3.0,669165,2024
Brant Hurter,25,718,Maj-AL,DET,12,1,7.0,1.0,,50.1,41,13,13,8,39,4,1,2.32,188,6,1,1,3,1,1,0,0,199,730,0.7,0.21,0.08,0.53,0.15,0.1,0.974,0.253,7.0,4.88,676428,2024
Raisel Iglesias,34,727,Maj-NL,ATL,66,0,6.0,2.0,34.0,69.1,38,19,15,13,68,4,3,1.95,238,5,2,3,4,2,2,0,0,259,928,0.69,0.16,0.16,0.45,0.19,0.06,0.736,0.202,8.8,5.23,628452,2024
Shota Imanaga,30,735,Maj-NL,CHC,29,29,15.0,3.0,,173.1,149,66,56,28,174,27,3,2.91,662,23,1,0,7,1,3,2,3,694,2587,0.69,0.13,0.15,0.37,0.21,0.09,1.021,0.264,9.0,6.21,684007,2024
Jairo Iriarte,22,731,Maj-AL,CHC,6,0,,1.0,,6.0,3,3,1,8,6,0,0,1.5,21,0,0,0,0,1,0,0,0,30,137,0.53,0.2,0.08,0.5,0.13,0.13,1.833,0.188,9.0,0.75,683568,2024
Cole Irvin,30,733,Maj-AL,"BAL,MIN",29,16,6.0,6.0,1.0,111.0,132,71,63,29,78,18,6,5.11,450,28,5,1,9,6,2,2,0,492,1767,0.67,0.18,0.07,0.4,0.25,0.06,1.45,0.317,6.3,2.69,608344,2024
Jay Jackson,36,829,Maj-AL,MIN,20,0,1.0,2.0,,26.1,28,24,22,9,29,7,0,7.52,105,4,1,0,0,0,3,1,0,114,457,0.64,0.16,0.11,0.36,0.32,0.07,1.405,0.304,9.9,3.22,543351,2024
Luke Jackson,32,726,Maj-NL,"ATL,San Francisco",53,0,4.0,3.0,,55.0,53,34,31,26,61,8,2,5.07,211,9,0,0,5,2,4,1,1,242,939,0.63,0.16,0.14,0.51,0.21,0.03,1.436,0.313,10.0,2.35,592426,2024
Alek Jacob,26,718,Maj-NL,SDP,9,0,,,,16.2,10,7,5,3,21,2,3,2.7,59,0,1,0,0,1,0,0,0,67,268,0.64,0.24,0.13,0.28,0.33,0.1,0.78,0.216,11.3,7.0,689690,2024
Joe Jacques,29,814,"Maj-AL,Maj-NL","ARI,BOS",2,0,,,,3.0,6,3,3,1,2,1,1,9.0,14,1,0,0,0,0,2,0,0,16,50,0.66,0.18,0.08,0.42,0.33,0.0,2.333,0.455,6.0,2.0,682175,2024
Kenley Jansen,36,735,Maj-AL,BOS,54,0,4.0,2.0,27.0,54.2,38,20,20,20,62,4,1,3.29,194,9,0,2,1,3,10,3,0,218,802,0.67,0.18,0.12,0.31,0.22,0.1,1.061,0.26,10.2,3.1,445276,2024
Bryce Jarvis,26,789,Maj-NL,ARI,44,0,1.0,2.0,,59.1,52,25,21,33,38,6,5,3.19,218,9,0,4,11,2,2,0,0,258,1007,0.63,0.15,0.09,0.43,0.25,0.03,1.433,0.261,5.8,1.15,686826,2024
Cristian Javier,27,859,Maj-AL,HOU,7,7,3.0,1.0,,34.2,30,16,15,19,27,4,0,3.89,129,9,1,0,2,1,5,1,1,150,570,0.59,0.16,0.1,0.26,0.26,0.11,1.413,0.263,7.0,1.42,664299,2024
Griffin Jax,29,731,Maj-AL,MIN,72,0,5.0,5.0,10.0,71.0,47,19,16,15,95,4,2,2.03,256,7,3,1,2,1,3,1,1,276,1068,0.69,0.17,0.19,0.52,0.18,0.06,0.873,0.272,12.0,6.33,643377,2024
Tyler Jay,30,789,Maj-NL,"MIL,New York",5,0,,,,7.2,9,5,4,6,6,0,0,4.7,30,3,0,0,2,0,2,0,0,36,153,0.63,0.14,0.1,0.63,0.21,0.04,1.957,0.375,7.0,1.0,664079,2024
Joe Jim\xc3\xa9nez,29,725,Maj-NL,ATL,70,0,1.0,5.0,3.0,69.2,45,22,20,24,83,2,4,2.58,251,9,0,1,3,2,4,0,0,281,1104,0.68,0.16,0.15,0.42,0.19,0.06,0.99,0.256,10.7,3.46,641729,2024
Jackson Jobe,21,717,Maj-AL,DET,4,0,,,,5.2,6,3,3,1,2,0,1,4.76,24,1,0,0,0,1,0,0,0,28,90,0.64,0.17,0.08,0.35,0.26,0.04,1.235,0.261,3.2,2.0,695549,2024
Pierce Johnson,33,725,Maj-NL,ATL,59,0,6.0,6.0,2.0,57.1,48,25,23,25,67,6,2,3.61,212,8,1,1,7,0,8,1,1,239,930,0.64,0.19,0.12,0.45,0.24,0.05,1.273,0.302,10.5,2.68,572955,2024
Seth Johnson,25,749,Maj-NL,PHI,1,1,,1.0,,2.1,8,9,9,3,0,1,0,34.71,14,2,0,0,0,1,1,0,0,18,58,0.64,0.21,0.1,0.27,0.4,0.07,4.714,0.5,0.0,0.0,686751,2024
Ben Joyce,23,754,Maj-AL,LAD,31,1,2.0,,4.0,34.2,26,8,8,14,33,1,4,2.08,124,2,0,0,5,0,0,1,1,142,541,0.65,0.15,0.14,0.59,0.21,0.04,1.154,0.278,8.6,2.36,690829,2024
Jakob Junis,31,732,Maj-NL,"CIN,MIL",24,6,4.0,,1.0,67.0,49,22,20,8,51,8,3,2.69,241,12,1,0,6,1,6,1,0,253,943,0.69,0.22,0.1,0.39,0.26,0.07,0.851,0.224,6.9,6.38,596001,2024
Janson Junk,28,753,"Maj-AL,Maj-NL","MIL,Oakland",6,0,,,,8.0,22,13,13,4,8,3,0,14.63,43,4,0,0,2,1,2,0,0,48,175,0.67,0.14,0.07,0.36,0.28,0.06,3.25,0.576,9.0,2.0,676083,2024
Brad Keller,28,762,Maj-AL,"BOS,CHC",16,2,,4.0,1.0,41.1,48,28,25,15,32,9,2,5.44,175,11,0,0,2,0,1,0,0,192,743,0.62,0.16,0.09,0.5,0.2,0.06,1.524,0.291,7.0,2.13,641745,2024
Casey Kelly,34,760,Maj-NL,CIN,2,0,,,1.0,5.1,5,3,3,1,4,1,0,5.06,19,1,0,0,1,1,2,0,0,21,78,0.67,0.12,0.15,0.38,0.13,0.13,1.125,0.267,6.8,4.0,543391,2024
Joe Kelly,36,730,Maj-NL,LAD,35,0,1.0,1.0,,32.0,31,19,17,16,35,4,5,4.78,119,6,0,1,2,1,1,1,1,143,553,0.63,0.17,0.09,0.48,0.24,0.05,1.469,0.333,9.8,2.19,523260,2024
Kevin Kelly,26,729,Maj-AL,TBR,68,0,5.0,2.0,1.0,70.2,59,25,21,9,63,7,5,2.67,261,8,2,1,5,1,6,2,1,278,1033,0.68,0.24,0.08,0.56,0.22,0.04,0.962,0.271,8.0,7.0,687330,2024
Merrill Kelly,35,730,Maj-NL,ARI,13,13,5.0,1.0,,73.2,67,35,33,19,63,11,2,4.03,277,16,1,0,7,1,5,2,1,300,1139,0.65,0.17,0.09,0.43,0.23,0.04,1.167,0.275,7.7,3.32,518876,2024
Zack Kelly,29,744,Maj-AL,BOS,49,3,6.0,3.0,,56.2,44,31,25,27,61,10,2,3.97,212,8,0,3,2,0,6,1,1,241,958,0.64,0.17,0.12,0.48,0.21,0.07,1.253,0.241,9.7,2.26,677161,2024
Orion Kerkering,23,718,Maj-NL,PHI,68,2,5.0,3.0,,66.2,55,21,17,19,79,3,8,2.3,243,13,0,0,6,3,7,2,0,274,1150,0.65,0.2,0.11,0.54,0.24,0.03,1.11,0.317,10.7,4.16,689147,2024
Ray Kerr,29,834,Maj-NL,ATL,10,2,1.0,2.0,,22.1,29,14,14,7,27,4,3,5.64,92,8,0,0,2,1,5,1,1,103,383,0.64,0.16,0.16,0.35,0.29,0.03,1.612,0.403,10.9,3.86,678061,2024
Clayton Kershaw,36,758,Maj-NL,LAD,7,7,2.0,2.0,,30.0,36,19,15,9,24,2,2,4.5,119,7,1,1,2,3,0,3,0,133,504,0.66,0.16,0.11,0.4,0.33,0.08,1.5,0.354,7.2,2.67,477132,2024
Grae Kessinger,26,899,Maj-AL,HOU,1,0,,,,1.0,0,0,0,0,0,0,0,0.0,3,0,0,0,0,0,0,0,0,3,11,0.73,0.36,0.0,0.33,0.0,0.0,0.0,0.0,0.0,,666197,2024
Dallas Keuchel,36,806,Maj-NL,MIL,4,4,,,,16.2,23,10,10,8,11,3,0,5.4,70,4,1,0,2,1,4,0,0,79,308,0.55,0.18,0.07,0.53,0.18,0.07,1.86,0.351,5.9,1.38,572971,2024
Yusei Kikuchi,33,732,Maj-AL,"HOU,TOR",32,32,9.0,10.0,,175.2,167,85,79,44,206,25,2,4.05,683,23,1,0,7,3,8,4,0,736,2920,0.65,0.17,0.13,0.43,0.23,0.05,1.201,0.312,10.6,4.68,579328,2024
Caleb Kilian,27,728,Maj-NL,CHC,2,1,,1.0,,10.2,11,6,5,6,7,2,0,4.22,41,2,0,0,1,0,2,0,0,48,167,0.63,0.13,0.1,0.46,0.23,0.09,1.594,0.281,5.9,1.17,668873,2024
Craig Kimbrel,36,740,Maj-AL,BAL,57,0,7.0,5.0,23.0,52.1,40,35,31,31,73,7,5,5.33,192,7,1,1,0,3,15,1,1,232,962,0.61,0.18,0.12,0.32,0.3,0.09,1.357,0.287,12.6,2.35,518886,2024
Isiah Kiner-Falefa,29,884,Maj-AL,TOR,2,0,,,,2.0,1,1,1,2,0,0,0,4.5,6,0,0,0,0,1,0,0,0,9,18,0.44,0.0,0.0,0.29,0.14,0.0,1.5,0.143,0.0,0.0,643396,2024
Bryan King,27,726,Maj-AL,HOU,29,0,1.0,,,27.0,21,7,7,10,33,1,3,2.33,98,5,0,0,3,1,0,0,0,112,428,0.65,0.18,0.11,0.44,0.24,0.15,1.148,0.308,11.0,3.3,687911,2024
John King,29,730,Maj-NL,STL,56,0,3.0,3.0,,60.0,58,23,19,14,38,5,1,2.85,225,6,0,1,8,7,11,0,0,248,857,0.68,0.17,0.08,0.62,0.2,0.02,1.2,0.28,5.7,2.71,667463,2024
Michael King,29,719,Maj-NL,SDP,33,32,15.0,9.0,,185.2,154,76,62,64,216,19,7,3.01,699,28,2,2,8,1,8,3,3,773,3061,0.65,0.19,0.12,0.41,0.26,0.08,1.174,0.29,10.5,3.38,650633,2024
George Kirby,26,732,Maj-AL,SEA,33,33,14.0,11.0,,191.0,181,82,75,23,179,22,7,3.53,740,38,3,0,8,5,24,6,0,778,2968,0.68,0.15,0.11,0.43,0.21,0.09,1.068,0.292,8.4,7.78,669923,2024
Austin Kitchen,27,751,Maj-NL,MIA,4,1,,1.0,,7.0,16,12,11,3,4,1,0,14.14,38,4,0,0,1,0,1,0,0,42,158,0.65,0.19,0.04,0.65,0.21,0.03,2.714,0.455,5.1,1.33,685116,2024
Andrew Kittredge,34,730,Maj-NL,STL,74,0,5.0,5.0,1.0,70.2,60,26,22,20,67,10,0,2.8,263,12,1,2,6,3,11,0,1,287,1029,0.69,0.16,0.14,0.46,0.26,0.07,1.132,0.265,8.5,3.35,552640,2024
Will Klein,24,774,Maj-AL,"KCR,Oakland",8,0,1.0,,,7.1,12,9,9,6,7,0,0,11.05,31,4,0,0,1,1,0,1,1,38,146,0.56,0.2,0.08,0.4,0.32,0.0,2.455,0.48,8.6,1.17,694361,2024
Adam Kloffenstein,23,829,Maj-NL,STL,1,0,,,,1.0,0,0,0,0,0,0,0,0.0,3,0,0,0,0,0,0,0,0,3,15,0.67,0.2,0.0,0.33,0.0,0.33,0.0,0.0,0.0,,680572,2024
Landon Knack,26,698,Maj-NL,LAD,18,12,3.0,5.0,1.0,76.0,66,34,34,22,74,16,3,4.03,293,10,2,1,2,1,7,0,0,319,1280,0.63,0.17,0.1,0.3,0.23,0.1,1.158,0.245,8.8,3.36,689017,2024
Andrew Knizner,29,832,Maj-AL,TEX,2,0,,,,3.0,1,0,0,2,0,0,0,0.0,8,1,0,0,1,1,0,0,0,11,36,0.44,0.17,0.0,0.44,0.44,0.0,1.0,0.111,0.0,0.0,668800,2024
Jack Kochanowicz,23,728,Maj-AL,LAD,11,11,2.0,6.0,,65.1,68,30,29,10,25,7,8,3.99,247,14,0,1,16,0,2,2,0,266,859,0.68,0.15,0.07,0.57,0.23,0.05,1.194,0.284,3.4,2.5,686799,2024
Jared Koenig,30,725,Maj-NL,MIL,56,6,9.0,4.0,1.0,62.2,55,22,17,23,63,4,4,2.44,239,5,1,4,3,0,5,1,1,268,1025,0.66,0.19,0.1,0.48,0.2,0.08,1.245,0.297,9.0,2.74,657649,2024
Stephen Kolek,27,789,Maj-NL,SDP,42,0,3.0,,,46.2,59,30,27,12,39,4,3,5.21,195,9,0,0,2,0,2,1,0,211,798,0.67,0.18,0.1,0.56,0.26,0.01,1.521,0.362,7.5,3.25,663568,2024
Michael Kopech,28,697,"Maj-AL,Maj-NL","CHC,LAD",77,1,7.0,8.0,15.0,76.2,49,30,29,41,98,10,5,3.4,266,6,0,3,6,5,6,3,1,318,1317,0.64,0.17,0.14,0.38,0.16,0.08,1.174,0.239,11.5,2.39,656629,2024
Evan Kravetz,27,760,Maj-NL,CIN,1,0,,,,0.2,0,0,0,0,0,0,0,0.0,2,0,0,0,0,0,0,0,0,2,4,0.5,0.0,0.0,1.0,0.0,0.0,0.0,0.0,0.0,,667478,2024
Dean Kremer,28,733,Maj-AL,BAL,24,24,8.0,10.0,,129.2,110,72,59,51,123,18,3,4.1,493,19,0,0,6,5,6,3,1,553,2171,0.64,0.18,0.09,0.42,0.19,0.1,1.242,0.258,8.5,2.41,665152,2024
Zac Kristofak,26,882,Maj-AL,LAD,1,0,,,,2.0,3,2,0,2,2,0,0,0.0,8,2,0,0,1,1,2,0,0,11,39,0.59,0.21,0.13,0.57,0.29,0.0,2.5,0.429,9.0,1.0,670219,2024
Matt Krook,29,819,Maj-AL,BAL,1,0,,,,1.0,1,3,2,1,2,1,0,18.0,5,0,0,0,0,0,0,0,0,6,27,0.59,0.11,0.07,0.67,0.0,0.0,2.0,0.0,18.0,2.0,640454,2024
Chad Kuhl,31,737,Maj-AL,CHC,31,1,,2.0,1.0,53.1,56,33,30,25,54,5,6,5.06,205,11,1,1,5,1,1,1,0,240,981,0.58,0.16,0.1,0.46,0.25,0.05,1.519,0.347,9.1,2.16,641771,2024
Joel Kuhnel,29,764,Maj-AL,"HOU,TBR",6,0,,,,10.0,8,5,5,0,5,1,1,4.5,38,2,0,0,0,0,1,0,0,39,158,0.65,0.14,0.1,0.48,0.15,0.12,0.8,0.219,4.5,,669270,2024
Dinelson Lamet,31,905,Maj-NL,LAD,3,0,,,1.0,4.1,2,2,1,2,3,1,0,2.08,15,0,0,1,0,1,0,0,0,18,74,0.64,0.16,0.08,0.38,0.08,0.0,0.923,0.083,6.2,1.5,659275,2024
Alex Lange,28,858,Maj-AL,DET,21,0,,3.0,2.0,18.2,16,16,9,17,21,0,2,4.34,69,4,0,0,2,0,1,1,0,90,377,0.58,0.15,0.12,0.44,0.3,0.08,1.768,0.333,10.1,1.24,656638,2024
Jacob Latz,28,786,Maj-AL,TEX,46,0,2.0,3.0,,43.2,39,20,18,27,40,6,1,3.71,162,4,0,3,3,2,1,1,0,192,814,0.61,0.14,0.12,0.35,0.24,0.13,1.511,0.28,8.2,1.48,656641,2024
Max Lazar,25,744,Maj-NL,PHI,11,0,,,,13.2,13,7,7,2,9,2,0,4.61,52,4,0,0,2,0,0,0,1,54,214,0.65,0.16,0.08,0.44,0.35,0.07,1.098,0.268,5.9,4.5,676661,2024
Kyle Leahy,27,729,Maj-NL,STL,33,0,1.0,1.0,1.0,48.2,40,23,22,10,33,4,1,4.07,178,11,0,0,5,2,0,2,2,191,695,0.66,0.13,0.11,0.41,0.22,0.07,1.027,0.252,6.1,3.3,681517,2024
Jordan Leasure,25,805,Maj-AL,CHC,33,0,,2.0,2.0,31.1,32,22,22,18,26,6,1,6.32,120,7,1,0,1,2,0,0,1,142,560,0.62,0.14,0.12,0.37,0.22,0.11,1.596,0.289,7.5,1.44,673929,2024
Jos\xc3\xa9 Leclerc,30,728,Maj-AL,TEX,64,0,6.0,5.0,1.0,66.2,56,33,32,32,89,7,4,4.32,247,9,0,1,3,2,11,3,1,288,1206,0.62,0.14,0.16,0.37,0.25,0.09,1.32,0.32,12.0,2.78,600917,2024
Dylan Lee,29,725,Maj-NL,ATL,53,0,4.0,2.0,,61.1,50,19,14,17,76,7,0,2.05,227,11,1,4,3,1,1,3,0,246,879,0.71,0.14,0.2,0.37,0.26,0.05,1.092,0.297,11.2,4.47,669276,2024
Casey Legumina,27,739,Maj-NL,CIN,6,0,,,,9.1,15,11,9,2,7,2,1,8.68,44,2,1,0,1,0,0,0,0,47,166,0.69,0.16,0.05,0.62,0.19,0.0,1.821,0.371,6.8,3.5,668984,2024
Brandon Leibrandt,31,738,Maj-NL,CIN,2,0,,,,6.1,11,7,7,2,5,3,0,9.95,30,0,0,0,0,0,0,0,0,32,117,0.67,0.15,0.12,0.56,0.16,0.04,2.053,0.364,7.1,2.5,605335,2024
Jack Leiter,24,731,Maj-AL,TEX,9,6,,3.0,,35.2,44,39,35,17,31,7,3,8.83,148,9,2,0,2,3,4,0,0,173,669,0.63,0.14,0.12,0.39,0.22,0.07,1.71,0.327,7.8,1.82,683004,2024
Mark Leiter Jr.,33,697,"Maj-AL,Maj-NL","CHC,New York",66,0,5.0,5.0,,63.1,58,35,30,27,91,8,3,4.26,250,10,1,3,2,0,7,0,1,280,1107,0.62,0.16,0.17,0.47,0.25,0.08,1.342,0.331,12.9,3.37,643410,2024
Dominic Leone,32,774,Maj-AL,CHC,23,0,,2.0,,19.0,20,17,14,14,17,4,0,6.63,73,6,0,1,4,2,8,0,1,89,361,0.58,0.12,0.16,0.5,0.22,0.05,1.789,0.296,8.1,1.21,608678,2024
Matthew Liberatore,24,729,Maj-NL,STL,60,6,3.0,4.0,,86.0,81,44,42,28,76,11,2,4.4,323,20,0,3,8,3,7,1,1,358,1358,0.67,0.15,0.12,0.44,0.22,0.07,1.267,0.293,8.0,2.71,669461,2024
Zack Littell,28,732,Maj-AL,TBR,29,29,8.0,10.0,,156.1,164,68,63,31,141,22,5,3.63,618,29,2,0,13,0,6,3,1,656,2486,0.68,0.16,0.11,0.34,0.28,0.1,1.247,0.312,8.1,4.55,641793,2024
Brendon Little,27,729,Maj-AL,TOR,49,0,1.0,2.0,1.0,45.2,41,21,19,19,36,7,1,3.74,172,5,0,2,8,0,5,0,0,193,696,0.61,0.15,0.13,0.72,0.15,0.02,1.314,0.264,7.1,1.89,663893,2024
Luke Little,23,809,Maj-NL,CHC,29,1,3.0,1.0,,26.0,15,11,10,18,28,1,4,3.46,86,4,0,1,5,1,3,1,0,109,434,0.59,0.23,0.09,0.71,0.08,0.03,1.269,0.241,9.7,1.56,681432,2024
Ben Lively,32,712,Maj-AL,CLE,30,29,13.0,10.0,,152.1,140,67,64,50,120,23,5,3.78,582,26,4,0,10,1,12,3,3,638,2432,0.65,0.19,0.08,0.43,0.21,0.08,1.247,0.266,7.1,2.4,594902,2024
Nick Lodolo,26,766,Maj-NL,CIN,21,21,9.0,6.0,,115.1,101,62,61,37,122,13,18,4.76,437,26,0,0,4,1,11,4,2,493,1864,0.64,0.17,0.12,0.45,0.24,0.05,1.197,0.29,9.5,3.3,666157,2024
Nick Loftin,25,849,Maj-AL,KCR,1,0,,,,1.0,1,0,0,0,0,0,0,0.0,3,0,0,0,1,0,0,0,0,3,8,0.63,0.13,0.0,0.67,0.33,0.0,1.0,0.333,0.0,,679845,2024
Zach Logue,28,738,Maj-NL,LAD,2,0,,,,2.0,6,4,4,0,4,1,0,18.0,12,1,0,0,0,0,0,0,0,12,43,0.79,0.19,0.19,0.5,0.25,0.13,3.0,0.714,18.0,,656657,2024
Sam Long,28,717,Maj-AL,KCR,48,0,3.0,3.0,1.0,46.2,35,18,16,21,46,5,1,3.09,169,6,0,1,1,1,0,0,0,193,771,0.63,0.16,0.12,0.45,0.18,0.05,1.2,0.252,8.9,2.19,669674,2024
Jacob Lopez,26,763,Maj-AL,TBR,4,1,,,,10.1,5,7,6,7,8,2,2,5.23,37,1,0,0,0,0,4,0,0,46,178,0.56,0.17,0.09,0.17,0.24,0.21,1.161,0.111,7.0,1.14,682052,2024
Jorge L\xc3\xb3pez,31,738,Maj-NL,"CHC,New York",52,0,2.0,3.0,4.0,53.0,46,19,17,19,50,6,2,2.89,196,9,0,1,7,0,6,1,2,217,807,0.66,0.23,0.09,0.51,0.16,0.07,1.226,0.286,8.5,2.63,605347,2024
Pablo L\xc3\xb3pez,28,730,Maj-AL,MIN,32,32,15.0,10.0,,185.1,180,90,84,41,198,26,8,4.08,715,33,0,0,11,4,11,1,2,772,2982,0.67,0.15,0.13,0.44,0.25,0.05,1.192,0.311,9.6,4.83,641154,2024
Reynaldo L\xc3\xb3pez,30,727,Maj-NL,ATL,26,25,8.0,5.0,,135.2,108,32,30,42,148,10,2,1.99,492,22,2,0,14,6,20,1,0,543,2110,0.65,0.16,0.12,0.4,0.29,0.06,1.106,0.288,9.8,3.52,625643,2024
Michael Lorenzen,32,718,Maj-AL,"KCR,TEX",28,24,7.0,7.0,,132.2,104,50,49,61,100,17,6,3.32,479,20,1,0,14,2,7,5,0,548,2134,0.61,0.17,0.09,0.41,0.23,0.1,1.244,0.239,6.8,1.64,547179,2024
Ryan Loutos,25,788,Maj-NL,STL,3,0,,,,2.1,2,0,0,1,0,0,0,0.0,9,1,0,0,0,0,1,0,0,10,35,0.54,0.14,0.06,0.44,0.0,0.0,1.286,0.222,0.0,0.0,702795,2024
Richard Lovelady,28,728,"Maj-AL,Maj-NL","CHC,TBR",35,0,3.0,6.0,2.0,34.1,34,18,17,11,26,3,2,4.46,132,6,0,1,3,1,4,0,0,147,528,0.65,0.16,0.11,0.52,0.21,0.07,1.311,0.298,6.8,2.36,663992,2024
Rhett Lowder,22,729,Maj-NL,CIN,6,6,2.0,2.0,,30.2,25,4,4,14,22,0,0,1.17,114,2,0,0,2,0,5,2,1,128,498,0.62,0.15,0.09,0.39,0.29,0.07,1.272,0.272,6.5,1.57,695076,2024
Easton Lucas,27,730,Maj-AL,"DET,Oakland,TOR",8,0,1.0,,,11.2,17,15,14,9,10,1,1,10.8,50,2,1,0,1,1,0,0,0,61,246,0.62,0.12,0.07,0.38,0.17,0.1,2.229,0.4,7.7,1.11,687922,2024
Seth Lugo,34,718,Maj-AL,KCR,35,35,16.0,9.0,,216.0,184,78,72,53,189,17,10,3.0,807,37,6,1,18,5,5,5,1,878,3281,0.65,0.18,0.09,0.45,0.24,0.04,1.097,0.276,7.9,3.57,607625,2024
Jes\xc3\xbas Luzardo,26,833,Maj-NL,MIA,12,12,3.0,6.0,,66.2,61,37,37,22,58,9,2,5.0,248,12,1,0,6,1,5,4,1,274,1084,0.64,0.15,0.14,0.39,0.23,0.05,1.245,0.286,7.8,2.64,666200,2024
Jordan Lyles,33,898,Maj-AL,KCR,5,0,,,,5.0,2,0,0,2,3,0,0,0.0,17,2,0,0,0,0,0,0,0,19,72,0.63,0.1,0.15,0.43,0.07,0.07,0.8,0.143,5.4,1.5,543475,2024
Daniel Lynch IV,27,729,Maj-AL,KCR,16,3,2.0,,1.0,43.1,29,17,16,14,39,6,4,3.32,154,6,0,0,4,2,3,1,0,174,629,0.65,0.18,0.13,0.46,0.21,0.05,0.992,0.207,8.1,2.79,663738,2024
Lance Lynn,37,740,Maj-NL,STL,23,23,7.0,4.0,,117.1,113,64,50,44,109,16,4,3.84,458,21,1,0,7,4,16,3,1,511,2040,0.62,0.14,0.1,0.36,0.27,0.09,1.338,0.288,8.4,2.48,458681,2024
Ty Madden,24,722,Maj-AL,DET,7,1,1.0,1.0,,23.2,26,14,13,11,18,2,1,4.94,94,6,0,1,2,1,4,0,0,107,436,0.63,0.13,0.11,0.43,0.26,0.09,1.563,0.32,6.8,1.64,680744,2024
Kenta Maeda,36,728,Maj-AL,DET,28,16,3.0,7.0,,112.1,124,80,76,31,96,22,5,6.09,442,25,1,0,9,6,11,4,1,485,1956,0.63,0.16,0.11,0.36,0.26,0.09,1.38,0.309,7.7,3.1,628317,2024
Tyler Mahle,29,770,Maj-AL,TEX,3,3,,1.0,,12.2,14,7,7,4,10,1,1,4.97,50,2,1,0,1,1,2,0,0,56,229,0.66,0.17,0.11,0.44,0.22,0.0,1.421,0.325,7.1,2.5,641816,2024
Luke Maile,33,758,Maj-NL,CIN,3,0,,,,3.2,6,6,6,0,0,1,0,14.73,17,3,1,0,0,1,0,0,0,18,65,0.68,0.06,0.06,0.28,0.22,0.06,1.636,0.294,0.0,,571912,2024
Anthony Maldonado,26,731,Maj-NL,MIA,16,1,1.0,1.0,1.0,19.0,21,12,12,7,11,1,0,5.68,75,4,2,3,1,0,2,1,0,82,297,0.63,0.13,0.14,0.36,0.23,0.16,1.474,0.317,5.2,1.57,687424,2024
Matt Manning,26,861,Maj-AL,DET,5,5,,1.0,,27.2,31,15,15,12,23,3,0,4.88,108,4,1,0,1,3,2,1,0,123,438,0.66,0.17,0.1,0.31,0.25,0.08,1.554,0.329,7.5,1.92,666159,2024
Alek Manoah,26,851,Maj-AL,TOR,5,5,1.0,2.0,,24.1,17,16,10,8,26,5,4,3.7,90,2,0,0,2,1,2,1,0,103,393,0.64,0.16,0.12,0.35,0.25,0.12,1.027,0.2,9.6,3.25,666201,2024
Joe Mantiply,33,728,Maj-NL,ARI,75,2,6.0,2.0,1.0,59.2,52,27,26,18,53,1,0,3.92,225,14,4,7,6,0,7,1,0,243,867,0.68,0.15,0.14,0.54,0.18,0.02,1.173,0.298,8.0,2.94,573009,2024
Alec Marsh,26,728,Maj-AL,KCR,26,25,9.0,9.0,,129.0,123,70,65,39,123,19,11,4.53,493,28,3,1,9,4,9,2,5,548,2161,0.64,0.17,0.1,0.39,0.26,0.09,1.256,0.293,8.6,3.15,679525,2024
Jos\xc3\xa9 Marte,28,781,Maj-AL,LAD,14,0,,,,19.1,14,6,5,10,14,1,1,2.33,68,4,0,0,4,1,1,0,0,80,311,0.59,0.14,0.11,0.56,0.18,0.02,1.241,0.241,6.5,1.4,665896,2024
Yunior Marte,29,758,Maj-NL,PHI,23,0,,,,26.0,34,22,20,15,23,5,0,6.92,111,6,0,0,0,1,5,0,0,127,483,0.6,0.16,0.09,0.45,0.29,0.06,1.885,0.345,8.0,1.53,628708,2024
Chris Martin,38,728,Maj-AL,BOS,45,0,3.0,1.0,2.0,44.1,47,22,17,3,50,5,3,3.45,170,3,0,1,5,2,6,2,1,180,658,0.72,0.18,0.11,0.46,0.28,0.04,1.128,0.359,10.2,16.67,455119,2024
Davis Martin,27,732,Maj-AL,CHC,11,10,,5.0,,50.0,50,25,24,23,47,5,5,4.32,192,5,0,0,5,0,2,3,0,220,892,0.63,0.15,0.12,0.47,0.18,0.08,1.46,0.321,8.5,2.04,663436,2024
Justin Martinez,22,729,Maj-NL,ARI,64,0,5.0,6.0,8.0,72.2,59,26,20,36,91,2,2,2.48,267,10,1,6,5,2,2,1,0,308,1177,0.63,0.16,0.14,0.6,0.23,0.03,1.307,0.324,11.3,2.53,679885,2024
Nick Martinez,33,730,Maj-NL,CIN,42,16,10.0,7.0,,142.1,128,56,49,18,116,13,5,3.1,539,32,2,0,9,3,10,3,4,570,2125,0.68,0.16,0.11,0.38,0.25,0.1,1.026,0.278,7.3,6.44,607259,2024
Seth Martinez,29,734,Maj-AL,HOU,44,0,3.0,2.0,1.0,52.2,49,24,21,18,36,7,4,3.59,199,12,1,1,9,0,4,1,0,222,839,0.63,0.17,0.09,0.42,0.24,0.12,1.272,0.269,6.2,2.0,661527,2024
Phil Maton,31,707,"Maj-AL,Maj-NL","New York,TBR",77,0,3.0,4.0,3.0,70.1,58,33,32,28,66,11,10,4.09,259,9,2,1,6,0,3,2,0,298,1213,0.63,0.16,0.11,0.46,0.23,0.09,1.223,0.258,8.4,2.36,664208,2024
Yuki Matsui,28,718,Maj-NL,SDP,65,0,4.0,2.0,,63.2,47,27,26,27,70,8,0,3.68,230,10,3,4,2,4,2,1,0,261,1060,0.63,0.13,0.15,0.37,0.21,0.11,1.162,0.25,9.9,2.59,673513,2024
Zebby Matthews,24,729,Maj-AL,MIN,9,9,1.0,4.0,,37.2,51,31,28,11,43,11,2,6.69,164,9,0,0,1,0,1,0,0,177,717,0.65,0.15,0.11,0.38,0.23,0.09,1.646,0.364,10.3,3.91,805673,2024
Steven Matz,33,728,Maj-NL,STL,12,7,1.0,2.0,,44.1,49,28,25,15,33,7,2,5.08,171,10,0,1,7,1,2,1,0,190,754,0.65,0.16,0.08,0.41,0.29,0.09,1.444,0.318,6.7,2.2,571927,2024
Tyler Matzek,33,876,Maj-NL,ATL,11,0,,,,10.0,16,11,11,3,10,3,0,9.9,45,1,1,0,1,0,0,0,0,48,179,0.68,0.17,0.07,0.31,0.31,0.0,1.9,0.406,9.0,3.33,554431,2024
Tim Mayza,32,698,Maj-AL,"New York,TOR",53,0,,2.0,,45.0,56,34,30,17,29,5,1,6.0,184,12,2,2,2,4,11,2,0,206,784,0.63,0.19,0.07,0.47,0.27,0.03,1.622,0.331,5.8,1.71,641835,2024
Adam Mazur,23,793,Maj-NL,SDP,8,8,1.0,3.0,,33.2,40,28,28,21,22,6,2,7.49,133,11,1,0,5,2,2,0,1,158,585,0.6,0.16,0.07,0.33,0.29,0.11,1.812,0.318,5.9,1.05,800049,2024
James McArthur,27,741,Maj-AL,KCR,57,0,5.0,7.0,18.0,56.2,68,36,31,14,49,8,3,4.92,228,10,1,2,6,1,3,1,1,247,907,0.66,0.19,0.13,0.54,0.23,0.04,1.447,0.349,7.8,3.5,663704,2024
James McCann,34,813,Maj-AL,BAL,1,0,,,,1.0,2,2,2,0,0,1,0,18.0,5,0,0,0,0,0,0,0,0,5,10,0.7,0.2,0.0,0.2,0.2,0.0,2.0,0.25,0.0,,543510,2024
Darren McCaughan,28,729,"Maj-AL,Maj-NL","CLE,MIA",12,5,,,2.0,42.0,53,32,29,15,28,9,6,6.21,171,9,1,0,2,3,5,3,1,195,714,0.64,0.19,0.06,0.36,0.22,0.07,1.619,0.321,6.0,1.87,670766,2024
Chayce McDermott,25,795,Maj-AL,BAL,1,1,,,,4.0,5,3,3,2,3,1,0,6.75,15,0,0,0,1,1,0,0,0,18,82,0.63,0.11,0.12,0.62,0.08,0.0,1.75,0.333,6.8,1.5,694646,2024
Scott McGough,34,729,Maj-NL,ARI,26,2,1.0,3.0,,32.2,34,30,27,21,25,6,1,7.44,124,10,2,0,4,4,4,0,0,150,580,0.62,0.13,0.12,0.42,0.25,0.05,1.684,0.289,6.9,1.19,543518,2024
Michael McGreevy,23,728,Maj-NL,STL,4,3,3.0,,,23.0,16,5,5,2,18,1,1,1.96,83,3,1,0,3,0,0,0,0,86,311,0.66,0.19,0.1,0.65,0.25,0.03,0.783,0.234,7.0,9.0,700241,2024
Triston McKenzie,26,821,Maj-AL,CLE,16,16,3.0,5.0,,75.2,69,46,43,49,74,19,1,5.11,288,10,1,1,8,1,9,0,2,340,1304,0.59,0.17,0.09,0.35,0.2,0.1,1.559,0.255,8.8,1.51,663474,2024
Zach McKinstry,29,842,Maj-AL,DET,3,0,,,,2.0,1,2,2,1,0,1,0,9.0,7,0,0,0,0,0,0,0,0,8,24,0.54,0.25,0.0,0.29,0.0,0.29,1.0,0.0,0.0,0.0,656716,2024
John McMillon,26,746,Maj-NL,MIA,10,0,2.0,1.0,,12.0,7,4,2,5,13,1,0,1.5,41,0,0,0,1,0,1,0,0,47,180,0.64,0.19,0.16,0.48,0.17,0.07,1.0,0.222,9.8,2.6,669111,2024
John Means,31,858,Maj-AL,BAL,4,4,2.0,,,20.2,16,6,6,2,16,2,1,2.61,76,4,1,0,0,1,0,0,0,80,320,0.65,0.17,0.12,0.23,0.33,0.13,0.871,0.237,7.0,8.0,607644,2024
Nick Mears,27,724,Maj-NL,"Colorado,MIL",56,0,1.0,5.0,,60.0,61,40,38,24,78,7,0,5.7,235,13,0,1,3,4,4,1,1,263,1055,0.67,0.17,0.13,0.4,0.24,0.05,1.417,0.351,11.7,3.25,683232,2024
Victor Mederos,23,750,Maj-AL,LAD,4,0,,1.0,,5.1,7,7,7,6,5,1,0,11.81,21,2,0,0,1,0,1,0,0,27,107,0.56,0.09,0.09,0.44,0.31,0.0,2.438,0.4,8.4,0.83,682989,2024
James Meeker,29,842,Maj-NL,MIL,1,0,,,,1.0,1,0,0,1,0,0,0,0.0,3,0,0,0,1,0,0,0,0,4,16,0.5,0.19,0.0,0.67,0.33,0.0,2.0,0.333,0.0,0.0,703231,2024
Trevor Megill,30,724,Maj-NL,MIL,50,0,1.0,3.0,21.0,48.2,33,16,14,14,54,4,2,2.59,172,3,0,4,4,2,9,1,0,191,697,0.68,0.15,0.14,0.34,0.22,0.07,0.966,0.25,10.0,3.86,656730,2024
Cristian Mena,21,816,Maj-NL,ARI,1,1,,,,3.0,4,4,4,3,2,2,0,12.0,12,0,0,0,0,0,0,0,0,15,70,0.57,0.09,0.13,0.4,0.1,0.1,2.333,0.25,6.0,0.67,691441,2024
Danny Mendick,30,843,Maj-AL,CHC,1,0,,,,1.0,2,0,0,0,0,0,0,0.0,4,0,0,0,1,0,0,0,0,4,15,0.6,0.2,0.0,0.75,0.25,0.0,2.0,0.5,0.0,,664901,2024
Michael Mercado,25,760,Maj-NL,PHI,5,2,1.0,2.0,,13.0,16,16,16,9,10,9,1,11.08,54,2,0,0,0,0,1,1,0,64,260,0.61,0.15,0.09,0.3,0.18,0.02,1.923,0.2,6.9,1.11,675650,2024
Julian Merryweather,32,763,Maj-NL,CHC,15,0,1.0,1.0,,15.0,18,11,11,9,14,0,3,6.6,61,8,1,0,1,1,3,0,0,74,272,0.62,0.15,0.11,0.4,0.27,0.06,1.8,0.375,8.4,1.56,657240,2024
Matt Mervis,26,883,Maj-NL,CHC,1,0,,,,0.2,7,6,6,0,0,0,0,81.0,9,3,0,0,0,0,0,0,0,9,37,0.57,0.16,0.0,0.11,0.78,0.0,10.5,0.778,0.0,,670223,2024
Max Meyer,25,754,Maj-NL,MIA,11,11,3.0,5.0,,57.0,62,38,36,19,46,14,3,5.68,225,18,2,0,5,1,3,2,1,248,968,0.62,0.14,0.1,0.51,0.18,0.06,1.421,0.289,7.3,2.42,676974,2024
Miles Mikolas,35,730,Maj-NL,STL,32,32,10.0,11.0,,171.2,194,106,102,25,122,26,5,5.35,683,51,4,0,18,6,8,2,0,720,2705,0.69,0.19,0.07,0.42,0.25,0.08,1.276,0.311,6.4,4.88,571945,2024
Wade Miley,37,894,Maj-NL,MIL,2,2,,1.0,,7.0,6,5,5,4,2,1,1,6.43,24,0,0,0,2,0,0,0,0,30,118,0.6,0.16,0.04,0.61,0.17,0.0,1.429,0.238,2.6,0.5,489119,2024
Bobby Miller,25,740,Maj-NL,LAD,13,13,2.0,4.0,,56.0,69,53,53,30,52,17,2,8.52,226,7,1,0,9,0,5,1,0,258,1053,0.6,0.14,0.1,0.45,0.25,0.05,1.768,0.331,8.4,1.73,676272,2024
Bryce Miller,25,734,Maj-AL,SEA,31,31,12.0,8.0,,180.1,131,62,59,45,171,21,3,2.94,654,25,1,1,6,2,10,7,2,704,2749,0.65,0.16,0.11,0.39,0.21,0.07,0.976,0.237,8.5,3.8,682243,2024
Owen Miller,27,883,Maj-NL,MIL,1,0,,,,2.0,5,4,4,1,0,1,0,18.0,10,1,0,0,0,1,0,0,0,12,37,0.57,0.11,0.03,0.27,0.27,0.0,3.0,0.4,0.0,0.0,680911,2024
Ryan Miller,28,729,Maj-AL,LAD,13,0,,1.0,,13.0,13,7,6,8,11,2,0,4.15,50,3,0,2,2,0,1,1,0,58,219,0.65,0.14,0.09,0.41,0.26,0.1,1.615,0.297,7.6,1.38,668943,2024
Shelby Miller,33,740,Maj-AL,DET,51,0,6.0,8.0,2.0,55.2,41,31,28,13,49,9,5,4.53,203,10,0,0,2,4,5,0,0,225,852,0.66,0.17,0.11,0.41,0.2,0.09,0.97,0.215,7.9,3.77,571946,2024
Tyson Miller,28,729,"Maj-AL,Maj-NL","CHC,SEA",58,0,5.0,1.0,1.0,62.0,39,18,16,11,54,7,5,2.32,217,8,0,0,4,1,4,3,1,235,937,0.66,0.14,0.13,0.31,0.23,0.1,0.806,0.204,7.8,4.91,668338,2024
Hoby Milner,33,728,Maj-NL,MIL,61,1,5.0,1.0,1.0,64.2,63,38,34,14,64,6,2,4.73,244,11,2,2,7,4,3,1,1,268,1044,0.65,0.22,0.07,0.54,0.21,0.05,1.191,0.32,8.9,4.57,571948,2024
A.J. Minter,30,777,Maj-NL,ATL,39,0,5.0,4.0,1.0,34.1,24,10,10,11,35,6,1,2.62,121,2,0,1,3,0,1,3,0,134,522,0.68,0.15,0.14,0.45,0.16,0.09,1.019,0.225,9.2,3.18,621345,2024
Casey Mize,27,728,Maj-AL,DET,22,20,2.0,6.0,,102.1,121,57,51,29,78,11,2,4.49,417,20,4,0,13,4,11,4,0,452,1789,0.65,0.16,0.1,0.5,0.24,0.05,1.466,0.331,6.9,2.69,663554,2024
Sam Moll,32,750,Maj-NL,CIN,48,0,3.0,2.0,,37.2,27,16,14,14,38,3,2,3.35,134,4,1,2,3,2,5,1,1,152,624,0.64,0.19,0.11,0.48,0.18,0.05,1.088,0.253,9.1,2.71,594580,2024
Frankie Montas,31,725,Maj-NL,"CIN,MIL",31,31,7.0,11.0,,154.1,146,92,82,67,151,24,6,4.78,592,28,1,0,7,6,18,7,1,673,2693,0.63,0.15,0.11,0.42,0.26,0.07,1.38,0.288,8.8,2.25,593423,2024
Keider Montero,23,718,Maj-AL,DET,21,17,6.0,6.0,,101.1,101,54,52,31,80,19,3,4.62,388,15,2,0,12,0,6,4,0,422,1570,0.66,0.18,0.1,0.4,0.25,0.09,1.303,0.284,7.1,2.58,672456,2024
Rafael Montero,33,791,Maj-AL,HOU,41,0,1.0,2.0,,38.1,35,21,20,19,23,8,3,4.7,141,4,1,0,7,1,8,2,0,164,683,0.59,0.14,0.08,0.43,0.26,0.05,1.409,0.243,5.4,1.21,606160,2024
Jordan Montgomery,31,735,Maj-NL,ARI,25,21,8.0,7.0,1.0,117.0,149,83,81,44,83,14,2,6.23,478,40,3,3,9,4,14,4,3,532,1931,0.63,0.13,0.12,0.43,0.28,0.04,1.65,0.351,6.4,1.89,656756,2024
Mason Montgomery,24,728,Maj-AL,TBR,9,0,,,,9.2,6,2,2,5,17,0,0,1.86,32,3,0,0,3,0,0,1,0,37,158,0.64,0.11,0.25,0.6,0.27,0.0,1.138,0.4,15.8,3.4,682254,2024
Matt Moore,35,763,Maj-AL,LAD,51,0,5.0,3.0,1.0,48.1,39,31,27,26,41,11,2,5.03,179,6,0,2,0,0,9,2,1,210,850,0.62,0.14,0.12,0.31,0.22,0.16,1.345,0.22,7.6,1.58,519043,2024
Adri\xc3\xa1n Morej\xc3\xb3n,25,718,Maj-NL,SDP,62,0,3.0,3.0,2.0,66.0,65,25,21,23,72,4,1,2.86,254,17,2,3,3,3,9,0,0,282,1097,0.67,0.15,0.13,0.51,0.22,0.06,1.333,0.337,9.8,3.13,670970,2024
Eli Morgan,28,709,Maj-AL,CLE,38,0,3.0,,,46.0,32,13,10,13,40,4,1,1.96,167,8,1,1,0,1,8,2,1,184,716,0.68,0.15,0.12,0.32,0.24,0.14,0.978,0.226,7.8,3.08,669212,2024
Charlie Morton,40,728,Maj-NL,ATL,30,30,8.0,10.0,,165.1,154,85,77,65,167,23,18,4.19,613,35,2,1,20,4,12,7,9,701,2791,0.63,0.17,0.11,0.47,0.25,0.04,1.325,0.307,9.1,2.57,450203,2024
Andr\xc3\xa9s Mu\xc3\xb1oz,25,733,Maj-AL,SEA,60,0,3.0,7.0,22.0,59.1,31,16,14,26,77,6,3,2.12,202,3,0,3,4,1,6,1,1,232,950,0.63,0.17,0.17,0.54,0.2,0.03,0.961,0.208,11.7,2.96,662253,2024
Roddery Mu\xc3\xb1oz,24,761,Maj-NL,MIA,18,17,2.0,7.0,,82.2,89,66,60,42,70,26,5,6.53,327,17,2,0,4,5,6,5,2,379,1485,0.61,0.15,0.1,0.35,0.27,0.06,1.585,0.267,7.6,1.67,682610,2024
Joe Musgrove,31,725,Maj-NL,SDP,20,20,6.0,5.0,,103.1,95,45,44,23,105,14,10,3.83,386,22,0,0,11,3,7,4,3,422,1623,0.66,0.18,0.12,0.42,0.23,0.06,1.142,0.3,9.1,4.57,605397,2024
Parker Mushinski,28,845,Maj-AL,HOU,10,0,,,,11.0,11,10,8,5,3,1,1,6.55,43,3,0,0,1,1,2,0,0,50,194,0.62,0.18,0.07,0.39,0.29,0.05,1.455,0.25,2.5,0.6,656786,2024
Tobias Myers,25,724,Maj-NL,MIL,28,26,9.0,6.0,,143.0,128,52,46,36,132,18,6,2.9,537,20,1,0,11,5,5,5,4,587,2218,0.66,0.16,0.1,0.37,0.29,0.09,1.147,0.281,8.3,3.67,668964,2024
Tommy Nance,33,733,Maj-AL,TOR,20,0,,3.0,,22.0,18,12,10,9,19,2,1,4.09,81,4,1,2,4,1,5,0,0,93,322,0.66,0.23,0.11,0.53,0.23,0.05,1.227,0.262,7.8,2.11,667297,2024
Andrew Nardi,25,767,Maj-NL,MIA,59,0,3.0,2.0,,49.2,44,29,28,18,70,7,1,5.07,188,11,2,1,2,2,6,2,1,210,906,0.65,0.13,0.15,0.32,0.2,0.08,1.248,0.327,12.7,3.89,677053,2024
Nick Nastrini,24,748,Maj-AL,CHC,9,8,,7.0,,35.2,32,33,28,36,26,7,1,7.07,137,6,1,0,3,0,15,0,0,174,734,0.54,0.14,0.1,0.32,0.18,0.14,1.907,0.24,6.6,0.72,680897,2024
Jack Neely,24,740,Maj-NL,CHC,6,0,,,,6.0,8,6,6,2,7,2,0,9.0,26,0,0,0,0,0,0,0,0,28,98,0.62,0.09,0.22,0.37,0.26,0.05,1.667,0.353,10.5,3.5,680891,2024
Kyle Nelson,27,888,Maj-NL,ARI,11,0,,,,10.2,8,5,5,4,8,2,0,4.22,37,1,0,1,1,1,0,0,0,42,145,0.69,0.18,0.12,0.37,0.4,0.13,1.125,0.214,6.8,2.0,669459,2024
Nick Nelson,28,751,Maj-NL,PHI,4,0,,,,5.1,8,3,3,2,8,0,1,5.06,23,0,1,0,0,0,0,1,0,26,96,0.65,0.19,0.09,0.33,0.27,0.27,1.875,0.533,13.5,4.0,656793,2024
Ryne Nelson,26,728,Maj-NL,ARI,28,25,10.0,6.0,1.0,150.2,155,73,71,34,126,17,5,4.24,583,36,9,2,18,7,2,0,0,630,2407,0.68,0.16,0.08,0.42,0.28,0.06,1.254,0.309,7.5,3.71,669194,2024
Hector Neris,35,726,"Maj-AL,Maj-NL","CHC,HOU",63,0,10.0,5.0,18.0,60.0,55,31,27,29,66,8,2,4.05,227,11,2,2,3,2,5,1,1,263,1025,0.65,0.14,0.12,0.41,0.23,0.05,1.4,0.303,9.9,2.28,593576,2024
Vinny Nittoli,33,796,Maj-AL,"BAL,Oakland",9,0,,1.0,,12.0,10,2,2,2,8,1,0,1.5,44,2,0,0,2,0,2,0,0,46,178,0.66,0.12,0.13,0.33,0.19,0.08,1.0,0.257,6.0,4.0,657697,2024
Aaron Nola,31,719,Maj-NL,PHI,34,34,14.0,9.0,,204.1,194,88,83,52,205,32,3,3.66,784,39,2,0,10,3,12,6,1,842,3277,0.65,0.17,0.11,0.44,0.25,0.07,1.204,0.295,9.0,3.94,605400,2024
Riley O\'Brien,29,743,Maj-NL,STL,8,0,,,,8.0,13,10,10,8,11,2,1,11.25,36,2,1,0,0,1,0,0,0,46,194,0.56,0.16,0.1,0.38,0.23,0.08,2.625,0.458,12.4,1.38,676617,2024
Bailey Ober,28,728,Maj-AL,MIN,31,31,12.0,9.0,,178.2,136,81,79,43,191,27,6,3.98,655,29,5,0,9,4,3,2,1,709,2696,0.68,0.15,0.14,0.34,0.2,0.1,1.002,0.247,9.6,4.44,641927,2024
Steven Okert,32,765,Maj-AL,MIN,44,1,3.0,2.0,1.0,35.1,37,22,20,16,33,6,3,5.09,139,7,1,3,0,1,6,1,1,160,617,0.65,0.19,0.1,0.32,0.26,0.17,1.5,0.307,8.4,2.06,595345,2024
Adam Oller,29,730,Maj-NL,MIA,8,8,2.0,4.0,,42.1,43,25,25,22,36,7,2,5.31,165,8,0,0,5,0,1,2,0,189,711,0.6,0.17,0.08,0.39,0.19,0.11,1.535,0.295,7.7,1.64,670124,2024
Reese Olson,24,717,Maj-AL,DET,24,23,4.0,8.0,,121.1,108,53,46,35,109,8,5,3.41,456,21,2,0,9,7,12,1,1,503,2000,0.63,0.15,0.13,0.51,0.24,0.05,1.179,0.289,8.1,3.11,681857,2024
Kaleb Ort,32,734,Maj-AL,HOU,22,0,1.0,1.0,,24.2,16,7,7,4,26,7,0,2.55,89,2,0,0,0,0,1,0,1,93,366,0.66,0.16,0.13,0.35,0.17,0.11,0.811,0.161,9.5,6.5,672391,2024
Luis Ortiz,28,911,Maj-NL,PHI,1,0,,,,0.2,3,2,2,0,0,0,0,27.0,4,0,0,0,1,0,0,0,0,4,10,0.9,0.1,0.2,0.75,0.25,0.0,4.5,0.75,0.0,,656814,2024
Chris Paddack,28,805,Maj-AL,MIN,17,17,5.0,3.0,,88.1,102,50,49,21,79,14,1,4.99,360,16,0,0,5,2,3,1,0,384,1460,0.66,0.16,0.11,0.39,0.29,0.07,1.392,0.327,8.0,3.76,663978,2024
Emilio Pag\xc3\xa1n,33,732,Maj-NL,CIN,38,1,4.0,5.0,1.0,38.0,40,20,19,11,44,6,0,4.5,144,6,0,0,4,3,4,2,0,158,591,0.69,0.15,0.14,0.32,0.25,0.11,1.342,0.351,10.4,4.0,641941,2024
Daniel Palencia,24,740,Maj-NL,CHC,10,0,,1.0,1.0,14.2,14,11,10,12,16,0,1,6.14,56,5,0,0,1,0,0,0,0,69,263,0.6,0.14,0.13,0.53,0.28,0.05,1.773,0.35,9.8,1.33,694037,2024
Andre Pallante,25,729,Maj-NL,STL,29,20,8.0,8.0,,121.1,110,55,51,48,94,8,2,3.78,458,21,0,0,12,0,26,6,3,509,1978,0.62,0.16,0.08,0.62,0.19,0.03,1.302,0.287,7.0,1.96,669467,2024
Enoli Paredes,28,733,Maj-NL,"CHC,MIL",18,0,1.0,,1.0,21.2,13,4,4,10,16,0,2,1.66,75,4,0,0,1,0,3,0,0,87,319,0.61,0.17,0.12,0.46,0.24,0.08,1.062,0.22,6.6,1.6,660600,2024
Wes Parsons,31,893,Maj-AL,"CLE,TOR",4,0,,,,9.0,10,6,6,2,7,2,0,6.0,36,1,0,0,1,0,2,0,0,38,148,0.68,0.16,0.13,0.52,0.24,0.0,1.333,0.296,7.0,3.5,641149,2024
James Paxton,35,777,"Maj-AL,Maj-NL","BOS,LAD",21,21,9.0,3.0,,100.1,95,53,49,50,73,12,1,4.4,379,18,2,0,9,5,6,3,1,437,1708,0.62,0.15,0.09,0.39,0.23,0.09,1.445,0.278,6.5,1.46,572020,2024
Joel Payamps,30,725,Maj-NL,MIL,70,0,3.0,8.0,6.0,60.2,42,26,23,21,60,7,2,3.41,220,11,1,5,1,1,3,2,0,246,930,0.65,0.17,0.11,0.4,0.23,0.09,1.038,0.227,8.9,2.86,606303,2024
Nate Pearson,27,728,"Maj-AL,Maj-NL","CHC,TOR",60,1,2.0,2.0,2.0,66.1,67,34,33,21,74,12,3,4.48,255,14,0,0,4,6,7,2,0,285,1067,0.65,0.18,0.12,0.37,0.26,0.09,1.327,0.314,10.0,3.52,663878,2024
Elvis Peguero,27,746,Maj-NL,MIL,52,0,7.0,4.0,2.0,51.1,52,22,17,27,47,4,2,2.98,197,5,1,3,10,1,4,0,0,227,829,0.65,0.17,0.13,0.56,0.24,0.03,1.539,0.327,8.2,1.74,665625,2024
Walter Pennington,26,736,Maj-AL,"KCR,TEX",16,1,1.0,,,18.0,19,7,6,11,17,1,2,3.0,71,3,1,0,1,0,4,0,0,84,330,0.62,0.16,0.1,0.48,0.3,0.0,1.667,0.34,8.5,1.55,679156,2024
Zach Penrod,27,730,Maj-AL,BOS,7,0,,,,4.0,3,2,1,4,3,0,1,2.25,15,1,0,0,0,0,0,0,0,20,86,0.56,0.1,0.12,0.33,0.33,0.17,1.75,0.25,6.8,0.75,683068,2024
Ryan Pepiot,26,728,Maj-AL,TBR,26,26,8.0,8.0,,130.0,102,58,52,48,142,17,7,3.6,481,18,2,0,6,2,9,4,0,539,2150,0.64,0.16,0.13,0.35,0.24,0.12,1.154,0.262,9.8,2.96,686752,2024
Freddy Peralta,28,724,Maj-NL,MIL,34,33,11.0,9.0,,178.2,145,77,74,69,205,26,10,3.73,655,24,2,0,8,5,17,5,3,743,3147,0.61,0.14,0.13,0.38,0.24,0.1,1.198,0.277,10.3,2.97,642547,2024
Sammy Peralta,26,760,Maj-AL,CHC,9,0,,,,15.0,21,9,8,7,11,2,0,4.8,65,4,1,0,1,0,1,1,0,72,282,0.64,0.21,0.08,0.44,0.3,0.06,1.867,0.365,6.6,1.57,671111,2024
Wandy Peralta,32,718,Maj-NL,SDP,47,0,3.0,2.0,,39.2,35,20,18,13,25,7,5,4.08,149,3,0,0,6,1,1,0,0,168,635,0.61,0.13,0.09,0.54,0.22,0.06,1.21,0.237,5.7,1.92,593974,2024
Jhonny Pereda,28,738,Maj-NL,MIA,1,0,,,,0.1,0,0,0,0,0,0,0,0.0,1,0,0,0,0,0,0,0,0,1,5,0.4,0.2,0.0,0.0,1.0,0.0,0.0,0.0,0.0,,640902,2024
Cionel P\xc3\xa9rez,28,725,Maj-AL,BAL,63,0,2.0,1.0,2.0,54.0,49,30,28,28,47,0,5,4.67,206,12,2,0,3,1,2,0,0,241,875,0.62,0.16,0.1,0.55,0.2,0.05,1.426,0.306,7.8,1.68,672335,2024
Mart\xc3\xadn P\xc3\xa9rez,33,728,Maj-NL,"Pittsburgh,SDP",26,26,5.0,6.0,,135.0,151,71,68,49,107,22,5,4.53,533,28,0,0,18,1,4,4,0,590,2204,0.65,0.19,0.09,0.44,0.27,0.06,1.481,0.319,7.1,2.18,527048,2024
Michael Petersen,30,731,Maj-NL,"LAD,MIA",16,0,3.0,1.0,,19.2,21,14,13,11,14,3,1,5.95,76,6,0,1,0,2,2,0,0,90,363,0.64,0.13,0.08,0.27,0.23,0.06,1.627,0.295,6.4,1.27,656848,2024
Brandon Pfaadt,25,728,Maj-NL,ARI,32,32,11.0,10.0,,181.2,183,103,95,42,185,24,4,4.71,707,31,6,1,16,5,7,3,1,760,2794,0.67,0.18,0.11,0.42,0.23,0.06,1.239,0.316,9.2,4.4,694297,2024
Evan Phillips,29,707,Maj-NL,LAD,66,0,7.0,1.0,18.0,61.1,51,30,22,20,69,6,1,3.23,230,11,0,1,3,2,3,0,0,254,1018,0.65,0.18,0.11,0.38,0.21,0.06,1.158,0.287,10.1,3.45,623465,2024
Tyler Phillips,26,754,Maj-NL,PHI,8,7,4.0,1.0,,36.2,45,28,28,7,28,9,2,6.87,150,7,0,0,4,1,4,0,0,160,578,0.66,0.14,0.11,0.42,0.27,0.07,1.418,0.316,6.9,4.0,663969,2024
Ricardo Pinto,30,887,Maj-NL,PHI,6,0,,,1.0,10.2,19,14,13,5,8,2,2,10.97,51,6,0,0,0,1,0,0,0,59,220,0.6,0.13,0.11,0.59,0.25,0.0,2.25,0.405,6.8,1.6,620982,2024
Nick Pivetta,31,730,Maj-AL,BOS,26,26,6.0,11.0,,139.2,124,67,65,36,162,27,1,4.19,531,23,4,1,8,4,9,3,1,572,2294,0.66,0.16,0.11,0.34,0.25,0.09,1.146,0.28,10.4,4.5,601713,2024
Zach Plesac,29,821,Maj-AL,LAD,3,3,1.0,1.0,,12.0,12,11,11,7,5,4,0,8.25,47,3,0,0,0,0,1,0,1,54,208,0.6,0.14,0.07,0.21,0.17,0.14,1.583,0.211,3.8,0.71,668676,2024
Colin Poche,30,730,Maj-AL,TBR,43,0,1.0,2.0,2.0,37.1,30,16,16,13,33,7,0,3.86,138,3,0,2,3,2,3,0,0,153,543,0.62,0.14,0.09,0.35,0.2,0.1,1.152,0.23,8.0,2.54,621363,2024
Zach Pop,27,734,Maj-AL,TOR,57,0,1.0,4.0,1.0,48.0,45,36,30,19,33,9,2,5.63,184,6,0,4,7,2,3,0,0,208,741,0.64,0.14,0.09,0.55,0.19,0.06,1.333,0.25,6.2,1.74,647315,2024
Cade Povich,24,730,Maj-AL,BAL,16,16,3.0,9.0,,79.2,80,49,46,34,69,12,3,5.2,313,22,2,1,4,2,6,1,1,352,1389,0.65,0.17,0.1,0.35,0.23,0.09,1.431,0.291,7.8,2.03,700249,2024
Nick Pratto,25,838,Maj-AL,KCR,1,0,,,,1.0,1,0,0,0,1,0,0,0.0,4,0,0,0,0,0,0,0,0,4,15,0.67,0.2,0.13,0.33,0.33,0.33,1.0,0.333,9.0,,668472,2024
Ryan Pressly,35,725,Maj-AL,HOU,60,0,2.0,4.0,4.0,57.1,60,28,25,19,60,4,2,3.92,224,17,0,0,5,2,3,1,0,249,986,0.65,0.15,0.13,0.51,0.27,0.02,1.378,0.346,9.4,3.16,519151,2024
Quinn Priester,23,728,"Maj-AL,Maj-NL","BOS,Pittsburgh",11,7,3.0,6.0,,49.2,56,30,26,14,33,7,3,4.71,202,6,1,0,3,2,4,0,0,221,811,0.66,0.16,0.1,0.57,0.22,0.04,1.409,0.299,6.0,2.36,682990,2024
Austin Pruitt,34,890,Maj-AL,TEX,4,0,,,,4.1,8,6,6,3,1,3,0,12.46,20,1,0,1,0,1,0,0,0,24,78,0.58,0.13,0.03,0.25,0.4,0.0,2.538,0.294,2.1,0.33,643493,2024
A.J. Puk,29,729,Maj-NL,"ARI,MIA",62,4,4.0,9.0,3.0,71.1,51,31,25,28,88,5,2,3.15,262,17,1,2,2,1,5,1,0,294,1173,0.67,0.17,0.14,0.38,0.23,0.09,1.107,0.271,11.1,3.14,640462,2024
Jos\xc3\xa9 Quijada,28,729,Maj-AL,LAD,22,0,2.0,2.0,,19.1,12,9,7,17,24,1,2,3.26,63,1,0,0,5,1,0,0,0,84,379,0.57,0.1,0.14,0.22,0.29,0.05,1.5,0.282,11.2,1.41,650671,2024
Cole Ragans,26,720,Maj-AL,KCR,34,34,12.0,9.0,,196.1,153,72,66,71,236,15,6,3.03,722,34,3,1,11,1,9,3,2,803,3285,0.64,0.15,0.15,0.41,0.23,0.08,1.141,0.292,10.8,3.32,666142,2024
Emmanuel Ramirez,29,764,Maj-NL,MIA,15,0,,1.0,,20.2,21,17,16,8,21,3,3,6.97,80,6,2,0,1,1,1,1,0,92,371,0.61,0.15,0.12,0.38,0.28,0.07,1.403,0.316,9.1,2.63,642629,2024
Erasmo Ram\xc3\xadrez,34,758,Maj-AL,TBR,13,0,3.0,,1.0,20.2,12,12,10,10,15,5,1,4.35,73,1,0,1,2,1,1,0,0,85,302,0.64,0.18,0.1,0.39,0.12,0.08,1.065,0.13,6.5,1.5,541640,2024
Nick Ramirez,34,748,Maj-NL,LAD,8,0,,,,13.1,18,11,9,7,5,0,0,6.08,54,5,0,1,1,2,2,1,0,63,194,0.64,0.16,0.09,0.51,0.24,0.04,1.875,0.353,3.4,0.71,598286,2024
Yohan Ram\xc3\xadrez,29,789,"Maj-AL,Maj-NL","BAL,BOS,LAD,New York",38,0,,5.0,1.0,45.0,49,35,31,17,45,4,12,6.2,175,9,2,2,5,2,3,0,2,208,761,0.61,0.19,0.09,0.46,0.22,0.08,1.467,0.352,9.0,2.65,670990,2024
Drew Rasmussen,28,729,Maj-AL,TBR,16,4,,2.0,1.0,28.2,25,10,9,6,35,0,0,2.83,109,5,0,0,1,1,4,1,0,116,459,0.68,0.2,0.14,0.53,0.19,0.04,1.081,0.333,11.0,5.83,656876,2024
Colin Rea,33,728,Maj-NL,MIL,32,27,12.0,6.0,1.0,167.2,169,83,80,43,135,29,10,4.29,656,33,2,1,13,4,16,2,6,714,2650,0.65,0.18,0.08,0.4,0.24,0.06,1.264,0.282,7.2,3.14,607067,2024
Pablo Reyes,30,883,Maj-AL,BOS,1,0,,,,1.0,1,0,0,1,0,0,0,0.0,4,0,0,0,0,0,0,0,0,5,18,0.5,0.11,0.06,0.25,0.5,0.0,2.0,0.25,0.0,0.0,622569,2024
Sean Reynolds,26,758,Maj-NL,SDP,9,0,,,,11.0,10,1,1,5,21,0,1,0.82,42,3,0,0,0,1,2,0,0,49,225,0.61,0.18,0.16,0.41,0.27,0.14,1.364,0.455,17.2,4.2,669308,2024
Trevor Richards,31,762,Maj-AL,"MIN,TOR",55,2,2.0,2.0,1.0,65.1,44,36,33,35,62,7,2,4.55,234,7,0,0,0,4,5,2,1,277,1187,0.61,0.17,0.09,0.36,0.21,0.09,1.209,0.219,8.5,1.77,670950,2024
Lyon Richardson,24,789,Maj-NL,CIN,1,0,,,,0.2,2,2,2,1,1,1,0,27.0,4,0,0,0,0,0,0,0,0,5,26,0.65,0.19,0.08,0.0,0.0,0.0,4.5,0.5,13.5,1.0,680689,2024
Leo Rivas,26,740,Maj-AL,SEA,2,0,,,,2.0,2,1,0,0,0,0,0,0.0,9,1,0,0,0,0,0,0,0,9,20,0.65,0.15,0.0,0.22,0.22,0.11,1.0,0.222,0.0,,660844,2024
Emmanuel Rivera,28,809,Maj-NL,MIA,4,0,,,,4.0,7,4,4,0,0,1,1,9.0,19,0,0,0,0,0,0,0,0,20,56,0.66,0.16,0.04,0.32,0.32,0.16,1.75,0.333,0.0,,656896,2024
Daniel Robert,29,730,Maj-AL,TEX,4,0,1.0,,,5.2,6,2,2,2,6,1,2,3.18,22,0,0,0,1,0,0,0,0,26,104,0.6,0.13,0.11,0.13,0.19,0.06,1.412,0.333,9.5,3.0,642016,2024
Ethan Roberts,26,728,Maj-NL,CHC,21,0,1.0,1.0,,26.2,31,11,11,10,26,3,1,3.71,107,3,1,0,2,0,1,1,1,118,473,0.63,0.18,0.11,0.28,0.28,0.07,1.538,0.359,8.8,2.6,681799,2024
David Robertson,39,728,Maj-AL,TEX,68,0,3.0,4.0,2.0,72.0,53,25,24,27,99,5,5,3.0,262,6,0,4,4,1,2,1,0,296,1210,0.64,0.2,0.12,0.47,0.23,0.04,1.111,0.302,12.4,3.67,502085,2024
Nick Robertson,25,729,"Maj-AL,Maj-NL","STL,TOR",9,0,,,,13.1,15,6,6,2,14,3,0,4.05,52,2,0,0,1,1,1,0,0,55,217,0.68,0.17,0.11,0.33,0.26,0.05,1.275,0.333,9.5,7.0,687798,2024
Kumar Rocker,24,731,Maj-AL,TEX,3,3,,2.0,,11.2,12,6,5,6,14,1,1,3.86,45,0,0,0,0,2,1,0,0,55,218,0.63,0.15,0.13,0.53,0.24,0.0,1.543,0.344,10.8,2.33,677958,2024
Carlos Rodriguez,22,827,Maj-NL,MIL,3,3,,3.0,,12.1,19,11,10,3,9,3,0,7.3,52,1,1,0,0,1,0,0,1,57,233,0.62,0.13,0.09,0.31,0.27,0.11,1.784,0.39,6.6,3.0,692230,2024
Eduardo Rodr\xc3\xadguez,31,729,Maj-NL,ARI,10,10,3.0,4.0,,50.0,56,29,28,19,47,8,1,5.04,202,14,1,1,2,1,2,2,1,224,866,0.64,0.17,0.09,0.38,0.27,0.06,1.5,0.324,8.5,2.47,593958,2024
Grayson Rodriguez,24,788,Maj-AL,BAL,20,20,13.0,4.0,,116.2,109,52,50,36,130,15,5,3.86,449,24,2,0,10,1,5,2,0,491,1879,0.66,0.16,0.14,0.41,0.26,0.06,1.243,0.308,10.0,3.61,680570,2024
Joely Rodr\xc3\xadguez,32,763,Maj-AL,BOS,14,0,,1.0,,13.2,19,13,9,2,12,3,1,5.93,60,2,1,0,1,1,2,0,0,64,249,0.69,0.2,0.09,0.61,0.16,0.06,1.537,0.348,7.9,6.0,570257,2024
Manuel Rodr\xc3\xadguez,27,730,Maj-AL,TBR,40,0,3.0,4.0,2.0,37.2,29,13,9,11,34,3,5,2.15,137,4,0,1,4,1,0,0,0,158,605,0.64,0.16,0.12,0.49,0.25,0.07,1.062,0.257,8.1,3.09,655889,2024
Yariel Rodr\xc3\xadguez,27,729,Maj-AL,TOR,21,21,1.0,8.0,,86.2,74,46,43,40,85,11,3,4.47,323,16,1,0,6,1,8,2,0,368,1502,0.62,0.17,0.11,0.38,0.2,0.1,1.315,0.276,8.8,2.13,684320,2024
Yerry Rodr\xc3\xadguez,26,781,Maj-AL,"TEX,TOR",16,0,1.0,,,21.2,26,22,21,13,17,7,2,8.72,88,6,0,1,1,2,1,0,0,105,438,0.63,0.14,0.09,0.36,0.25,0.04,1.8,0.288,7.1,1.31,666720,2024
Trevor Rogers,26,769,"Maj-AL,Maj-NL","BAL,MIA",25,25,2.0,11.0,,124.1,140,74,68,56,97,14,4,4.92,491,37,3,2,8,10,14,6,5,562,2243,0.62,0.16,0.09,0.47,0.23,0.06,1.576,0.323,7.0,1.73,669432,2024
Josh Rojas,30,903,Maj-AL,SEA,2,0,,,,2.0,1,2,2,2,0,1,0,9.0,6,0,0,0,1,0,0,0,0,8,27,0.56,0.22,0.0,0.17,0.17,0.5,1.5,0.0,0.0,0.0,668942,2024
Miguel Rojas,35,743,Maj-NL,LAD,1,0,,,,1.0,1,0,0,0,0,0,0,0.0,4,0,0,0,0,0,0,0,0,4,14,0.57,0.14,0.0,0.5,0.25,0.0,1.0,0.25,0.0,,500743,2024
Jordan Romano,31,851,Maj-AL,TOR,15,0,1.0,2.0,8.0,13.2,16,10,10,4,13,4,1,6.59,56,3,0,1,0,0,1,0,0,62,215,0.65,0.17,0.11,0.3,0.36,0.07,1.463,0.308,8.6,3.25,605447,2024
JoJo Romero,27,736,Maj-NL,STL,65,0,7.0,3.0,1.0,59.0,52,23,22,16,51,8,5,3.36,220,11,0,0,5,1,1,2,0,243,920,0.63,0.19,0.11,0.49,0.24,0.03,1.153,0.272,7.8,3.19,668941,2024
Ben Rortvedt,26,897,Maj-AL,TBR,1,0,,,,2.0,3,1,1,2,1,1,0,4.5,9,1,0,0,0,0,0,0,0,11,36,0.47,0.11,0.03,0.63,0.25,0.0,2.5,0.286,4.5,0.5,666163,2024
Kenny Rosenberg,28,731,Maj-AL,LAD,7,1,,1.0,,24.0,28,17,16,8,17,5,0,6.0,96,6,0,1,3,0,2,1,1,104,403,0.63,0.16,0.1,0.37,0.25,0.1,1.5,0.311,6.4,2.13,670046,2024
Joe Ross,31,724,Maj-NL,MIL,27,10,4.0,6.0,,75.2,72,35,31,30,66,7,1,3.69,291,10,0,1,4,3,2,1,0,326,1210,0.66,0.16,0.12,0.41,0.2,0.07,1.348,0.294,7.9,2.2,605452,2024
Chris Roycroft,27,729,Maj-NL,STL,27,0,1.0,2.0,,34.1,31,19,16,17,33,2,4,4.19,130,5,2,0,3,3,4,0,0,155,596,0.64,0.19,0.09,0.55,0.21,0.06,1.398,0.296,8.7,1.94,688297,2024
Jos\xc3\xa9 Ruiz,29,719,Maj-NL,PHI,54,0,5.0,1.0,1.0,52.1,55,24,22,17,52,9,1,3.78,203,8,0,1,6,3,1,0,0,224,853,0.66,0.15,0.12,0.44,0.27,0.05,1.376,0.317,8.9,3.06,614179,2024
Joe Ryan,28,781,Maj-AL,MIN,23,23,7.0,7.0,,135.0,110,59,54,23,147,19,5,3.6,507,24,6,0,6,3,11,2,2,538,2102,0.68,0.17,0.12,0.36,0.23,0.12,0.985,0.265,9.8,6.39,657746,2024
River Ryan,25,778,Maj-NL,LAD,4,4,1.0,,,20.1,15,4,3,9,18,1,0,1.33,72,2,0,0,2,0,4,0,1,81,291,0.63,0.15,0.11,0.5,0.19,0.06,1.18,0.264,8.0,2.0,689981,2024
Andrew Saalfrank,26,881,Maj-NL,ARI,2,0,,,,1.0,2,4,4,4,0,0,0,36.0,4,2,0,1,0,0,0,0,0,8,26,0.42,0.04,0.08,0.25,0.75,0.0,6.0,0.5,0.0,0.0,685314,2024
Erik Sabrowski,26,709,Maj-AL,CLE,13,0,,,1.0,18.0,10,2,1,7,27,1,0,0.5,63,3,0,0,1,0,2,1,1,70,307,0.64,0.15,0.13,0.22,0.33,0.06,0.944,0.257,13.5,3.86,681870,2024
Eduardo Salazar,26,730,Maj-NL,"LAD,Washington",26,0,,1.0,,29.1,34,11,9,14,27,2,1,2.76,118,6,0,0,3,0,4,2,1,133,494,0.61,0.15,0.1,0.55,0.27,0.08,1.636,0.36,8.3,1.93,674285,2024
Chris Sale,35,738,Maj-NL,ATL,29,29,18.0,3.0,,177.2,141,48,47,39,225,9,8,2.38,652,32,4,0,9,1,12,4,2,702,2817,0.67,0.18,0.14,0.46,0.26,0.04,1.013,0.315,11.4,5.77,519242,2024
Bryan Sammons,29,763,Maj-AL,DET,6,0,1.0,1.0,,27.1,16,11,11,9,18,6,1,3.62,94,2,0,0,2,0,0,1,0,104,374,0.68,0.17,0.11,0.21,0.21,0.12,0.915,0.143,5.9,2.0,676614,2024
Cristopher S\xc3\xa1nchez,27,721,Maj-NL,PHI,32,32,11.0,9.0,,186.2,187,78,69,45,158,12,0,3.33,726,35,2,0,18,1,14,6,1,775,2885,0.68,0.16,0.12,0.58,0.24,0.02,1.243,0.314,7.6,3.51,650911,2024
Sixto S\xc3\xa1nchez,25,849,Maj-NL,MIA,14,7,,3.0,,35.2,43,29,24,14,17,3,3,6.06,142,9,0,0,6,1,4,1,0,162,621,0.64,0.18,0.06,0.5,0.2,0.03,1.598,0.325,4.3,1.21,664350,2024
Nick Sandlin,27,730,Maj-AL,CLE,68,1,8.0,,1.0,57.2,46,29,24,27,68,12,6,3.75,207,8,0,2,6,3,6,2,1,246,1004,0.61,0.14,0.15,0.4,0.19,0.1,1.266,0.262,10.6,2.52,680704,2024
Patrick Sandoval,27,828,Maj-AL,LAD,16,16,2.0,8.0,,79.2,85,49,45,35,81,8,3,5.08,312,16,0,2,11,2,4,2,2,353,1445,0.63,0.17,0.12,0.46,0.26,0.04,1.506,0.342,9.2,2.31,663776,2024
Cole Sands,26,728,Maj-AL,MIN,62,0,9.0,1.0,4.0,71.1,59,30,26,12,85,6,6,3.28,267,10,0,0,2,6,6,2,0,292,1153,0.67,0.16,0.12,0.37,0.19,0.09,0.995,0.291,10.7,7.08,663485,2024
Miguel San\xc3\xb3,31,903,Maj-AL,LAD,1,0,,,,0.1,0,0,0,0,0,0,0,0.0,1,0,0,0,0,0,0,0,0,1,3,1.0,0.0,0.33,1.0,0.0,0.0,0.0,0.0,0.0,,593934,2024
Tony Santillan,27,728,Maj-NL,CIN,29,1,3.0,3.0,,30.0,21,11,10,9,46,4,0,3.0,113,3,0,0,1,0,0,0,1,122,505,0.67,0.16,0.14,0.34,0.27,0.06,1.0,0.27,13.8,5.11,663574,2024
Gregory Santos,24,728,Maj-AL,SEA,8,0,,1.0,,7.1,7,4,4,1,6,0,1,4.91,29,2,0,0,1,0,0,0,0,31,112,0.68,0.15,0.1,0.57,0.22,0.09,1.091,0.304,7.4,6.0,666619,2024
Tayler Saucedo,31,729,Maj-AL,SEA,53,0,2.0,,3.0,38.2,35,15,15,18,38,3,2,3.49,146,4,2,3,4,0,6,0,1,166,628,0.63,0.17,0.12,0.51,0.21,0.06,1.371,0.305,8.8,2.11,642048,2024
Matt Sauer,25,861,Maj-AL,KCR,14,0,,,,16.1,23,14,14,11,9,3,1,7.71,71,4,1,0,0,1,0,0,0,84,327,0.61,0.13,0.07,0.32,0.17,0.1,2.082,0.333,5.0,0.82,669422,2024
Josh Sborz,30,733,Maj-AL,TEX,17,0,2.0,2.0,,16.1,16,8,7,4,17,1,0,3.86,65,4,0,0,0,0,7,0,0,69,283,0.67,0.18,0.11,0.46,0.27,0.04,1.224,0.319,9.4,4.25,622250,2024
Max Scherzer,39,743,Maj-AL,TEX,9,9,2.0,4.0,,43.1,40,20,19,10,40,7,1,3.95,165,11,0,0,0,1,3,2,0,177,669,0.69,0.14,0.15,0.34,0.24,0.13,1.154,0.277,8.3,4.0,453286,2024
John Schreiber,30,717,Maj-AL,KCR,64,0,4.0,3.0,2.0,55.1,48,23,21,24,50,1,4,3.42,209,10,1,2,7,2,3,0,0,239,969,0.62,0.17,0.09,0.51,0.21,0.09,1.301,0.294,8.1,2.08,670167,2024
Spencer Schwellenbach,24,727,Maj-NL,ATL,21,21,8.0,7.0,,123.2,106,49,46,23,127,14,6,3.35,468,27,4,1,7,1,4,1,0,500,1887,0.69,0.16,0.13,0.43,0.25,0.07,1.043,0.28,9.2,5.52,680885,2024
Tanner Scott,29,716,Maj-NL,"MIA,SDP",77,0,9.0,6.0,22.0,76.1,47,20,14,38,91,3,1,1.65,266,7,0,5,5,0,6,3,0,311,1225,0.67,0.15,0.16,0.51,0.21,0.09,1.114,0.256,10.7,2.39,656945,2024
Tayler Scott,32,741,Maj-AL,HOU,62,1,7.0,3.0,,68.2,45,21,17,35,71,7,4,2.23,239,6,1,1,1,3,16,4,0,282,1203,0.61,0.16,0.12,0.42,0.24,0.08,1.165,0.232,9.3,2.03,605463,2024
Colin Selby,26,728,Maj-AL,"BAL,KCR",5,0,,,,7.0,3,3,2,4,5,0,1,2.57,23,0,0,0,1,0,1,0,0,28,112,0.56,0.17,0.07,0.61,0.17,0.17,1.0,0.167,6.4,1.25,681882,2024
Paul Sewald,34,749,Maj-NL,ARI,42,0,1.0,2.0,16.0,39.2,35,19,19,10,43,6,3,4.31,151,13,0,1,1,1,4,1,1,165,629,0.7,0.17,0.11,0.27,0.25,0.14,1.134,0.282,9.8,4.3,623149,2024
Bryan Shaw,36,900,Maj-AL,CHC,5,0,,1.0,,4.0,8,5,4,4,4,1,0,9.0,20,3,0,1,1,0,0,0,0,24,95,0.56,0.11,0.04,0.25,0.38,0.06,3.0,0.467,9.0,1.0,543766,2024
Chase Shugart,27,729,Maj-AL,BOS,6,0,,,1.0,8.2,8,4,4,3,8,1,0,4.15,33,1,0,0,1,0,0,0,0,36,142,0.69,0.13,0.08,0.28,0.28,0.16,1.269,0.292,8.3,2.67,663767,2024
Jared Shuster,25,730,Maj-AL,CHC,39,4,2.0,5.0,,73.1,74,38,35,33,56,9,0,4.3,283,13,1,0,6,5,7,2,1,321,1290,0.61,0.13,0.1,0.35,0.28,0.1,1.459,0.291,6.9,1.7,694363,2024
Chase Silseth,24,903,Maj-AL,LAD,2,2,,1.0,,8.0,8,7,6,4,12,3,0,6.75,33,1,0,0,0,0,1,0,0,38,167,0.63,0.21,0.13,0.24,0.38,0.0,1.5,0.278,13.5,3.0,681217,2024
Lucas Sims,30,729,"Maj-AL,Maj-NL","BOS,CIN",58,0,1.0,6.0,1.0,49.1,41,24,24,30,49,8,2,4.38,179,7,1,0,4,3,3,1,0,215,885,0.62,0.15,0.11,0.28,0.23,0.15,1.439,0.264,8.9,1.63,608371,2024
Brady Singer,27,718,Maj-AL,KCR,33,32,9.0,13.0,,180.0,175,77,74,54,171,22,10,3.7,694,34,3,0,14,1,3,6,1,763,2975,0.63,0.18,0.1,0.48,0.27,0.04,1.272,0.305,8.6,3.17,663903,2024
Tarik Skubal,27,715,Maj-AL,DET,34,34,19.0,5.0,,211.0,155,59,56,37,248,16,11,2.39,774,26,4,1,14,3,3,3,0,826,3130,0.7,0.18,0.15,0.46,0.22,0.07,0.91,0.271,10.6,6.7,669373,2024
Justin Slaten,26,728,Maj-AL,BOS,44,0,6.0,2.0,2.0,55.1,47,21,18,9,58,4,2,2.93,211,6,1,0,3,2,2,0,1,224,812,0.67,0.14,0.14,0.5,0.23,0.08,1.012,0.285,9.4,6.44,686580,2024
Burch Smith,34,740,"Maj-AL,Maj-NL","BAL,MIA",50,0,4.0,1.0,,56.1,64,34,31,12,46,6,2,4.95,222,13,0,0,6,2,6,0,0,241,896,0.67,0.15,0.09,0.45,0.23,0.05,1.349,0.337,7.3,3.83,572143,2024
Cade Smith,25,708,Maj-AL,CLE,83,0,7.0,1.0,1.0,85.1,56,20,20,19,119,2,3,2.11,301,20,1,0,7,2,4,1,0,326,1318,0.69,0.18,0.14,0.43,0.24,0.09,0.879,0.297,12.6,6.26,671922,2024
Dominic Smith,29,777,Maj-AL,BOS,3,0,,,,3.0,2,0,0,1,0,0,0,0.0,10,1,0,0,1,0,0,0,0,11,31,0.65,0.13,0.0,0.2,0.3,0.0,1.0,0.2,0.0,0.0,642086,2024
Pavin Smith,28,841,Maj-NL,ARI,1,0,,,,1.0,0,0,0,1,0,0,1,0.0,3,0,0,0,1,0,0,0,0,5,17,0.47,0.24,0.0,0.33,0.0,0.0,1.0,0.0,0.0,0.0,656976,2024
Will Smith,34,763,Maj-AL,KCR,45,0,,4.0,1.0,41.1,45,31,30,15,29,7,3,6.53,165,11,0,2,0,1,4,1,1,186,673,0.64,0.17,0.11,0.31,0.29,0.07,1.452,0.292,6.3,1.93,519293,2024
AJ Smith-Shawver,21,726,Maj-NL,ATL,2,2,,1.0,,5.2,7,3,3,2,5,1,1,4.76,23,0,0,0,0,1,1,0,0,27,116,0.64,0.16,0.09,0.32,0.26,0.11,1.588,0.333,7.9,2.5,700363,2024
Drew Smyly,35,728,Maj-NL,CHC,50,0,4.0,8.0,,58.2,57,29,25,25,56,10,3,3.84,226,7,0,3,3,1,7,1,2,257,1017,0.64,0.15,0.11,0.36,0.24,0.1,1.398,0.292,8.6,2.24,592767,2024
Kirby Snead,29,839,Maj-AL,SEA,11,0,,,,10.1,12,5,5,7,7,0,0,4.35,41,4,1,0,0,0,2,2,1,48,196,0.58,0.17,0.09,0.53,0.24,0.0,1.839,0.353,6.1,1.0,669912,2024
Collin Snider,28,729,Maj-AL,SEA,42,0,3.0,4.0,,41.2,36,14,9,13,47,5,0,1.94,156,8,0,2,4,0,3,1,1,169,676,0.68,0.16,0.14,0.32,0.27,0.12,1.176,0.298,10.2,3.62,676092,2024
George Soriano,25,738,Maj-NL,MIA,22,0,1.0,1.0,1.0,29.1,27,23,22,13,29,7,4,6.75,112,9,0,0,1,2,2,0,1,131,520,0.63,0.18,0.11,0.26,0.39,0.08,1.364,0.256,8.9,2.23,666277,2024
Jos\xc3\xa9 Soriano,25,772,Maj-AL,LAD,22,20,6.0,7.0,,113.0,91,50,43,45,97,8,9,3.42,407,17,1,1,16,5,2,2,0,468,1737,0.63,0.17,0.1,0.6,0.22,0.02,1.204,0.27,7.7,2.16,667755,2024
Michael Soroka,26,729,Maj-AL,CHC,25,9,,10.0,,79.2,66,49,42,44,84,13,3,4.74,294,9,4,1,2,4,13,4,2,347,1442,0.6,0.17,0.1,0.42,0.21,0.1,1.381,0.264,9.5,1.91,647336,2024
Gregory Soto,29,725,"Maj-AL,Maj-NL","BAL,PHI",67,0,3.0,5.0,2.0,53.2,56,30,26,28,66,4,8,4.36,208,10,2,3,3,2,2,1,0,247,972,0.63,0.16,0.13,0.52,0.24,0.05,1.565,0.371,11.1,2.36,642397,2024
Alex Speas,26,849,Maj-AL,HOU,1,0,,,,2.0,2,1,1,1,2,1,0,4.5,7,0,0,0,1,0,0,0,0,8,39,0.59,0.15,0.15,0.4,0.0,0.2,1.5,0.25,9.0,2.0,666208,2024
Gabe Speier,29,728,Maj-AL,SEA,29,0,,2.0,,23.2,19,15,15,14,33,2,2,5.7,84,4,0,1,2,3,5,0,1,104,422,0.62,0.15,0.14,0.42,0.18,0.09,1.394,0.327,12.5,2.36,642100,2024
Carson Spiers,26,733,Maj-NL,CIN,22,10,5.0,7.0,,90.2,112,59,55,27,80,20,5,5.46,377,24,3,0,8,1,2,2,0,410,1554,0.65,0.17,0.09,0.36,0.23,0.08,1.533,0.331,7.9,2.96,686730,2024
Jeffrey Springs,31,754,Maj-AL,TBR,7,7,2.0,2.0,,33.0,34,12,12,11,37,5,1,3.27,129,5,0,0,2,1,4,1,0,142,565,0.64,0.15,0.13,0.39,0.25,0.08,1.364,0.33,10.1,3.36,605488,2024
Ryne Stanek,32,707,"Maj-AL,Maj-NL","New York,SEA",70,0,8.0,3.0,7.0,63.1,53,35,33,28,75,9,3,4.69,241,7,2,2,5,1,2,0,0,274,1115,0.64,0.13,0.16,0.33,0.23,0.09,1.279,0.278,10.7,2.68,592773,2024
Josh Staumont,30,790,Maj-AL,MIN,25,0,1.0,,,24.1,17,12,10,14,18,0,1,3.7,85,1,0,0,2,2,2,1,0,102,420,0.62,0.18,0.1,0.46,0.25,0.12,1.274,0.246,6.7,1.29,622251,2024
Justin Steele,28,733,Maj-NL,CHC,24,24,5.0,5.0,,134.2,111,54,46,37,135,12,4,3.07,506,23,0,0,5,3,9,2,1,555,2046,0.69,0.17,0.11,0.46,0.23,0.08,1.099,0.273,9.0,3.65,657006,2024
Michael Stefanic,28,736,Maj-AL,LAD,1,0,,,,1.0,1,0,0,0,0,0,1,0.0,4,0,0,0,0,0,0,0,0,5,15,0.6,0.13,0.07,0.0,0.5,0.25,1.0,0.25,0.0,,683021,2024
Jackson Stephens,30,865,Maj-NL,ATL,3,0,,,,3.1,5,1,1,1,2,1,1,2.7,15,0,0,0,0,0,0,0,0,17,51,0.71,0.16,0.1,0.23,0.23,0.23,1.8,0.333,5.4,2.0,623451,2024
Justin Sterner,27,845,Maj-AL,TBR,2,0,,,,4.0,5,2,1,1,4,0,0,2.25,17,2,0,1,0,1,0,0,0,19,64,0.66,0.09,0.16,0.43,0.14,0.14,1.5,0.357,9.0,4.0,686993,2024
Brock Stewart,32,790,Maj-AL,MIN,16,0,,,,15.2,15,9,9,8,20,2,0,5.17,59,3,0,0,1,0,2,0,1,67,268,0.66,0.15,0.14,0.36,0.33,0.05,1.468,0.351,11.5,2.5,592779,2024
Gavin Stone,25,757,Maj-NL,LAD,25,25,11.0,5.0,,140.1,133,55,55,37,116,18,2,3.53,537,25,2,0,11,3,8,1,1,580,2152,0.65,0.15,0.12,0.45,0.25,0.05,1.211,0.283,7.4,3.14,694813,2024
Matt Strahm,32,718,Maj-NL,PHI,69,0,6.0,2.0,3.0,64.2,40,18,17,11,80,5,6,2.37,226,12,0,1,2,4,2,2,1,247,1028,0.7,0.16,0.13,0.32,0.23,0.1,0.789,0.241,11.1,7.27,621381,2024
Chris Stratton,33,744,Maj-AL,KCR,57,0,4.0,3.0,4.0,58.1,53,38,36,33,44,5,3,5.55,214,13,2,1,7,6,3,1,1,257,995,0.6,0.17,0.08,0.45,0.25,0.06,1.474,0.281,6.8,1.33,608717,2024
Hunter Strickland,35,729,Maj-AL,LAD,72,0,3.0,2.0,1.0,73.1,56,31,27,24,57,10,2,3.31,266,12,1,1,7,1,6,2,1,294,1158,0.64,0.17,0.1,0.35,0.18,0.12,1.091,0.23,7.0,2.38,519326,2024
Spencer Strider,25,905,Maj-NL,ATL,2,2,,,,9.0,10,7,7,5,12,2,0,7.0,37,2,0,0,0,0,2,0,0,42,178,0.65,0.13,0.17,0.4,0.2,0.08,1.667,0.348,12.0,2.4,675911,2024
Peter Strzelecki,29,776,Maj-AL,CLE,10,0,,,,11.2,11,3,3,3,9,1,1,2.31,43,3,0,0,3,0,0,0,0,47,192,0.61,0.15,0.06,0.38,0.35,0.09,1.2,0.303,6.9,3.0,657265,2024
Garrett Stubbs,31,749,Maj-NL,PHI,4,0,,,,4.0,6,7,7,2,0,2,0,15.75,17,1,0,0,1,0,0,0,0,19,65,0.62,0.15,0.03,0.41,0.24,0.06,2.0,0.267,0.0,0.0,596117,2024
Albert Su\xc3\xa1rez,34,728,Maj-AL,BAL,32,24,9.0,7.0,,133.2,130,56,55,43,108,17,3,3.7,510,34,1,1,8,5,10,3,0,565,2234,0.62,0.12,0.11,0.36,0.26,0.07,1.294,0.29,7.3,2.51,544150,2024
Jos\xc3\xa9 Suarez,26,732,Maj-AL,LAD,22,3,1.0,2.0,1.0,52.1,57,38,35,27,56,7,4,6.02,208,17,4,0,6,1,2,2,2,240,988,0.6,0.14,0.12,0.4,0.3,0.08,1.605,0.342,9.6,2.07,660761,2024
Ranger Suarez,28,718,Maj-NL,PHI,28,28,12.0,8.0,,155.0,145,63,58,45,153,14,5,3.37,592,34,2,1,9,1,8,3,2,647,2452,0.65,0.17,0.1,0.53,0.24,0.04,1.226,0.308,8.9,3.4,624133,2024
Robert Suarez,33,719,Maj-NL,SDP,68,0,9.0,3.0,38.0,68.1,53,21,20,16,61,7,0,2.63,251,7,0,1,5,1,0,1,0,269,1016,0.67,0.11,0.12,0.42,0.21,0.11,1.01,0.25,8.0,3.81,663158,2024
Wander Suero,32,901,Maj-AL,HOU,1,0,,1.0,,0.0,1,1,0,0,0,0,0,,1,0,0,0,0,0,0,0,0,1,2,1.0,0.5,0.0,0.0,1.0,0.0,,1.0,,,593833,2024
Cole Sulser,34,742,"Maj-AL,Maj-NL","New York,TBR",10,2,1.0,,,16.1,9,5,5,9,15,1,0,2.76,54,1,1,1,0,2,1,0,1,66,292,0.62,0.15,0.11,0.45,0.14,0.07,1.102,0.2,8.3,1.67,642121,2024
Brent Suter,34,728,Maj-NL,CIN,47,3,1.0,,2.0,65.2,63,25,23,12,50,10,3,3.15,253,11,1,0,4,2,3,0,4,270,1023,0.65,0.15,0.09,0.41,0.23,0.07,1.142,0.272,6.9,4.17,608718,2024
Erik Swanson,30,729,Maj-AL,TOR,44,0,2.0,2.0,,38.1,35,21,21,14,37,10,1,4.93,149,10,0,0,1,0,2,0,0,164,658,0.64,0.14,0.11,0.41,0.25,0.08,1.278,0.245,8.7,2.64,657024,2024
Jameson Taillon,32,730,Maj-NL,CHC,28,28,12.0,8.0,,165.1,154,67,60,33,125,21,1,3.27,633,24,2,0,8,4,14,0,1,675,2483,0.66,0.18,0.09,0.4,0.23,0.06,1.131,0.271,6.8,3.79,592791,2024
Dillon Tate,30,728,Maj-AL,"BAL,TOR",33,0,2.0,1.0,1.0,36.2,42,21,19,12,27,2,4,4.66,147,8,0,0,2,1,4,3,0,164,591,0.63,0.17,0.09,0.51,0.22,0.09,1.473,0.336,6.6,2.25,622253,2024
Troy Taylor,22,728,Maj-AL,SEA,21,0,,,1.0,19.1,15,8,8,7,25,4,0,3.72,74,4,0,0,0,0,1,0,0,81,328,0.63,0.2,0.11,0.31,0.24,0.12,1.138,0.244,11.6,3.57,700187,2024
Caleb Thielbar,37,730,Maj-AL,MIN,59,0,2.0,4.0,3.0,47.1,50,33,28,24,53,6,0,5.32,188,9,0,2,2,3,7,1,1,216,887,0.67,0.18,0.11,0.4,0.23,0.1,1.563,0.333,10.1,2.21,573204,2024
Keegan Thompson,29,728,Maj-NL,CHC,24,0,2.0,1.0,2.0,30.1,19,12,9,18,36,3,0,2.67,107,4,1,0,3,1,2,0,1,127,531,0.61,0.15,0.11,0.38,0.31,0.04,1.22,0.232,10.7,2.0,624522,2024
Ryan Thompson,32,729,Maj-NL,ARI,67,0,7.0,5.0,2.0,66.1,64,26,24,15,52,5,1,3.26,252,8,4,2,5,2,17,1,0,272,978,0.67,0.18,0.1,0.63,0.18,0.04,1.191,0.299,7.1,3.47,657044,2024
Zack Thompson,26,887,Maj-NL,STL,5,2,,2.0,,17.0,24,18,18,8,20,6,1,9.53,74,4,0,0,1,0,3,0,0,83,317,0.65,0.17,0.09,0.39,0.22,0.13,1.882,0.375,10.6,2.5,668868,2024
Trent Thornton,30,729,Maj-AL,SEA,71,0,4.0,3.0,1.0,72.1,63,32,29,19,77,8,5,3.61,265,16,1,1,4,2,7,6,2,294,1142,0.68,0.17,0.12,0.39,0.25,0.08,1.134,0.302,9.6,4.05,663423,2024
Drew Thorpe,23,788,Maj-AL,CHC,9,9,3.0,3.0,,44.1,35,29,27,21,25,8,1,5.48,165,11,0,0,2,2,9,0,1,190,721,0.6,0.14,0.1,0.37,0.23,0.11,1.263,0.201,5.1,1.19,689672,2024
Jes\xc3\xbas Tinoco,29,731,"Maj-AL,Maj-NL","CHC,MIA,TEX",32,0,1.0,,3.0,40.2,27,15,15,12,42,3,3,3.32,147,3,1,1,2,0,4,0,0,162,644,0.66,0.17,0.12,0.46,0.18,0.1,0.959,0.235,9.3,3.5,622786,2024
Michael Tonkin,34,730,"Maj-AL,Maj-NL","MIN,New York",57,0,4.0,4.0,2.0,79.1,70,43,32,30,85,6,8,3.63,297,14,1,1,3,5,8,1,0,340,1420,0.63,0.16,0.1,0.4,0.28,0.06,1.261,0.303,9.6,2.83,543859,2024
Justin Topa,33,729,Maj-AL,MIN,3,0,,,,2.1,1,0,0,0,2,0,0,0.0,8,0,0,0,0,0,0,0,0,8,20,0.8,0.1,0.25,0.5,0.17,0.33,0.429,0.167,7.7,,623437,2024
Touki Toussaint,28,755,Maj-AL,CHC,11,0,1.0,2.0,,23.0,35,19,19,18,26,3,1,7.43,97,6,2,0,4,1,2,1,2,117,491,0.58,0.16,0.11,0.5,0.25,0.01,2.304,0.464,10.2,1.44,657053,2024
Blake Treinen,36,697,Maj-NL,LAD,59,0,9.0,3.0,4.0,59.0,45,14,13,15,74,5,3,1.98,219,10,0,1,0,1,11,1,3,238,962,0.66,0.19,0.13,0.47,0.18,0.06,1.017,0.284,11.3,4.93,595014,2024
Cole Tucker,27,848,Maj-AL,LAD,1,0,,,,1.0,1,0,0,1,0,0,0,0.0,3,0,0,0,1,0,0,0,0,4,10,0.6,0.2,0.1,1.0,0.0,0.0,2.0,0.333,0.0,0.0,657061,2024
Spencer Turnbull,31,823,Maj-NL,PHI,17,7,3.0,,,54.1,37,17,16,20,58,6,5,2.65,197,9,0,0,3,0,6,1,1,222,918,0.61,0.18,0.1,0.47,0.22,0.06,1.049,0.233,9.6,2.9,605513,2024
Kyle Tyler,27,780,Maj-NL,MIA,8,7,,2.0,,31.2,37,19,19,18,25,4,1,5.4,123,3,0,0,5,0,3,3,0,142,580,0.59,0.15,0.11,0.49,0.28,0.04,1.737,0.351,7.1,1.39,667725,2024
Edwin Uceta,26,730,Maj-AL,TBR,30,0,2.0,,5.0,41.2,26,8,7,8,57,2,1,1.51,149,6,0,0,0,0,3,1,0,159,672,0.67,0.15,0.16,0.35,0.23,0.14,0.816,0.267,12.3,7.13,670955,2024
Jos\xc3\xa9 Ure\xc3\xb1a,32,744,Maj-AL,TEX,33,9,5.0,8.0,1.0,109.0,105,51,46,39,70,13,4,3.8,414,19,1,2,12,4,10,2,0,463,1760,0.62,0.15,0.1,0.51,0.21,0.05,1.321,0.275,5.8,1.79,570632,2024
Abner Uribe,24,879,Maj-NL,MIL,14,0,2.0,2.0,3.0,14.1,15,11,11,12,14,1,0,6.91,54,1,1,2,4,0,0,0,0,66,258,0.57,0.2,0.08,0.58,0.28,0.1,1.884,0.359,8.8,1.17,682842,2024
Naoyuki Uwasawa,30,877,Maj-AL,BOS,2,0,,,,4.0,2,1,1,2,3,0,0,2.25,14,1,0,0,0,0,0,0,0,16,62,0.61,0.18,0.08,0.36,0.18,0.36,1.0,0.182,6.8,1.5,683822,2024
Framber Valdez,30,726,Maj-AL,HOU,29,29,15.0,8.0,,180.2,147,63,60,57,172,13,6,2.99,653,25,1,0,33,6,10,1,0,724,2678,0.63,0.18,0.11,0.61,0.22,0.01,1.129,0.283,8.6,3.02,664285,2024
Ricky Vanasco,25,750,"Maj-AL,Maj-NL","DET,LAD",4,0,1.0,,,4.0,3,3,3,0,1,0,0,6.75,15,1,0,0,0,0,0,0,0,15,45,0.64,0.13,0.09,0.57,0.21,0.0,0.75,0.214,2.3,,676568,2024
Gus Varland,27,728,"Maj-AL,Maj-NL","CHC,LAD",26,0,1.0,,,26.1,30,12,10,8,27,2,1,3.42,106,5,1,1,2,0,5,1,2,115,455,0.66,0.19,0.11,0.38,0.29,0.04,1.443,0.364,9.2,3.38,681402,2024
Louis Varland,26,729,Maj-AL,MIN,16,7,,6.0,,49.2,68,44,42,16,49,12,4,7.61,214,8,0,1,5,3,1,0,1,238,901,0.65,0.14,0.11,0.43,0.27,0.02,1.691,0.359,8.9,3.06,686973,2024
Randy V\xc3\xa1squez,25,729,Maj-NL,SDP,20,20,4.0,7.0,,98.0,119,56,53,29,62,13,6,4.87,391,23,2,1,14,2,12,4,0,431,1687,0.65,0.15,0.08,0.39,0.3,0.09,1.51,0.333,5.7,2.14,681190,2024
Anthony Veneziano,26,730,"Maj-AL,Maj-NL","KCR,MIA",12,0,1.0,,,13.1,16,7,5,3,14,1,1,3.38,52,4,1,0,1,2,3,0,0,58,242,0.67,0.13,0.14,0.35,0.28,0.03,1.425,0.385,9.5,4.67,685107,2024
Justin Verlander,41,729,Maj-AL,HOU,17,17,5.0,6.0,,90.1,98,56,55,27,74,15,6,5.48,358,14,2,0,3,5,8,3,1,396,1580,0.65,0.17,0.09,0.29,0.28,0.12,1.384,0.303,7.4,2.74,434378,2024
Alex Vesia,28,697,Maj-NL,LAD,74,0,5.0,4.0,6.0,72.0,35,19,13,35,93,7,2,1.63,242,9,1,3,1,1,5,5,2,285,1207,0.62,0.15,0.13,0.26,0.16,0.2,0.972,0.196,11.6,2.66,681911,2024
Nick Vespi,28,766,Maj-AL,BAL,11,0,,,,12.1,10,4,4,3,9,1,0,2.92,45,4,0,0,0,1,0,0,0,49,169,0.68,0.16,0.12,0.46,0.24,0.03,1.054,0.25,6.6,3.0,663989,2024
Will Vest,29,715,Maj-AL,DET,75,0,4.0,4.0,3.0,76.1,64,24,23,18,72,3,3,2.71,282,9,1,2,6,6,3,2,0,311,1248,0.67,0.17,0.1,0.47,0.28,0.03,1.074,0.286,8.5,4.0,676684,2024
Thyago Vieira,31,806,"Maj-AL,Maj-NL","ARI,BAL,MIL",28,0,,1.0,1.0,38.0,37,23,22,26,39,8,2,5.21,147,6,1,1,1,2,2,0,2,177,737,0.62,0.18,0.1,0.39,0.25,0.07,1.658,0.284,9.2,1.5,600986,2024
Eli Villalobos,27,870,Maj-NL,MIA,3,0,,,,4.1,3,1,1,2,3,1,0,2.08,16,1,0,0,0,0,1,0,0,18,71,0.55,0.14,0.08,0.23,0.38,0.08,1.154,0.167,6.2,1.5,681871,2024
Darius Vines,26,790,Maj-NL,ATL,4,2,,1.0,,13.2,21,14,13,4,9,4,1,8.56,59,4,0,0,1,2,2,1,1,66,257,0.64,0.14,0.11,0.4,0.19,0.12,1.829,0.354,5.9,2.25,670241,2024
Austin Voth,32,729,Maj-AL,SEA,68,0,2.0,5.0,,61.0,46,31,25,18,61,9,3,3.69,226,8,1,0,2,0,5,0,0,248,974,0.64,0.15,0.14,0.37,0.27,0.07,1.049,0.237,9.0,3.39,608723,2024
Michael Wacha,32,717,Maj-AL,KCR,31,31,13.0,9.0,,175.1,164,70,67,49,150,18,5,3.44,659,33,4,1,19,4,4,2,0,723,2737,0.64,0.16,0.1,0.4,0.24,0.1,1.215,0.295,7.7,3.06,608379,2024
Jacob Waguespack,30,898,Maj-AL,TBR,4,1,,,,10.0,13,7,6,10,11,1,0,5.4,41,2,0,0,1,0,3,0,0,51,221,0.59,0.19,0.14,0.47,0.3,0.03,2.3,0.414,9.9,1.1,621097,2024
Hurston Waldrep,22,833,Maj-NL,ATL,2,2,,1.0,,7.0,9,13,13,8,3,3,1,16.71,27,1,0,0,2,0,0,2,0,36,133,0.6,0.2,0.08,0.46,0.17,0.13,2.429,0.286,3.9,0.38,694462,2024
Matt Waldron,27,728,Maj-NL,SDP,27,26,7.0,11.0,,146.2,145,84,80,40,133,21,11,4.91,568,32,2,0,10,3,16,2,1,625,2450,0.64,0.19,0.09,0.39,0.23,0.1,1.261,0.297,8.2,3.33,663362,2024
Taijuan Walker,31,733,Maj-NL,PHI,19,15,3.0,7.0,,83.2,107,68,66,37,58,24,3,7.1,338,20,0,0,10,3,6,4,3,381,1435,0.62,0.18,0.07,0.37,0.28,0.07,1.721,0.32,6.2,1.57,592836,2024
Matt Wallner,26,790,Maj-AL,MIN,1,0,,,,1.1,2,0,0,0,0,0,0,0.0,6,1,0,0,0,0,0,0,0,6,21,0.62,0.24,0.0,0.0,0.67,0.0,1.5,0.333,0.0,,670242,2024
Blake Walston,23,733,Maj-NL,ARI,7,2,1.0,,,18.1,16,12,9,10,18,4,3,4.42,70,2,0,0,2,0,0,0,0,83,343,0.61,0.16,0.08,0.35,0.25,0.12,1.418,0.25,8.8,1.8,686796,2024
Andrew Walters,23,710,Maj-AL,CLE,13,1,1.0,,,11.2,2,2,1,7,10,0,0,0.77,35,1,0,0,0,2,1,0,0,44,197,0.6,0.11,0.14,0.26,0.3,0.19,0.771,0.074,7.7,1.43,689958,2024
Andrew Wantz,28,819,Maj-AL,LAD,1,0,,,,1.1,1,1,1,1,3,1,0,6.75,5,0,0,0,0,0,0,0,0,6,35,0.6,0.09,0.14,0.0,0.0,0.0,1.5,0.0,20.3,3.0,681806,2024
Ryan Weathers,24,728,Maj-NL,MIA,16,16,5.0,6.0,,86.2,78,39,35,24,80,11,9,3.63,331,18,0,1,5,2,5,2,0,367,1413,0.63,0.16,0.11,0.48,0.23,0.07,1.177,0.277,8.3,3.33,677960,2024
Jacob Webb,30,725,Maj-AL,BAL,61,0,2.0,5.0,2.0,57.1,40,23,19,28,60,4,2,2.98,210,11,0,1,0,1,4,2,0,241,949,0.64,0.15,0.12,0.34,0.24,0.1,1.186,0.245,9.4,2.14,657097,2024
Greg Weissert,29,729,Maj-AL,BOS,62,0,4.0,2.0,1.0,63.1,65,32,22,20,58,7,0,3.13,237,9,0,4,6,5,5,4,1,263,1029,0.67,0.19,0.09,0.41,0.25,0.06,1.342,0.328,8.2,2.9,669711,2024
Tyler Wells,29,898,Maj-AL,BAL,3,3,,2.0,,15.1,18,11,10,3,13,3,0,5.87,64,4,1,0,0,0,1,0,0,67,259,0.66,0.14,0.12,0.37,0.22,0.12,1.37,0.313,7.6,4.33,669330,2024
Joey Wentz,26,728,"Maj-AL,Maj-NL","DET,Pittsburgh",46,1,1.0,2.0,1.0,67.1,66,37,35,33,73,8,4,4.68,262,9,0,1,2,4,14,2,2,304,1226,0.62,0.15,0.13,0.42,0.24,0.09,1.47,0.314,9.8,2.21,666214,2024
Hayden Wesneski,26,728,Maj-NL,CHC,28,7,3.0,6.0,,67.2,56,37,29,21,67,12,2,3.86,260,10,0,0,3,0,3,0,0,283,1076,0.64,0.19,0.11,0.44,0.21,0.08,1.138,0.243,8.9,3.19,669713,2024
Zack Wheeler,34,722,Maj-NL,PHI,33,33,16.0,7.0,,207.0,140,62,57,56,233,20,9,2.48,744,28,5,0,14,3,8,3,1,813,3246,0.65,0.14,0.13,0.43,0.21,0.11,0.947,0.243,10.1,4.16,554430,2024
Mitch White,29,851,"Maj-AL,Maj-NL","MIL,San Francisco,TOR",13,0,1.0,1.0,,23.2,26,21,19,13,13,4,1,7.23,92,4,2,2,2,2,2,0,0,110,413,0.66,0.15,0.07,0.43,0.24,0.02,1.648,0.286,4.9,1.0,669952,2024
Owen White,24,746,Maj-AL,TEX,3,0,,,,3.0,9,8,8,1,0,1,0,24.0,17,3,0,0,1,0,1,0,0,18,69,0.68,0.17,0.01,0.41,0.41,0.0,3.333,0.5,0.0,0.0,669391,2024
Forrest Whitley,26,753,Maj-AL,HOU,3,0,,,,3.1,5,2,0,3,5,0,1,0.0,16,1,0,0,0,0,2,0,1,20,94,0.59,0.17,0.07,0.45,0.36,0.09,2.4,0.455,13.5,1.67,666215,2024
Garrett Whitlock,28,894,Maj-AL,BOS,4,4,1.0,,,18.1,14,4,4,7,17,1,1,1.96,66,4,0,0,1,0,2,1,0,75,321,0.64,0.18,0.07,0.44,0.28,0.06,1.145,0.271,8.3,2.43,676477,2024
Jordan Wicks,24,740,Maj-NL,CHC,11,10,2.0,4.0,,46.0,55,31,28,20,42,9,2,5.48,189,10,1,0,4,0,5,1,1,212,852,0.63,0.12,0.11,0.41,0.24,0.04,1.63,0.333,8.2,2.1,696136,2024
Devin Williams,29,724,Maj-NL,MIL,24,0,1.0,1.0,15.0,23.1,13,7,7,12,39,2,3,2.7,83,4,0,1,0,0,2,0,0,98,435,0.63,0.14,0.17,0.43,0.16,0.07,1.071,0.262,15.0,3.25,642207,2024
Gavin Williams,24,709,Maj-AL,CLE,17,17,3.0,10.0,,78.1,75,45,44,32,83,9,3,5.06,303,17,3,0,4,3,4,0,2,342,1408,0.64,0.15,0.1,0.41,0.25,0.07,1.366,0.308,9.5,2.59,668909,2024
Luke Williams,27,780,Maj-NL,ATL,3,0,,,,4.0,5,2,2,1,0,0,1,4.5,17,0,0,0,0,0,0,0,0,19,59,0.64,0.14,0.05,0.29,0.35,0.06,1.5,0.294,0.0,0.0,663897,2024
Brandon Williamson,26,740,Maj-NL,CIN,4,3,,,,14.1,10,7,6,5,12,4,2,3.77,51,1,0,0,2,1,1,0,0,59,252,0.61,0.19,0.07,0.33,0.3,0.08,1.047,0.167,7.5,2.4,682227,2024
Bryse Wilson,26,756,Maj-NL,MIL,34,9,5.0,4.0,,104.2,102,49,47,31,82,20,4,4.04,405,9,2,0,6,1,7,3,0,442,1643,0.65,0.17,0.09,0.38,0.25,0.09,1.271,0.27,7.1,2.65,669060,2024
Justin Wilson,36,729,Maj-NL,CIN,60,0,1.0,5.0,2.0,46.2,55,30,29,13,51,10,2,5.59,192,10,0,1,1,2,4,2,4,209,816,0.68,0.13,0.12,0.39,0.21,0.11,1.457,0.338,9.8,3.92,458677,2024
Steven Wilson,29,774,Maj-AL,CHC,40,0,1.0,6.0,,34.2,29,29,22,26,34,8,3,5.71,128,7,0,6,0,3,3,1,0,163,623,0.61,0.15,0.1,0.26,0.23,0.14,1.587,0.236,8.8,1.31,621051,2024
Weston Wilson,29,760,Maj-NL,PHI,1,0,,,,1.0,1,0,0,0,0,0,0,0.0,4,0,0,0,0,0,0,0,0,4,8,0.63,0.13,0.0,0.5,0.0,0.0,1.0,0.25,0.0,,642215,2024
Allan Winans,28,795,Maj-NL,ATL,2,2,,2.0,,7.2,14,14,13,4,4,3,0,15.26,37,5,1,0,1,0,1,0,0,41,147,0.66,0.14,0.14,0.52,0.27,0.03,2.348,0.367,4.7,1.0,642216,2024
Josh Winckowski,26,728,Maj-AL,BOS,39,6,4.0,2.0,2.0,75.0,81,44,35,26,60,10,4,4.2,295,15,0,3,5,4,4,0,0,333,1231,0.64,0.17,0.09,0.52,0.24,0.05,1.427,0.31,7.2,2.31,670174,2024
Josh Winder,27,775,Maj-AL,MIN,4,0,,,,9.0,7,4,3,1,10,0,2,3.0,33,1,0,0,0,2,0,0,0,38,141,0.62,0.14,0.15,0.4,0.16,0.08,0.889,0.28,10.0,10.0,680739,2024
Trey Wingenter,30,735,"Maj-AL,Maj-NL","BOS,CHC",7,0,,,,8.1,13,9,9,4,6,2,0,9.72,37,1,0,0,0,0,1,0,0,42,179,0.61,0.12,0.14,0.56,0.22,0.06,2.04,0.379,6.5,1.5,622259,2024
Cole Winn,24,832,Maj-AL,TEX,13,0,,1.0,,17.1,18,15,15,4,14,2,3,7.79,69,3,0,0,0,1,2,0,0,77,286,0.68,0.16,0.12,0.38,0.3,0.04,1.269,0.296,7.3,3.5,668390,2024
Patrick Wisdom,32,883,Maj-NL,CHC,1,0,,,,0.1,1,0,0,1,0,0,0,0.0,2,0,0,0,0,0,0,0,0,3,13,0.54,0.08,0.0,1.0,0.0,0.0,6.0,0.5,0.0,0.0,621550,2024
Bryan Woo,24,730,Maj-AL,SEA,22,22,9.0,3.0,,121.1,96,41,39,13,101,14,3,2.89,454,15,0,0,6,2,4,0,0,472,1715,0.71,0.18,0.11,0.42,0.23,0.07,0.898,0.24,7.5,7.77,693433,2024
Jake Woodford,27,739,"Maj-AL,Maj-NL","CHC,Pittsburgh",9,7,,6.0,,35.0,48,37,31,9,26,6,3,7.97,153,13,1,0,1,2,3,0,0,167,618,0.62,0.18,0.06,0.37,0.29,0.05,1.629,0.341,6.7,2.89,663765,2024
Simeon Woods Richardson,23,732,Maj-AL,MIN,28,28,5.0,5.0,,133.2,125,63,62,48,117,16,3,4.17,509,21,1,0,4,7,11,2,3,569,2295,0.65,0.16,0.1,0.36,0.24,0.09,1.294,0.285,7.9,2.44,680573,2024
Justin Wrobleski,23,729,Maj-NL,LAD,8,6,1.0,2.0,1.0,36.1,34,24,23,16,26,9,1,5.7,137,9,0,0,3,0,3,2,1,154,592,0.63,0.17,0.09,0.32,0.29,0.1,1.376,0.245,6.4,1.63,680736,2024
Yoshinobu Yamamoto,25,701,Maj-NL,LAD,22,22,9.0,2.0,,108.2,90,40,38,28,120,10,2,3.15,407,23,2,0,6,4,3,1,0,442,1751,0.66,0.18,0.12,0.5,0.24,0.04,1.086,0.285,9.9,4.29,808967,2024
Ryan Yarbrough,32,728,"Maj-AL,Maj-NL","LAD,TOR",43,0,5.0,2.0,1.0,95.1,68,36,35,31,61,11,12,3.3,336,9,0,3,5,2,8,7,3,385,1464,0.65,0.18,0.09,0.41,0.23,0.1,1.038,0.214,5.8,1.97,642232,2024
Kirby Yates,37,729,Maj-AL,TEX,61,0,7.0,2.0,33.0,61.2,23,10,8,28,85,3,2,1.17,203,5,0,5,0,3,7,0,1,237,1027,0.64,0.15,0.15,0.45,0.13,0.07,0.827,0.169,12.4,3.04,489446,2024
Alex Young,30,730,Maj-NL,"CIN,New York",17,0,,,,15.2,15,5,5,7,15,2,0,2.87,61,3,1,0,2,0,1,0,0,68,268,0.62,0.16,0.14,0.52,0.13,0.09,1.404,0.295,8.6,2.14,622065,2024
Rob Zastryzny,32,795,Maj-NL,MIL,9,3,1.0,,,7.2,4,1,1,1,5,0,1,1.17,26,1,0,0,0,0,0,1,1,29,119,0.69,0.08,0.15,0.38,0.05,0.19,0.652,0.19,5.9,5.0,642239,2024
Ryan Zeferjahn,26,729,Maj-AL,LAD,12,0,,,,17.0,7,4,4,6,18,0,2,2.12,55,1,0,1,2,1,0,0,0,64,212,0.65,0.14,0.14,0.39,0.21,0.11,0.765,0.184,9.5,3.0,666171,2024
Angel Zerpa,24,717,Maj-AL,KCR,65,0,4.0,,,57.2,61,25,24,22,54,6,2,3.75,229,8,1,2,4,1,1,1,1,255,1031,0.63,0.2,0.06,0.6,0.19,0.04,1.439,0.324,8.4,2.45,672582,2024
Tyler Zuber,29,791,Maj-AL,TBR,2,0,,,,3.1,3,1,1,2,4,1,0,2.7,13,0,0,0,0,0,3,0,0,15,75,0.57,0.19,0.05,0.22,0.11,0.22,1.5,0.25,10.8,2.0,676604,2024
Yosver Zulueta,26,733,Maj-NL,CIN,12,0,,,,16.1,15,10,9,7,20,2,1,4.96,61,3,0,0,3,0,0,0,0,69,286,0.61,0.22,0.07,0.63,0.17,0.0,1.347,0.333,11.0,2.86,691172,2024
Guillo Zu\xc3\xb1iga,25,728,Maj-AL,LAD,15,0,,,2.0,17.2,16,10,10,8,12,5,1,5.09,66,1,1,2,2,1,2,0,0,76,271,0.6,0.15,0.08,0.36,0.27,0.05,1.358,0.22,6.1,1.5,670871,2024
Andrew Abbott,26,365,Maj-NL,CIN,29,29,10.0,7.0,,166.1,148,60,53,43,149,19,3,2.87,631,29,1,0,10,4,12,1,2,684,2677,0.66,0.16,0.11,0.33,0.24,0.11,1.148,0.276,8.1,3.47,671096,2025
Mick Abel,23,365,"Maj-AL,Maj-NL","MIN,PHI",10,8,3.0,4.0,,39.0,43,28,27,16,39,8,1,6.23,157,2,2,0,3,0,2,1,0,174,720,0.64,0.15,0.11,0.37,0.25,0.04,1.513,0.318,9.0,2.44,690953,2025
Philip Abner,23,364,Maj-NL,ARI,5,0,,,,3.2,5,2,2,3,5,0,0,4.91,15,2,0,0,1,0,0,0,0,18,71,0.63,0.17,0.11,0.3,0.1,0.3,2.182,0.5,12.3,1.67,691769,2025
Bryan Abreu,28,366,Maj-AL,HOU,70,0,3.0,4.0,7.0,71.0,51,18,18,31,105,4,4,2.28,260,9,0,0,1,1,10,2,1,296,1189,0.62,0.16,0.18,0.36,0.31,0.09,1.155,0.309,13.3,3.39,650556,2025
Garrett Acton,27,378,Maj-AL,TBR,1,0,,,,1.0,0,0,0,2,0,0,0,0.0,3,0,0,0,0,0,0,0,0,5,21,0.48,0.14,0.05,0.0,0.0,0.67,2.0,0.0,0.0,0.0,670183,2025
Jason Adam,33,391,Maj-NL,SDP,65,0,8.0,4.0,,65.1,50,18,14,25,70,4,3,1.93,238,5,0,3,5,2,12,1,1,270,1091,0.64,0.15,0.15,0.44,0.17,0.09,1.148,0.277,9.6,2.8,592094,2025
Travis Adams,25,364,Maj-AL,MIN,18,2,1.0,4.0,,33.2,39,29,28,17,31,6,3,7.49,132,9,1,0,0,5,3,1,0,158,663,0.62,0.15,0.11,0.33,0.3,0.05,1.663,0.33,8.3,1.82,701519,2025
Keegan Akin,30,364,Maj-AL,BAL,64,3,5.0,4.0,8.0,63.1,54,28,24,33,59,10,1,3.41,232,9,0,2,5,2,2,1,2,268,1058,0.66,0.15,0.11,0.38,0.23,0.06,1.374,0.267,8.4,1.79,669211,2025
Jorge Alcala,29,365,"Maj-AL,Maj-NL","BOS,MIN,STL",56,0,,2.0,,55.0,66,44,38,30,61,13,1,6.22,221,17,0,1,3,4,8,3,0,257,1058,0.64,0.17,0.11,0.35,0.22,0.12,1.745,0.351,10.0,2.03,660896,2025
Sandy Alcantara,29,366,Maj-NL,MIA,31,31,11.0,12.0,,174.2,165,107,104,57,142,22,9,5.36,669,39,0,0,9,9,35,1,1,745,2891,0.66,0.16,0.09,0.47,0.25,0.05,1.271,0.278,7.3,2.49,645261,2025
Sam Aldegheri,23,364,Maj-AL,LAD,4,2,,2.0,,13.2,20,14,12,10,12,3,4,7.9,58,4,0,0,2,1,2,1,1,73,303,0.57,0.15,0.08,0.4,0.23,0.04,2.195,0.386,7.9,1.2,691951,2025
Jason Alexander,32,366,Maj-AL,"Athletics,HOU",18,13,4.0,2.0,1.0,77.1,80,45,41,26,65,15,3,4.77,305,14,2,0,6,2,6,2,1,336,1252,0.62,0.18,0.1,0.45,0.25,0.06,1.371,0.286,7.6,2.5,669920,2025
Tyler Alexander,30,364,"Maj-AL,Maj-NL","CHC,MIL",52,5,5.0,14.0,1.0,97.2,107,62,54,30,82,9,2,4.98,386,17,3,5,8,2,6,2,2,423,1585,0.66,0.17,0.09,0.36,0.26,0.09,1.403,0.33,7.6,2.73,641302,2025
Kolby Allard,27,364,Maj-AL,CLE,33,2,2.0,2.0,,65.0,64,22,19,14,42,5,1,2.63,245,13,1,3,5,3,5,2,0,266,1000,0.67,0.18,0.08,0.38,0.23,0.12,1.2,0.294,5.8,3.0,663465,2025
Logan Allen,26,364,Maj-AL,CLE,30,29,8.0,11.0,,156.2,157,84,74,62,122,18,6,4.25,600,31,0,1,15,5,8,10,6,676,2709,0.62,0.17,0.08,0.45,0.23,0.08,1.398,0.299,7.0,1.97,671106,2025
Dan Altavilla,32,383,Maj-AL,CHC,28,0,,1.0,2.0,29.0,19,9,8,15,21,4,4,2.48,100,5,0,0,2,0,1,0,1,120,452,0.61,0.15,0.1,0.53,0.23,0.08,1.172,0.2,6.5,1.4,656186,2025
Jos\xc3\xa9 Alvarado,30,382,Maj-NL,PHI,28,0,4.0,2.0,7.0,26.0,27,12,11,7,32,4,1,3.81,103,2,0,0,0,1,1,1,0,114,457,0.64,0.16,0.11,0.47,0.26,0.07,1.308,0.338,11.1,4.57,621237,2025
Jacob Amaya,26,507,Maj-AL,CHC,1,0,,,,1.0,0,0,0,0,0,0,0,0.0,2,0,0,0,0,1,0,0,0,3,6,0.83,0.0,0.0,0.0,0.0,0.33,0.0,0.0,0.0,,676070,2025
Grant Anderson,28,348,Maj-NL,MIL,68,0,2.0,6.0,,72.1,60,35,25,29,76,8,2,3.11,271,8,1,3,5,2,6,3,1,306,1190,0.64,0.16,0.13,0.42,0.25,0.07,1.23,0.275,9.5,2.62,681982,2025
Ian Anderson,27,523,Maj-AL,LAD,7,0,,1.0,,9.1,17,13,12,7,8,2,0,11.57,44,2,0,1,0,0,1,0,0,51,203,0.59,0.13,0.1,0.44,0.28,0.06,2.571,0.441,7.7,1.14,666120,2025
Shaun Anderson,30,412,Maj-AL,LAD,7,0,1.0,,,11.1,20,13,13,3,11,6,0,10.32,53,1,0,0,1,0,1,0,0,56,217,0.65,0.17,0.11,0.33,0.24,0.07,2.029,0.389,8.7,3.67,641312,2025
Tyler Anderson,35,394,Maj-AL,LAD,26,26,2.0,8.0,,136.1,135,73,69,57,104,28,3,4.56,533,29,3,4,7,6,9,1,1,599,2339,0.64,0.15,0.11,0.29,0.25,0.1,1.408,0.263,6.9,1.82,542881,2025
Luarbert Arias,24,389,Maj-NL,MIA,7,0,,,,10.1,17,13,13,5,10,2,2,11.32,47,2,2,0,0,1,2,0,0,55,207,0.62,0.16,0.07,0.21,0.45,0.05,2.129,0.417,8.7,2.0,678215,2025
Shawn Armstrong,34,365,Maj-AL,TEX,71,2,4.0,3.0,9.0,74.0,40,21,19,20,74,5,6,2.31,254,8,2,0,4,4,4,0,0,284,1118,0.66,0.19,0.1,0.36,0.2,0.1,0.811,0.196,9.0,3.7,542888,2025
Spencer Arrighetti,25,393,Maj-AL,HOU,7,7,1.0,5.0,,35.1,30,21,21,20,31,6,3,5.35,131,4,1,0,2,2,11,0,0,156,618,0.61,0.18,0.11,0.38,0.28,0.08,1.415,0.25,7.9,1.55,681293,2025
Aaron Ashby,27,346,Maj-NL,MIL,50,4,5.0,2.0,3.0,73.1,62,21,20,30,83,4,5,2.45,266,8,3,0,9,1,10,1,3,306,1188,0.62,0.2,0.1,0.58,0.24,0.03,1.255,0.322,10.2,2.77,676879,2025
Graham Ashcraft,27,362,Maj-NL,CIN,63,0,8.0,5.0,,66.1,70,37,29,25,64,2,1,3.93,259,18,0,0,8,0,4,1,0,290,1065,0.66,0.16,0.13,0.58,0.24,0.06,1.432,0.352,8.7,2.56,668933,2025
Javier Assad,27,364,Maj-NL,CHC,8,7,4.0,1.0,,37.0,33,15,15,12,23,3,4,3.65,136,4,3,0,5,1,4,0,0,153,567,0.63,0.17,0.07,0.46,0.27,0.06,1.216,0.27,5.6,1.92,665871,2025
Luinder Avila,23,364,Maj-AL,KCR,13,0,1.0,1.0,,14.0,7,2,2,6,16,0,0,1.29,49,3,0,0,0,1,1,0,0,56,217,0.61,0.14,0.12,0.5,0.26,0.09,0.929,0.206,10.3,2.67,679883,2025
Lake Bachar,30,365,Maj-NL,MIA,53,1,8.0,2.0,3.0,71.0,55,34,31,30,75,10,3,3.93,258,9,3,3,5,4,4,0,0,296,1143,0.64,0.18,0.13,0.35,0.25,0.11,1.197,0.254,9.5,2.5,669199,2025
Sam Bachman,25,364,Maj-AL,LAD,23,0,2.0,3.0,,20.1,22,15,14,10,18,1,1,6.2,82,4,0,0,2,0,2,0,0,94,335,0.64,0.19,0.12,0.57,0.23,0.09,1.574,0.333,8.0,1.8,696147,2025
Kyle Backhus,27,378,Maj-NL,ARI,32,0,,3.0,2.0,25.1,28,14,13,8,22,3,3,4.62,99,7,1,0,3,2,0,0,0,115,430,0.66,0.2,0.09,0.38,0.35,0.07,1.421,0.329,7.8,2.75,679775,2025
Bryan Baker,30,364,Maj-AL,"BAL,TBR",73,0,4.0,4.0,3.0,68.2,59,33,31,17,83,13,0,4.06,255,9,2,0,6,1,6,1,0,274,1099,0.67,0.16,0.13,0.38,0.25,0.09,1.107,0.288,10.9,4.88,641329,2025
Anthony Banda,31,333,Maj-NL,LAD,78,1,5.0,1.0,,70.2,52,29,29,36,64,10,2,3.69,253,10,1,8,3,3,12,2,1,294,1142,0.62,0.14,0.12,0.39,0.19,0.06,1.245,0.231,8.2,1.78,607455,2025
Tanner Banks,33,354,Maj-NL,PHI,71,1,6.0,2.0,1.0,68.2,57,24,23,12,61,9,1,3.01,254,6,2,1,3,1,4,0,0,271,1093,0.66,0.16,0.1,0.39,0.28,0.06,1.005,0.259,8.0,5.08,621383,2025
Scott Barlow,32,362,Maj-NL,CIN,76,1,6.0,3.0,1.0,70.0,50,35,32,45,79,8,6,4.11,255,8,1,3,3,2,13,1,0,308,1304,0.61,0.19,0.12,0.44,0.21,0.1,1.357,0.247,10.2,1.76,605130,2025
Jacob Barnes,35,526,Maj-AL,TOR,6,0,,1.0,,8.0,10,9,8,3,5,1,0,9.0,31,1,0,0,1,2,1,0,0,36,146,0.59,0.12,0.12,0.39,0.25,0.07,1.625,0.333,5.6,1.67,606930,2025
Tucker Barnhart,34,513,Maj-AL,TEX,1,0,,,,2.0,5,3,3,0,0,0,1,13.5,10,1,0,0,1,0,0,0,0,11,22,0.68,0.18,0.0,0.6,0.1,0.0,2.5,0.5,0.0,,571466,2025
Chris Bassitt,36,330,Maj-AL,TOR,39,31,11.0,9.0,,179.0,177,81,76,54,176,22,13,3.82,693,31,3,0,16,5,14,3,1,766,2953,0.64,0.17,0.1,0.46,0.24,0.08,1.291,0.31,8.8,3.26,605135,2025
Jake Bauers,29,464,Maj-NL,MIL,5,0,,,,5.0,8,4,2,3,1,0,2,3.6,23,2,0,0,0,1,0,0,0,29,79,0.52,0.1,0.0,0.26,0.26,0.22,2.2,0.348,1.8,0.33,641343,2025
F\xc3\xa9lix Bautista,30,434,Maj-AL,BAL,35,0,1.0,1.0,19.0,34.2,16,10,10,23,50,3,0,2.6,119,4,0,0,0,0,10,1,0,142,628,0.59,0.14,0.14,0.51,0.19,0.13,1.125,0.197,13.0,2.17,642585,2025
Shane Baz,26,368,Maj-AL,TBR,31,31,10.0,12.0,,166.1,158,91,90,64,176,26,9,4.87,633,36,1,0,19,4,20,2,2,711,2718,0.65,0.16,0.12,0.47,0.22,0.09,1.335,0.303,9.5,2.75,669358,2025
Eduard Bazardo,29,342,Maj-AL,SEA,82,0,6.0,1.0,,90.1,64,28,27,28,95,12,2,2.69,324,9,1,3,5,4,7,0,1,359,1393,0.66,0.23,0.08,0.38,0.23,0.08,1.018,0.235,9.5,3.39,660825,2025
Jalen Beeks,31,367,Maj-NL,ARI,61,2,5.0,3.0,1.0,57.1,42,26,24,20,47,6,2,3.77,208,11,0,2,3,1,5,1,0,231,916,0.61,0.11,0.12,0.47,0.2,0.06,1.081,0.231,7.4,2.35,656222,2025
Brayan Bello,26,361,Maj-AL,BOS,30,29,11.0,9.0,,169.0,151,73,64,60,124,17,13,3.41,630,23,1,0,18,6,16,6,3,711,2725,0.62,0.16,0.09,0.5,0.21,0.05,1.249,0.271,6.6,2.07,678394,2025
Valente Bellozo,25,368,Maj-NL,MIA,32,6,1.0,4.0,,81.1,85,44,42,23,54,15,4,4.65,316,15,1,0,5,3,1,5,0,348,1322,0.64,0.14,0.09,0.32,0.2,0.1,1.328,0.28,6.0,2.35,678368,2025
Anthony Bender,30,406,Maj-NL,MIA,51,0,3.0,5.0,4.0,50.0,32,13,12,21,42,3,2,2.16,181,7,1,2,2,0,11,1,0,204,783,0.65,0.24,0.08,0.49,0.17,0.04,1.06,0.213,7.6,2.0,669622,2025
Ryan Bergert,25,379,"Maj-AL,Maj-NL","KCR,SDP",19,15,2.0,2.0,,76.1,61,32,31,35,73,8,1,3.66,284,13,1,1,2,1,2,0,0,323,1312,0.63,0.16,0.1,0.29,0.28,0.06,1.258,0.26,8.6,2.09,686701,2025
Brennan Bernardino,33,386,Maj-AL,BOS,55,3,4.0,3.0,1.0,51.2,39,23,18,26,43,1,3,3.14,190,8,0,5,0,3,4,1,3,224,831,0.63,0.2,0.08,0.5,0.19,0.09,1.258,0.255,7.5,1.65,657514,2025
Jos\xc3\xa9 Berr\xc3\xados,31,368,Maj-AL,TOR,31,30,9.0,5.0,,166.0,160,86,77,56,138,26,7,4.17,632,30,2,2,17,2,13,3,4,698,2584,0.63,0.17,0.09,0.42,0.22,0.08,1.301,0.285,7.5,2.46,621244,2025
Jon Berti,35,429,Maj-NL,CHC,4,0,,,,3.2,4,3,3,4,0,0,0,7.36,15,2,0,0,0,0,0,0,0,19,51,0.53,0.18,0.02,0.13,0.47,0.07,2.182,0.267,0.0,0.0,542932,2025
Tanner Bibee,26,361,Maj-AL,CLE,32,32,12.0,11.0,,187.0,175,94,87,57,168,27,10,4.19,711,25,5,1,15,3,17,4,3,784,3058,0.64,0.18,0.1,0.45,0.2,0.08,1.241,0.285,8.1,2.95,676440,2025
Shane Bieber,30,330,Maj-AL,TOR,12,11,6.0,3.0,,59.0,55,25,24,13,55,11,1,3.66,225,10,0,0,4,2,1,0,0,242,955,0.63,0.17,0.12,0.47,0.25,0.02,1.153,0.273,8.4,4.23,669456,2025
Hunter Bigge,27,514,Maj-AL,TBR,13,0,,,,15.0,11,4,4,5,12,4,1,2.4,54,1,0,0,2,0,1,0,1,60,227,0.64,0.12,0.15,0.38,0.26,0.07,1.067,0.184,7.2,2.4,685801,2025
Ronel Blanco,31,498,Maj-AL,HOU,9,9,3.0,4.0,,48.1,37,22,22,20,48,7,0,4.1,176,9,0,0,1,2,5,1,0,199,794,0.63,0.16,0.14,0.36,0.22,0.1,1.179,0.244,8.9,2.4,669854,2025
Scott Blewett,29,442,"Maj-AL,Maj-NL","ATL,BAL,MIN",26,2,3.0,,,44.1,45,29,27,18,35,9,1,5.48,171,5,1,0,2,2,5,2,0,194,711,0.62,0.14,0.13,0.49,0.19,0.04,1.421,0.279,7.1,1.94,656240,2025
AJ Blubaugh,24,365,Maj-AL,HOU,11,3,3.0,1.0,,32.0,17,11,6,11,35,6,0,1.69,112,3,0,0,1,1,2,0,0,124,503,0.62,0.15,0.14,0.35,0.17,0.1,0.875,0.153,9.8,3.18,805123,2025
Cody Bolton,27,517,Maj-AL,CLE,1,0,,,,2.0,4,3,3,0,1,0,0,13.5,10,1,0,0,0,0,0,0,0,10,40,0.7,0.2,0.05,0.33,0.44,0.11,2.0,0.444,4.5,,675989,2025
Cam Booser,33,365,Maj-AL,CHC,39,0,2.0,4.0,1.0,31.0,28,22,19,19,35,8,2,5.52,120,5,0,1,0,2,0,1,0,143,575,0.63,0.16,0.12,0.32,0.23,0.1,1.516,0.253,10.2,1.84,592155,2025
Ryan Borucki,31,378,"Maj-AL,Maj-NL","Pittsburgh,TOR",39,0,1.0,3.0,,35.0,29,20,18,16,32,4,1,4.63,125,8,0,1,2,2,2,2,0,145,594,0.63,0.16,0.13,0.58,0.19,0.07,1.286,0.275,8.2,2.0,621366,2025
Caleb Boushley,31,386,Maj-AL,TEX,25,1,,,1.0,43.1,54,33,29,14,41,5,2,6.02,177,12,0,1,7,0,1,1,0,193,742,0.61,0.19,0.08,0.39,0.34,0.07,1.569,0.374,8.5,2.93,676961,2025
Jonathan Bowlan,28,365,Maj-AL,KCR,34,1,1.0,2.0,,44.1,37,21,19,17,46,6,0,3.86,161,9,0,0,5,1,3,2,1,180,727,0.63,0.15,0.15,0.5,0.21,0.04,1.218,0.282,9.3,2.71,680742,2025
Matt Bowman,34,401,Maj-AL,BAL,20,0,,1.0,,24.2,31,18,17,6,18,4,2,6.2,106,10,0,0,0,0,3,0,0,114,447,0.64,0.17,0.07,0.35,0.28,0.09,1.5,0.321,6.6,3.0,621199,2025
Matthew Boyd,34,353,Maj-NL,CHC,34,34,14.0,9.0,,189.1,164,76,67,47,163,19,9,3.18,694,31,3,0,15,6,5,3,13,763,2902,0.67,0.16,0.11,0.4,0.21,0.1,1.114,0.28,7.7,3.47,571510,2025
Joe Boyle,25,365,Maj-AL,TBR,13,9,1.0,4.0,,52.0,43,33,27,28,58,6,3,4.67,195,12,0,1,4,0,11,2,2,226,934,0.61,0.17,0.11,0.45,0.18,0.09,1.365,0.282,10.0,2.07,671212,2025
Kyle Bradish,28,364,Maj-AL,BAL,6,6,1.0,1.0,,32.0,23,9,9,10,47,3,1,2.53,115,2,0,0,3,0,0,1,0,126,494,0.64,0.19,0.15,0.34,0.31,0.12,1.031,0.308,13.2,4.7,680694,2025
Taj Bradley,24,368,Maj-AL,"MIN,TBR",27,27,6.0,8.0,,142.2,131,88,80,56,127,19,4,5.05,539,27,1,0,15,5,7,2,0,605,2327,0.63,0.14,0.1,0.43,0.22,0.08,1.311,0.281,8.0,2.27,671737,2025
Matt Brash,27,343,Maj-AL,SEA,61,0,2.0,3.0,4.0,56.1,44,18,15,23,68,4,3,2.4,205,8,0,2,5,1,4,0,0,236,968,0.61,0.19,0.13,0.55,0.24,0.02,1.189,0.299,10.9,2.96,666374,2025
Ryan Brasier,37,402,Maj-NL,CHC,28,1,,1.0,,26.0,27,13,13,5,20,2,0,4.5,98,7,0,0,3,2,4,2,1,105,404,0.65,0.14,0.1,0.4,0.31,0.06,1.231,0.321,6.9,4.0,518489,2025
John Brebbia,35,386,"Maj-AL,Maj-NL","ATL,DET",22,0,1.0,1.0,,23.1,28,23,20,12,26,5,4,7.71,97,7,0,0,1,1,2,0,0,115,459,0.65,0.18,0.08,0.32,0.24,0.14,1.714,0.343,10.0,2.17,605154,2025
Jonah Bride,29,464,Maj-AL,MIN,4,0,,,,6.0,14,10,10,3,2,1,2,15.0,31,2,0,0,0,1,0,0,0,37,114,0.59,0.14,0.04,0.2,0.47,0.1,2.833,0.448,3.0,0.67,681146,2025
Beau Brieske,27,473,Maj-AL,DET,22,1,1.0,3.0,1.0,22.0,24,20,16,12,16,5,0,6.55,88,4,0,1,0,2,3,0,0,103,405,0.57,0.13,0.09,0.4,0.19,0.09,1.636,0.275,6.5,1.33,689225,2025
Jeff Brigham,33,475,Maj-NL,ARI,4,0,,,,3.1,7,3,3,1,3,1,0,8.1,17,0,0,0,0,0,0,0,0,18,65,0.62,0.11,0.08,0.21,0.57,0.14,2.4,0.462,8.1,3.0,656257,2025
Connor Brogdon,30,364,Maj-AL,LAD,43,0,3.0,2.0,,47.0,45,31,29,18,49,11,0,5.55,178,9,1,4,3,2,2,3,2,199,840,0.64,0.15,0.14,0.31,0.23,0.11,1.34,0.283,9.4,2.72,641401,2025
Ben Brown,25,358,Maj-NL,CHC,26,15,5.0,8.0,1.0,108.1,122,73,70,34,124,18,4,5.82,440,20,4,0,6,2,8,0,0,481,1802,0.65,0.17,0.13,0.43,0.25,0.06,1.44,0.347,10.3,3.65,676962,2025
Hunter Brown,26,368,Maj-AL,HOU,31,31,12.0,9.0,,185.1,133,55,50,57,206,17,7,2.43,661,20,3,1,18,2,20,8,1,729,2964,0.62,0.17,0.11,0.48,0.22,0.06,1.025,0.264,10.0,3.61,686613,2025
Justin Bruihl,28,357,Maj-AL,TOR,16,0,,,,14.0,22,12,10,7,18,3,1,6.43,61,2,0,3,1,0,1,1,0,69,231,0.67,0.26,0.09,0.47,0.28,0.05,2.071,0.475,11.6,2.57,677865,2025
Vidal Bruj\xc3\xa1n,27,385,Maj-NL,ATL,2,0,,,,2.0,4,3,3,1,0,1,0,13.5,10,0,0,0,0,0,0,0,0,11,23,0.61,0.17,0.0,0.3,0.3,0.1,2.5,0.333,0.0,0.0,660644,2025
Kris Bubic,27,428,Maj-AL,KCR,20,20,8.0,7.0,,116.1,98,38,33,39,116,6,3,2.55,431,21,3,1,14,3,2,3,0,476,1795,0.66,0.17,0.13,0.47,0.26,0.08,1.178,0.295,9.0,2.97,663460,2025
Walker Buehler,30,367,"Maj-AL,Maj-NL","BOS,PHI",26,24,10.0,7.0,,126.0,130,73,69,61,92,22,11,4.93,490,16,1,0,11,2,19,2,3,565,2192,0.62,0.17,0.08,0.43,0.27,0.07,1.516,0.286,6.6,1.51,621111,2025
Aaron Bummer,31,400,Maj-NL,ATL,42,2,3.0,2.0,,54.1,51,27,23,17,51,3,11,3.81,204,12,2,4,5,3,11,1,1,235,934,0.64,0.21,0.09,0.56,0.28,0.01,1.252,0.314,8.4,3.0,607481,2025
Nick Burdi,32,482,Maj-AL,BOS,4,0,,,,5.1,5,0,0,2,5,0,0,0.0,19,1,0,0,2,0,0,0,0,21,83,0.63,0.19,0.08,0.57,0.36,0.0,1.313,0.357,8.4,2.5,595897,2025
Juan Burgos,25,391,"Maj-AL,Maj-NL","ARI,SEA",13,0,1.0,1.0,,13.1,17,10,9,8,14,2,1,6.08,56,5,0,1,2,0,1,1,0,65,220,0.62,0.15,0.11,0.43,0.31,0.1,1.875,0.375,9.5,1.75,686228,2025
Brock Burke,28,366,Maj-AL,LAD,69,1,7.0,1.0,,61.2,58,24,23,18,52,8,3,3.36,228,7,3,4,5,5,4,2,1,257,1014,0.66,0.13,0.11,0.53,0.18,0.04,1.232,0.289,7.6,2.89,656271,2025
Sean Burke,25,365,Maj-AL,CHC,28,22,4.0,11.0,,134.1,131,76,63,63,133,23,6,4.22,522,30,1,0,6,3,16,5,6,596,2376,0.62,0.15,0.11,0.36,0.25,0.07,1.444,0.293,8.9,2.11,680732,2025
Alec Burleson,26,485,Maj-NL,STL,1,0,,,,1.0,1,0,0,0,0,0,1,0.0,3,0,0,0,1,0,0,0,0,4,7,0.57,0.14,0.0,0.33,0.33,0.0,1.0,0.333,0.0,,676475,2025
Corbin Burnes,30,483,Maj-NL,ARI,11,11,3.0,2.0,,64.1,49,23,19,26,63,7,3,2.66,233,13,0,1,5,1,2,1,0,265,1009,0.64,0.17,0.11,0.51,0.25,0.05,1.166,0.256,8.8,2.42,669203,2025
Chase Burns,22,361,Maj-NL,CIN,14,8,,3.0,,45.0,41,25,22,16,68,5,0,4.4,176,12,1,0,1,0,4,1,0,193,778,0.65,0.13,0.16,0.39,0.24,0.08,1.267,0.35,13.6,4.25,695505,2025
Ryan Burr,31,445,Maj-AL,TOR,2,0,1.0,,,2.0,1,0,0,1,3,0,0,0.0,7,0,0,0,0,0,1,0,0,8,34,0.65,0.18,0.26,0.5,0.25,0.0,1.0,0.25,13.5,3.0,621114,2025
Jos\xc3\xa9 Caballero,28,457,Maj-AL,TBR,1,0,,,,1.0,5,6,6,1,0,2,0,54.0,8,3,0,0,0,0,0,0,0,9,28,0.57,0.18,0.0,0.25,0.13,0.0,6.0,0.5,0.0,0.0,676609,2025
Edward Cabrera,27,364,Maj-NL,MIA,26,26,8.0,7.0,,137.2,121,60,54,48,150,17,10,3.53,519,24,0,0,7,3,35,4,0,581,2252,0.63,0.18,0.13,0.47,0.24,0.03,1.228,0.293,9.8,3.13,665795,2025
G\xc3\xa9nesis Cabrera,28,364,"Maj-AL,Maj-NL","CHC,MIN,New York,Pittsburgh",40,0,,1.0,1.0,42.2,46,32,31,18,35,12,2,6.54,165,8,0,1,3,2,6,3,0,187,717,0.63,0.15,0.12,0.39,0.17,0.1,1.5,0.283,7.4,1.94,650893,2025
Noah Cameron,25,366,Maj-AL,KCR,24,24,9.0,7.0,,138.1,109,46,46,43,114,18,3,2.99,509,17,2,1,14,0,2,2,2,556,2165,0.63,0.15,0.12,0.42,0.22,0.09,1.099,0.241,7.4,2.65,702070,2025
Isaiah Campbell,27,407,Maj-AL,BOS,6,0,,,,7.2,13,6,6,1,3,1,1,7.04,33,0,1,0,3,0,2,0,0,35,109,0.73,0.17,0.1,0.63,0.23,0.03,1.826,0.414,3.5,3.0,663462,2025
Jonathan Cannon,24,364,Maj-AL,CHC,22,17,4.0,10.0,,103.2,116,69,67,38,86,19,6,5.82,417,25,4,1,8,4,12,1,2,466,1793,0.63,0.14,0.09,0.38,0.23,0.09,1.486,0.307,7.5,2.26,686563,2025
Yennier Cano,31,366,Maj-AL,BAL,65,0,3.0,7.0,2.0,58.0,62,36,33,24,53,7,3,5.12,218,7,1,1,8,2,12,4,4,251,986,0.63,0.18,0.1,0.56,0.22,0.05,1.483,0.344,8.2,2.21,666974,2025
Joey Cantillo,25,360,Maj-AL,CLE,35,13,5.0,4.0,1.0,98.0,80,40,35,44,111,11,0,3.21,366,18,0,0,6,2,4,2,0,412,1681,0.62,0.19,0.12,0.41,0.26,0.06,1.265,0.28,10.2,2.52,676282,2025
Vinny Capra,28,461,Maj-AL,CHC,3,0,,,,3.0,5,4,2,0,1,1,0,6.0,15,1,0,0,0,0,0,0,0,15,32,0.72,0.19,0.06,0.21,0.29,0.0,1.667,0.308,3.0,,681962,2025
Carlos Carrasco,38,410,"Maj-AL,Maj-NL","ATL,New York",11,9,2.0,2.0,,45.2,61,36,36,17,34,10,0,7.09,193,15,1,0,3,2,4,0,0,212,779,0.61,0.15,0.1,0.36,0.29,0.06,1.708,0.338,6.7,2.0,471911,2025
Ben Casparius,26,387,Maj-NL,LAD,46,3,7.0,5.0,2.0,77.2,78,41,40,21,71,8,3,4.64,307,22,1,0,0,1,8,3,1,333,1262,0.64,0.14,0.12,0.34,0.25,0.1,1.275,0.306,8.2,3.38,676508,2025
Blas Castano,26,487,Maj-AL,SEA,1,0,,,,3.0,4,3,3,2,1,1,1,9.0,13,2,0,0,0,0,1,0,0,16,50,0.62,0.12,0.02,0.25,0.33,0.0,2.0,0.273,3.0,0.5,680604,2025
Jos\xc3\xa9 Castillo,29,366,"Maj-AL,Maj-NL","ARI,BAL,New York,SEA",29,0,2.0,2.0,,32.0,40,18,14,14,30,4,4,3.94,129,7,0,1,4,2,4,2,0,149,543,0.66,0.2,0.1,0.55,0.21,0.01,1.688,0.371,8.4,2.14,620454,2025
Luis Castillo,30,536,Maj-AL,SEA,2,2,,,,7.0,12,7,6,7,5,0,0,7.71,33,3,0,0,1,0,2,0,0,41,168,0.57,0.13,0.08,0.45,0.28,0.03,2.714,0.429,6.4,0.71,622379,2025
Luis Castillo,32,346,Maj-AL,SEA,35,34,12.0,9.0,,189.0,174,79,74,51,167,24,7,3.52,720,35,3,0,15,3,13,5,1,781,3136,0.65,0.14,0.12,0.41,0.23,0.08,1.19,0.282,8.0,3.27,622491,2025
Miguel Castro,30,487,Maj-AL,CHC,6,0,,,,6.0,5,5,5,5,4,1,1,7.5,22,2,0,0,1,0,2,0,0,28,105,0.58,0.2,0.07,0.5,0.17,0.06,1.667,0.235,6.0,0.8,612434,2025
Willi Castro,28,545,Maj-AL,MIN,1,0,,,,1.0,1,0,0,0,0,0,0,0.0,4,0,0,0,0,0,0,0,0,4,12,0.42,0.0,0.0,0.0,0.25,0.25,1.0,0.25,0.0,,650489,2025
Dylan Cease,29,361,Maj-NL,SDP,33,33,8.0,12.0,,171.2,155,91,85,72,220,21,5,4.46,650,38,1,3,8,5,12,4,0,737,3111,0.63,0.14,0.16,0.37,0.24,0.08,1.322,0.324,11.5,3.06,656302,2025
Slade Cecconi,26,360,Maj-AL,CLE,24,24,7.0,7.0,,134.1,127,67,64,33,112,24,3,4.29,515,27,2,1,10,3,3,1,4,555,2111,0.64,0.18,0.1,0.42,0.24,0.06,1.191,0.27,7.5,3.39,677944,2025
Andrew Chafin,35,382,"Maj-AL,Maj-NL","LAD,Washington",42,0,1.0,1.0,,33.2,29,11,9,19,36,2,0,2.41,122,1,0,0,3,1,3,4,3,143,614,0.62,0.16,0.12,0.47,0.24,0.08,1.426,0.318,9.6,1.89,605177,2025
Aroldis Chapman,37,360,Maj-AL,BOS,69,0,5.0,3.0,33.0,63.2,32,9,8,15,90,3,0,1.13,223,5,0,0,2,1,4,0,0,239,958,0.71,0.13,0.19,0.38,0.24,0.1,0.738,0.221,12.7,6.0,547973,2025
Jesse Chavez,41,441,Maj-NL,ATL,4,0,,1.0,,8.0,14,8,8,5,8,4,0,9.0,38,4,0,0,0,0,1,0,0,43,171,0.61,0.19,0.05,0.23,0.27,0.1,2.375,0.385,9.0,1.6,445926,2025
Marc Church,24,534,Maj-AL,TEX,5,0,,,,4.2,4,2,2,6,5,0,0,3.86,16,2,0,0,1,1,1,0,0,23,99,0.52,0.16,0.09,0.42,0.08,0.08,2.143,0.333,9.6,0.83,687847,2025
Aaron Civale,30,358,"Maj-AL,Maj-NL","CHC,MIL",24,18,4.0,9.0,1.0,106.1,99,59,55,33,91,16,7,4.66,407,26,0,1,8,2,1,2,0,450,1802,0.63,0.18,0.08,0.35,0.23,0.1,1.241,0.275,7.7,2.76,650644,2025
Taylor Clarke,32,366,Maj-AL,KCR,51,0,1.0,1.0,1.0,55.1,38,20,20,9,44,8,1,3.25,196,6,1,0,6,0,3,1,4,206,867,0.65,0.17,0.1,0.44,0.22,0.09,0.849,0.208,7.2,4.89,664199,2025
Emmanuel Clase,27,428,Maj-AL,CLE,48,0,5.0,3.0,24.0,47.1,46,20,17,12,47,2,4,3.23,180,8,1,2,1,4,7,1,1,201,746,0.68,0.14,0.16,0.47,0.25,0.07,1.225,0.326,8.9,3.92,661403,2025
Garrett Cleavinger,31,365,Maj-AL,TBR,67,0,2.0,6.0,2.0,61.1,40,17,16,18,82,9,7,2.35,217,5,1,0,3,1,2,3,3,243,877,0.68,0.18,0.17,0.47,0.19,0.06,0.946,0.244,12.0,4.56,664076,2025
Kody Clemens,29,424,Maj-AL,MIN,1,0,,,,1.0,3,2,2,0,0,2,0,18.0,6,0,0,0,0,0,0,0,0,6,20,0.65,0.25,0.0,0.33,0.0,0.0,3.0,0.25,0.0,,665019,2025
Mike Clevinger,34,530,Maj-AL,CHC,8,0,,2.0,,5.2,5,5,5,8,3,0,0,7.94,22,1,0,0,0,1,0,0,0,31,114,0.53,0.09,0.08,0.5,0.15,0.05,2.294,0.25,4.8,0.38,605182,2025
Luis Contreras,29,424,Maj-AL,HOU,9,0,,,,12.0,11,9,9,8,13,2,0,6.75,46,3,0,0,1,0,0,0,0,54,224,0.59,0.15,0.12,0.24,0.24,0.12,1.583,0.29,9.8,1.63,664351,2025
Roansy Contreras,25,375,"Maj-AL,Maj-NL","BAL,Colorado",5,0,,,,12.2,12,8,8,2,6,3,1,5.68,48,1,0,0,1,0,1,1,0,51,197,0.64,0.16,0.09,0.36,0.17,0.14,1.105,0.231,4.3,3.0,672710,2025
Patrick Corbin,35,364,Maj-AL,TEX,31,30,7.0,11.0,,155.1,161,79,76,51,131,21,3,4.4,602,31,2,1,10,4,26,4,2,663,2589,0.62,0.16,0.12,0.41,0.26,0.06,1.365,0.308,7.6,2.57,571578,2025
Jose Corniell,22,364,Maj-AL,TEX,1,0,,1.0,,1.2,3,4,3,1,1,1,0,16.2,8,1,0,0,0,0,1,0,0,9,41,0.71,0.12,0.17,0.43,0.0,0.0,2.4,0.333,5.4,1.0,692030,2025
Nestor Cortes,30,389,Maj-NL,"MIL,SDP",8,8,2.0,4.0,,34.1,36,24,24,20,29,13,2,6.29,134,4,0,0,2,1,2,0,1,157,599,0.61,0.18,0.09,0.33,0.19,0.08,1.631,0.247,7.6,1.45,641482,2025
Tom Cosgrove,29,506,Maj-NL,CHC,2,0,,,,4.0,3,1,1,1,3,0,0,2.25,15,0,0,0,0,0,1,0,0,16,64,0.67,0.11,0.11,0.58,0.17,0.08,1.0,0.25,6.8,3.0,676680,2025
Danny Coulombe,35,364,Maj-AL,"MIN,TEX",55,1,2.0,1.0,2.0,43.0,32,11,11,18,43,3,0,2.3,156,4,0,0,2,1,7,2,1,176,715,0.64,0.14,0.13,0.42,0.24,0.09,1.163,0.261,9.0,2.39,543056,2025
Austin Cox,28,395,Maj-NL,ATL,13,1,,,,21.1,30,21,21,7,22,9,0,8.86,94,7,0,0,0,1,0,0,0,102,427,0.62,0.15,0.08,0.45,0.25,0.01,1.734,0.328,9.3,3.14,680735,2025
Nabil Crismatt,30,367,Maj-NL,ARI,8,5,3.0,,,34.0,40,20,14,9,25,6,1,3.71,142,4,2,0,4,1,5,0,0,153,534,0.67,0.2,0.11,0.46,0.25,0.04,1.441,0.304,6.6,2.78,622503,2025
Cooper Criswell,28,422,Maj-AL,BOS,7,1,1.0,,1.0,17.2,23,10,7,5,9,3,0,3.57,74,2,0,0,1,1,1,1,2,80,276,0.64,0.16,0.07,0.53,0.2,0.06,1.585,0.317,4.6,1.8,681867,2025
Garrett Crochet,26,362,Maj-AL,BOS,33,33,19.0,5.0,,213.0,169,63,60,46,266,25,3,2.54,788,28,2,0,11,1,13,7,0,840,3268,0.67,0.15,0.14,0.49,0.2,0.07,1.009,0.289,11.2,5.78,676979,2025
Omar Cruz,26,540,Maj-NL,SDP,2,0,,,,3.2,4,2,2,3,5,0,0,4.91,15,1,0,0,0,0,0,0,0,18,81,0.51,0.11,0.15,0.3,0.3,0.0,1.909,0.4,12.3,1.67,678316,2025
Steven Cruz,26,364,Maj-AL,KCR,47,0,3.0,1.0,,45.2,36,20,18,18,38,5,1,3.55,169,7,0,1,2,1,0,0,0,189,640,0.65,0.15,0.1,0.4,0.23,0.09,1.182,0.244,7.5,2.11,674444,2025
Xzavion Curry,26,537,Maj-NL,MIA,3,0,,1.0,,3.0,4,4,2,3,1,0,0,6.0,13,0,0,0,1,0,1,0,0,16,56,0.55,0.13,0.02,0.42,0.17,0.08,2.333,0.333,3.0,0.33,675540,2025
John Curtiss,32,364,Maj-NL,ARI,30,0,3.0,2.0,1.0,36.2,29,18,16,5,24,5,0,3.93,135,8,0,0,3,0,0,0,0,141,546,0.65,0.13,0.09,0.3,0.34,0.04,0.927,0.226,5.9,4.8,595928,2025
Luis Curvelo,24,364,Maj-AL,TEX,17,0,1.0,1.0,,19.0,17,13,12,10,20,3,0,5.68,72,6,0,1,0,2,1,0,0,84,327,0.62,0.17,0.09,0.26,0.24,0.13,1.421,0.275,9.5,2.0,681168,2025
Caden Dana,21,365,Maj-AL,LAD,7,5,,4.0,,32.1,30,24,23,18,33,9,1,6.4,117,3,0,0,3,4,7,3,0,141,562,0.59,0.17,0.11,0.42,0.21,0.03,1.485,0.266,9.2,1.83,702674,2025
Davis Daniel,28,432,Maj-NL,ATL,3,2,,1.0,,10.0,9,6,6,7,9,1,1,5.4,36,2,1,0,1,2,5,0,0,46,183,0.6,0.14,0.08,0.34,0.34,0.07,1.6,0.286,8.1,1.29,669721,2025
Michael Darrell-Hicks,27,460,"Maj-AL,Maj-NL","LAD,Pittsburgh",7,0,1.0,,,9.2,10,8,8,4,8,1,1,7.45,36,1,0,0,2,2,2,0,0,43,158,0.6,0.16,0.11,0.37,0.33,0.03,1.448,0.31,7.4,2.0,690382,2025
Yu Darvish,38,360,Maj-NL,SDP,16,16,5.0,6.0,,73.0,70,46,45,19,69,14,7,5.55,275,16,1,0,3,0,10,4,1,303,1180,0.65,0.18,0.1,0.41,0.22,0.1,1.219,0.292,8.5,3.63,506433,2025
Logan Davidson,27,378,Maj-AL,LAD,1,0,,,,1.0,0,0,0,0,1,0,0,0.0,3,0,0,0,0,0,0,0,0,3,14,0.5,0.36,0.0,0.0,0.0,0.5,0.0,0.0,9.0,,669722,2025
Noah Davis,28,388,"Maj-AL,Maj-NL","LAD,MIN",9,0,,2.0,,11.0,22,24,22,6,15,7,7,18.0,52,1,0,0,2,0,1,1,0,65,251,0.59,0.21,0.1,0.38,0.3,0.05,2.545,0.5,12.3,2.5,663562,2025
Brett de Geus,27,486,Maj-NL,PHI,1,0,,,,2.0,1,1,1,3,0,0,0,4.5,7,0,0,0,0,0,0,0,0,10,47,0.53,0.15,0.02,0.71,0.0,0.0,2.0,0.143,0.0,0.0,676969,2025
Jos\xc3\xa9 De Le\xc3\xb3n,32,364,Maj-AL,BOS,1,1,1.0,,,6.2,8,3,3,3,8,1,0,4.05,25,0,0,0,2,0,1,0,0,28,101,0.68,0.16,0.15,0.29,0.24,0.06,1.65,0.438,10.8,2.67,592254,2025
Enyel De Los Santos,29,365,"Maj-AL,Maj-NL","ATL,HOU",65,0,6.0,3.0,,66.0,61,35,32,24,62,7,2,4.36,252,16,1,2,4,1,5,1,2,280,1105,0.66,0.14,0.14,0.33,0.3,0.1,1.288,0.293,8.5,2.58,660853,2025
Jacob deGrom,37,368,Maj-AL,TEX,30,30,12.0,8.0,,172.2,122,57,57,37,185,26,3,2.97,624,19,1,0,4,5,11,6,0,669,2614,0.66,0.15,0.14,0.38,0.22,0.07,0.921,0.23,9.6,5.0,594798,2025
Anthony DeSclafani,35,378,Maj-NL,ARI,13,4,1.0,2.0,2.0,38.2,37,23,22,12,36,11,5,5.12,148,8,0,2,3,3,7,0,0,169,634,0.63,0.16,0.11,0.43,0.21,0.07,1.267,0.25,8.4,3.0,543101,2025
Reid Detmers,25,382,Maj-AL,LAD,61,0,5.0,3.0,3.0,63.2,58,29,28,25,80,6,2,3.96,238,9,0,4,9,1,4,2,0,266,1093,0.67,0.17,0.15,0.45,0.28,0.04,1.304,0.34,11.3,3.2,672282,2025
Alexis D\xc3\xadaz,28,377,Maj-NL,"ATL,CIN,LAD",18,0,1.0,,,17.2,15,17,16,12,17,6,5,8.15,68,3,1,0,0,0,7,1,0,85,361,0.6,0.14,0.1,0.27,0.29,0.14,1.528,0.2,8.7,1.42,664747,2025
Jhonathan D\xc3\xadaz,28,544,Maj-AL,SEA,1,0,,,,1.1,1,0,0,0,1,0,0,0.0,5,0,0,0,0,0,0,0,0,5,26,0.65,0.12,0.08,0.25,0.25,0.25,0.75,0.25,6.8,,646242,2025
Yilber D\xc3\xadaz,24,520,Maj-NL,ARI,1,0,,,,3.0,4,3,3,3,1,0,0,9.0,12,2,0,0,1,0,0,0,0,15,60,0.5,0.12,0.03,0.36,0.36,0.09,2.333,0.364,3.0,0.33,700270,2025
Hunter Dobbins,25,443,Maj-AL,BOS,13,11,4.0,1.0,,61.0,61,30,28,17,45,6,2,4.13,237,14,1,1,7,0,1,1,1,256,931,0.65,0.18,0.09,0.48,0.26,0.06,1.279,0.296,6.6,2.65,690928,2025
Randy Dobnak,30,546,Maj-AL,MIN,1,0,,,,5.1,2,1,1,2,1,1,0,1.69,17,0,0,0,1,0,1,0,0,19,79,0.53,0.14,0.06,0.5,0.19,0.06,0.75,0.067,1.7,0.5,677976,2025
Dylan Dodd,27,366,Maj-NL,ATL,28,0,1.0,,,35.0,28,14,14,5,30,5,1,3.6,128,5,1,0,0,2,1,2,1,136,544,0.67,0.13,0.16,0.52,0.21,0.03,0.943,0.242,7.7,6.0,689266,2025
Seranthony Dom\xc3\xadnguez,30,330,Maj-AL,"BAL,TOR",79,0,6.0,4.0,2.0,74.0,49,34,26,47,89,7,3,3.16,260,8,0,2,6,1,21,4,1,311,1301,0.59,0.15,0.14,0.44,0.21,0.12,1.297,0.255,10.8,1.89,622554,2025
Jack Dreyer,26,334,Maj-NL,LAD,71,5,3.0,2.0,4.0,80.1,59,26,25,27,78,4,1,2.8,292,14,2,6,1,4,5,2,2,327,1218,0.67,0.15,0.13,0.39,0.22,0.1,1.071,0.257,8.7,2.89,676263,2025
Shawn Dubin,29,380,Maj-AL,"BAL,HOU",30,0,2.0,,,33.2,37,19,19,11,28,6,2,5.08,132,6,0,0,2,0,1,1,1,145,551,0.63,0.18,0.08,0.49,0.22,0.09,1.426,0.316,7.5,2.55,681869,2025
Dane Dunning,30,375,"Maj-AL,Maj-NL","ATL,TEX",12,0,,,2.0,20.2,24,17,16,7,21,4,3,6.97,84,5,0,1,1,1,0,0,0,95,372,0.62,0.15,0.11,0.41,0.28,0.06,1.5,0.333,9.1,3.0,641540,2025
Ezequiel Duran,26,386,Maj-AL,TEX,4,0,,,,3.1,1,0,0,0,0,0,0,0.0,11,0,0,0,0,0,0,0,0,11,25,0.68,0.2,0.0,0.36,0.09,0.18,0.3,0.091,0.0,,677649,2025
Jhoan Duran,27,353,"Maj-AL,Maj-NL","MIN,PHI",75,0,7.0,6.0,32.0,73.2,59,19,16,23,87,3,3,1.95,275,9,0,5,3,2,13,1,0,303,1144,0.66,0.13,0.15,0.65,0.18,0.02,1.113,0.299,10.6,3.78,661395,2025
Connelly Early,23,360,Maj-AL,BOS,5,5,1.0,3.0,,23.0,23,10,8,5,35,0,1,3.13,92,3,0,0,1,0,1,1,1,98,401,0.65,0.15,0.15,0.49,0.14,0.05,1.217,0.404,13.7,7.0,813349,2025
Nate Eaton,28,457,Maj-AL,BOS,1,0,,,,1.0,2,0,0,0,0,0,0,0.0,4,1,0,0,1,0,0,0,0,4,14,0.57,0.14,0.0,0.5,0.25,0.0,2.0,0.5,0.0,,681987,2025
Jake Eder,26,431,Maj-AL,LAD,8,0,,1.0,,18.1,15,10,10,9,15,3,1,4.91,67,3,0,1,2,0,0,0,0,78,303,0.62,0.14,0.1,0.32,0.23,0.15,1.309,0.245,7.4,1.67,671109,2025
Carl Edwards Jr.,33,376,Maj-AL,"LAD,TEX",4,0,,,,6.0,4,3,3,3,6,1,0,4.5,20,0,0,0,1,1,1,0,0,24,90,0.63,0.18,0.13,0.4,0.2,0.07,1.167,0.214,9.0,2.0,605218,2025
Zach Eflin,31,426,Maj-AL,BAL,14,14,6.0,5.0,,71.1,88,48,47,13,50,18,2,5.93,289,19,0,0,4,3,2,3,3,309,1127,0.66,0.16,0.09,0.42,0.25,0.04,1.416,0.313,6.3,3.85,621107,2025
Brandon Eisert,27,365,Maj-AL,CHC,72,3,3.0,8.0,2.0,69.2,75,36,34,25,74,12,5,4.39,272,20,2,6,6,3,9,0,1,306,1214,0.61,0.14,0.14,0.4,0.23,0.06,1.435,0.333,9.6,2.96,685126,2025
Bryce Elder,26,368,Maj-NL,ATL,28,28,8.0,11.0,,156.1,167,95,92,51,131,24,6,5.3,616,32,2,1,11,4,17,3,0,679,2514,0.63,0.16,0.09,0.49,0.24,0.02,1.394,0.308,7.5,2.57,693821,2025
Fraser Ellard,27,366,Maj-AL,CHC,18,3,1.0,2.0,,17.0,8,9,8,19,22,1,1,4.24,54,1,0,0,2,0,2,3,1,74,329,0.57,0.15,0.12,0.41,0.31,0.13,1.588,0.226,11.6,1.16,686642,2025
Mason Englert,25,389,Maj-AL,TBR,29,0,,1.0,,44.2,43,20,19,11,44,4,1,3.83,171,4,0,0,5,1,3,0,0,185,725,0.66,0.16,0.12,0.41,0.27,0.07,1.209,0.315,8.9,4.0,669438,2025
Dietrich Enns,34,368,Maj-AL,"BAL,DET",24,3,3.0,3.0,2.0,46.1,50,25,21,15,49,6,0,4.08,183,7,1,4,3,1,5,2,1,200,741,0.69,0.14,0.13,0.43,0.3,0.08,1.403,0.341,9.5,3.27,608650,2025
Nic Enright,28,390,Maj-AL,CLE,27,0,2.0,1.0,1.0,31.0,24,8,7,12,30,3,2,2.03,113,3,0,0,1,0,3,0,1,127,532,0.64,0.12,0.12,0.34,0.25,0.11,1.161,0.263,8.7,2.5,663671,2025
Nathan Eovaldi,35,401,Maj-AL,TEX,22,22,11.0,3.0,,130.0,90,28,25,21,129,10,7,1.73,463,20,1,1,14,2,4,1,1,496,1920,0.67,0.16,0.13,0.51,0.2,0.04,0.854,0.245,8.9,6.14,543135,2025
Lucas Erceg,30,375,Maj-AL,KCR,61,0,8.0,4.0,2.0,61.1,54,19,18,18,48,4,4,2.64,227,9,1,3,7,0,3,0,3,249,964,0.64,0.15,0.11,0.52,0.22,0.07,1.174,0.286,7.0,2.67,668674,2025
Jose Espada,28,372,Maj-AL,BAL,1,0,,,,3.0,1,0,0,0,4,0,0,0.0,9,0,0,0,0,0,0,0,0,9,29,0.72,0.14,0.21,0.4,0.0,0.4,0.333,0.2,12.0,,664744,2025
Carlos Est\xc3\xa9vez,32,365,Maj-AL,KCR,67,0,4.0,5.0,42.0,66.0,48,22,18,22,54,5,4,2.45,241,11,1,6,1,1,0,1,0,269,1043,0.65,0.16,0.08,0.25,0.3,0.15,1.061,0.235,7.4,2.45,608032,2025
Jeremiah Estrada,26,360,Maj-NL,SDP,79,0,4.0,5.0,3.0,75.2,60,32,29,29,110,12,3,3.45,276,9,1,3,3,4,4,0,0,315,1276,0.66,0.14,0.17,0.36,0.23,0.13,1.176,0.304,13.1,3.79,669093,2025
Lazaro Estrada,26,425,Maj-AL,TOR,2,0,,,,7.1,10,7,7,1,10,2,2,8.59,31,2,0,0,0,0,0,0,0,35,119,0.67,0.13,0.15,0.27,0.32,0.05,1.5,0.421,12.3,10.0,681751,2025
Logan Evans,24,365,Maj-AL,SEA,16,15,6.0,5.0,,81.1,82,45,39,31,59,13,4,4.32,313,15,2,1,8,1,4,2,1,350,1338,0.63,0.18,0.08,0.4,0.29,0.06,1.389,0.285,6.5,1.9,688138,2025
Pete Fairbanks,31,365,Maj-AL,TBR,61,0,4.0,5.0,27.0,60.1,45,22,19,18,59,7,1,2.83,224,10,1,0,3,0,8,4,2,244,987,0.67,0.16,0.13,0.46,0.21,0.08,1.044,0.241,8.8,3.28,664126,2025
Bailey Falter,28,401,"Maj-AL,Maj-NL","KCR,Pittsburgh",26,24,7.0,7.0,,125.1,115,68,62,46,81,19,1,4.45,464,27,1,0,16,4,12,4,3,518,1951,0.64,0.17,0.08,0.36,0.24,0.11,1.285,0.261,5.8,1.76,663559,2025
Mitch Farris,24,367,Maj-AL,LAD,5,5,1.0,3.0,,24.1,24,19,18,11,24,4,1,6.66,92,5,2,0,0,3,2,2,2,107,405,0.63,0.14,0.13,0.23,0.38,0.08,1.438,0.299,8.9,2.18,815083,2025
Calvin Faucher,29,364,Maj-NL,MIA,65,0,4.0,4.0,15.0,60.1,53,27,22,24,59,8,3,3.28,225,4,1,0,4,3,4,0,0,255,1055,0.6,0.17,0.09,0.45,0.26,0.06,1.276,0.28,8.8,2.46,676534,2025
Erick Fedde,32,368,Maj-NL,"ATL,MIL,STL",32,24,4.0,13.0,,141.0,147,90,86,67,83,19,3,5.49,546,32,2,1,15,3,30,2,1,623,2369,0.61,0.16,0.07,0.42,0.24,0.08,1.518,0.286,5.3,1.24,607200,2025
Caleb Ferguson,28,347,"Maj-AL,Maj-NL","Pittsburgh,SEA",73,0,5.0,4.0,,68.0,60,32,31,25,53,3,6,4.1,250,12,0,4,4,3,10,1,0,287,1112,0.64,0.16,0.09,0.49,0.28,0.04,1.25,0.289,7.0,2.12,657571,2025
Jos\xc3\xa9 Fermin,23,366,Maj-AL,LAD,40,0,3.0,2.0,,34.1,25,21,17,23,39,8,1,4.46,127,3,0,2,2,1,1,0,0,152,645,0.62,0.17,0.14,0.31,0.17,0.09,1.398,0.21,10.2,1.7,820862,2025
Julian Fern\xc3\xa1ndez,29,365,Maj-NL,"LAD,Washington",4,0,1.0,,,5.0,3,3,3,2,5,2,0,5.4,18,0,0,0,0,0,0,0,0,20,76,0.62,0.12,0.12,0.46,0.15,0.0,1.0,0.091,9.0,2.5,642759,2025
Ryan Fernandez,27,364,Maj-NL,STL,32,0,,4.0,1.0,30.1,36,30,26,16,34,6,1,7.71,123,4,3,2,3,0,2,1,2,140,524,0.63,0.13,0.15,0.46,0.16,0.08,1.714,0.361,10.1,2.13,681676,2025
David Festa,25,433,Maj-AL,MIN,11,10,3.0,4.0,,53.1,49,35,32,19,53,10,4,5.4,204,7,0,0,1,1,5,3,2,229,882,0.64,0.13,0.13,0.37,0.2,0.1,1.275,0.275,8.9,2.79,701581,2025
Matt Festa,32,360,Maj-AL,CLE,64,0,5.0,4.0,,55.1,44,29,25,16,57,4,5,4.07,201,6,1,2,1,3,8,3,2,229,832,0.68,0.16,0.13,0.42,0.28,0.07,1.084,0.28,9.3,3.56,670036,2025
J.P. Feyereisen,32,502,Maj-NL,"ARI,LAD",4,0,,2.0,,4.0,11,7,5,1,4,2,0,11.25,22,3,0,1,1,0,0,1,0,23,81,0.7,0.09,0.12,0.39,0.22,0.0,3.0,0.563,9.0,4.0,656420,2025
Kyle Finnegan,33,352,"Maj-AL,Maj-NL","DET,Washington",62,0,5.0,5.0,24.0,64.1,52,27,25,20,58,4,1,3.5,232,10,3,2,4,3,6,4,0,259,967,0.66,0.16,0.1,0.49,0.22,0.06,1.119,0.277,8.1,2.9,640448,2025
Braydon Fisher,24,335,Maj-AL,TOR,60,1,7.0,,,57.0,41,20,20,23,72,6,3,3.16,205,8,0,2,4,2,6,1,0,234,965,0.65,0.22,0.12,0.35,0.21,0.12,1.123,0.271,11.4,3.13,680755,2025
Richard Fitts,25,398,Maj-AL,BOS,11,10,2.0,4.0,,45.0,43,27,25,16,40,11,3,5.0,171,2,0,0,5,2,3,1,0,195,728,0.66,0.13,0.12,0.43,0.26,0.03,1.311,0.262,8.0,2.5,690916,2025
Ryan Fitzgerald,31,383,Maj-AL,MIN,2,0,,,,2.0,2,0,0,0,0,0,0,0.0,8,0,0,0,0,0,0,0,0,8,24,0.67,0.17,0.04,0.13,0.38,0.13,1.0,0.25,0.0,,680837,2025
Jack Flaherty,29,352,Maj-AL,DET,34,33,8.0,16.0,,171.0,154,90,87,67,200,24,5,4.58,647,33,1,1,13,1,7,4,0,722,3024,0.63,0.18,0.11,0.37,0.26,0.07,1.292,0.307,10.5,2.99,656427,2025
Chris Flexen,30,426,Maj-NL,CHC,21,1,5.0,1.0,1.0,43.2,38,18,15,12,22,7,0,3.09,164,2,0,0,2,2,0,2,0,178,673,0.65,0.15,0.07,0.37,0.28,0.06,1.145,0.226,4.5,1.83,623167,2025
Mason Fluharty,23,331,Maj-AL,TOR,66,0,5.0,2.0,1.0,59.0,45,33,30,27,65,7,2,4.58,215,10,1,5,5,1,0,2,1,246,997,0.63,0.16,0.14,0.4,0.17,0.1,1.22,0.264,9.9,2.41,689254,2025
J.P. France,30,365,Maj-AL,HOU,2,0,1.0,,,4.0,2,1,1,2,5,0,0,2.25,14,1,0,0,0,0,0,0,0,16,76,0.61,0.21,0.11,0.11,0.33,0.0,1.0,0.222,11.3,2.5,641585,2025
Bowden Francis,29,470,Maj-AL,TOR,14,14,2.0,8.0,,64.0,71,46,43,27,54,19,6,6.05,251,5,1,0,4,4,0,0,1,288,1142,0.63,0.16,0.1,0.34,0.24,0.11,1.531,0.286,7.6,2.0,670102,2025
Caleb Freeman,27,480,Maj-AL,CHC,5,0,,,,3.1,5,2,2,1,3,1,0,5.4,14,1,0,0,0,0,1,0,0,16,70,0.71,0.2,0.03,0.33,0.25,0.08,1.8,0.4,8.1,3.0,673965,2025
Didier Fuentes,20,446,Maj-NL,ATL,4,4,,3.0,,13.0,23,20,20,6,12,6,2,13.85,60,2,0,0,1,1,0,1,0,69,293,0.61,0.15,0.1,0.27,0.35,0.06,2.231,0.395,8.3,2.0,800311,2025
Carson Fulmer,31,400,Maj-AL,LAD,13,0,,,,29.1,25,19,19,11,26,5,0,5.83,110,4,1,0,1,1,3,0,0,123,461,0.63,0.16,0.11,0.43,0.16,0.12,1.227,0.25,8.0,2.36,608334,2025
Michael Fulmer,32,459,"Maj-AL,Maj-NL","BOS,CHC",3,0,,,,5.2,6,3,3,2,3,1,0,4.76,21,3,0,0,2,0,0,0,0,23,90,0.63,0.16,0.06,0.22,0.22,0.17,1.412,0.294,4.8,1.5,605242,2025
Kody Funderburk,28,365,Maj-AL,MIN,39,0,4.0,1.0,1.0,41.0,44,17,16,18,40,2,3,3.51,160,9,0,1,3,2,3,0,1,183,726,0.62,0.2,0.09,0.54,0.2,0.04,1.512,0.35,8.8,2.22,681892,2025
Hunter Gaddis,27,360,Maj-AL,CLE,76,0,2.0,2.0,3.0,69.1,63,26,25,22,76,8,2,3.25,260,9,2,3,2,2,6,1,1,289,1100,0.66,0.14,0.15,0.38,0.23,0.08,1.226,0.309,9.9,3.45,683769,2025
Matt Gage,32,368,"Maj-AL,Maj-NL","DET,San Francisco",33,2,,1.0,,31.0,35,11,11,12,27,0,2,3.19,122,7,0,1,4,0,1,1,0,137,531,0.63,0.16,0.08,0.52,0.22,0.08,1.516,0.368,7.8,2.25,657424,2025
Zac Gallen,29,366,Maj-NL,ARI,33,33,13.0,15.0,,192.0,176,109,103,66,175,31,4,4.83,737,37,4,1,13,4,14,3,1,813,3135,0.63,0.18,0.1,0.44,0.22,0.03,1.26,0.271,8.2,2.65,668678,2025
Gerson Garabito,29,538,Maj-AL,TEX,3,0,,,,8.0,15,12,8,1,8,1,2,9.0,38,2,0,0,2,0,1,0,0,41,121,0.7,0.23,0.13,0.43,0.37,0.0,2.0,0.483,9.0,8.0,642520,2025
Brandyn Garcia,25,364,"Maj-AL,Maj-NL","ARI,SEA",14,0,,2.0,,14.1,18,12,9,8,14,0,1,5.65,57,3,0,0,3,0,1,1,0,66,277,0.61,0.17,0.09,0.51,0.3,0.0,1.814,0.419,8.8,1.75,805299,2025
Luis Garcia,38,368,"Maj-AL,Maj-NL","LAD,Washington",58,0,2.0,2.0,2.0,55.1,55,23,21,26,48,2,0,3.42,203,15,2,5,14,2,4,1,0,233,897,0.64,0.15,0.11,0.5,0.29,0.03,1.464,0.342,7.8,1.85,472610,2025
Luis Garcia,28,383,Maj-AL,HOU,2,2,1.0,,,7.2,3,3,3,1,7,2,1,3.52,26,0,0,0,0,0,0,0,0,28,110,0.62,0.14,0.11,0.26,0.16,0.32,0.522,0.059,8.2,7.0,677651,2025
Rico Garcia,31,364,"Maj-AL,Maj-NL","BAL,New York",29,1,,2.0,,34.1,31,12,12,10,38,5,0,3.15,131,3,1,1,2,1,1,0,0,142,587,0.66,0.15,0.14,0.48,0.19,0.09,1.194,0.292,10.0,3.8,670329,2025
Robert Garcia,29,365,Maj-AL,TEX,71,0,4.0,8.0,9.0,64.0,58,26,21,22,68,8,1,2.95,242,8,0,2,5,1,3,2,3,269,970,0.69,0.18,0.14,0.4,0.25,0.03,1.25,0.299,9.6,3.09,676395,2025
Yimi Garc\xc3\xada,34,452,Maj-AL,TOR,22,0,1.0,2.0,3.0,21.0,13,10,9,12,25,2,1,3.86,76,1,0,1,0,0,2,1,0,90,359,0.63,0.18,0.13,0.44,0.27,0.06,1.19,0.224,10.7,2.08,554340,2025
Robert Gasser,26,348,Maj-NL,MIL,4,2,,2.0,,8.1,11,8,4,6,7,3,3,4.32,37,2,0,1,0,0,0,0,0,46,162,0.59,0.16,0.1,0.33,0.2,0.17,2.04,0.296,7.6,1.17,688107,2025
Kevin Gausman,34,331,Maj-AL,TOR,38,37,12.0,14.0,,223.2,172,89,87,61,215,25,3,3.5,823,39,2,4,9,3,18,3,2,893,3466,0.67,0.16,0.13,0.37,0.25,0.08,1.042,0.251,8.7,3.52,592332,2025
Joey Gerber,28,376,Maj-AL,TBR,2,0,,,,4.1,3,1,1,0,4,1,0,2.08,15,0,0,0,1,0,0,0,0,15,64,0.67,0.17,0.08,0.45,0.27,0.0,0.692,0.2,8.3,,680702,2025
Paul Gervase,25,403,"Maj-AL,Maj-NL","LAD,TBR",6,0,,,,8.1,8,4,4,6,8,3,0,4.32,33,1,0,0,0,0,0,0,0,39,136,0.61,0.16,0.14,0.2,0.24,0.04,1.68,0.227,8.6,1.33,801434,2025
Ian Gibaut,31,456,Maj-NL,CIN,25,0,,1.0,,25.1,26,13,13,8,15,3,0,4.62,100,6,0,0,0,1,2,1,2,109,388,0.64,0.16,0.07,0.37,0.22,0.13,1.342,0.277,5.3,1.88,664139,2025
Cade Gibson,27,364,Maj-NL,MIA,44,1,4.0,5.0,,54.2,44,18,16,21,43,3,6,2.63,201,9,1,3,3,1,2,1,1,230,908,0.62,0.2,0.09,0.52,0.26,0.04,1.189,0.263,7.1,2.05,806188,2025
Kyle Gibson,37,498,Maj-AL,BAL,4,4,,3.0,,12.1,29,23,23,7,10,7,0,16.78,64,6,2,0,0,2,0,0,0,73,280,0.59,0.14,0.09,0.48,0.21,0.0,2.919,0.449,7.3,1.43,502043,2025
Logan Gilbert,28,343,Maj-AL,SEA,29,28,7.0,7.0,,146.0,123,62,57,34,187,22,8,3.51,558,22,2,1,1,1,10,2,1,604,2408,0.66,0.15,0.15,0.41,0.24,0.07,1.075,0.289,11.5,5.5,669302,2025
Tyler Gilbert,31,365,Maj-AL,CHC,46,5,4.0,2.0,1.0,51.0,40,24,22,24,49,5,2,3.88,186,11,0,3,3,1,8,2,2,215,838,0.63,0.16,0.11,0.34,0.23,0.08,1.255,0.263,8.6,2.04,656457,2025
Logan Gillaspie,28,519,Maj-NL,SDP,3,0,,,,7.0,7,2,2,4,4,1,1,2.57,26,0,0,0,1,0,0,0,0,31,111,0.63,0.14,0.08,0.5,0.27,0.0,1.571,0.286,5.1,1.0,670810,2025
Connor Gillispie,27,519,Maj-NL,MIA,6,6,,3.0,,26.0,32,26,25,11,23,6,1,8.65,109,11,0,0,0,2,6,1,0,123,471,0.63,0.18,0.09,0.39,0.23,0.11,1.654,0.317,8.0,2.09,687362,2025
Kevin Ginkel,31,421,Maj-NL,ARI,29,0,1.0,4.0,3.0,25.2,29,22,21,13,29,2,2,7.36,102,7,0,0,2,4,1,0,0,121,491,0.61,0.14,0.13,0.47,0.18,0.06,1.636,0.36,10.2,2.23,656464,2025
Lucas Giolito,30,369,Maj-AL,BOS,26,26,10.0,4.0,,145.0,131,62,55,56,121,17,1,3.41,547,22,1,0,8,5,12,5,1,613,2369,0.64,0.16,0.1,0.39,0.24,0.1,1.29,0.275,7.5,2.16,608337,2025
Sawyer Gipson-Long,27,381,Maj-AL,DET,8,3,,2.0,,31.1,34,26,25,6,26,8,2,7.18,121,9,0,0,2,4,6,2,1,133,463,0.68,0.16,0.12,0.4,0.23,0.07,1.277,0.286,7.5,4.33,687830,2025
Tyler Glasnow,31,330,Maj-NL,LAD,24,21,4.0,3.0,1.0,111.2,71,39,36,54,131,11,3,2.9,392,14,1,0,8,5,14,0,2,454,1821,0.61,0.18,0.12,0.44,0.25,0.05,1.119,0.235,10.6,2.43,607192,2025
Yoendrys G\xc3\xb3mez,25,366,"Maj-AL,Maj-NL","CHC,LAD,New York",21,9,3.0,3.0,1.0,62.2,60,40,36,27,58,12,4,5.17,243,9,1,0,4,2,6,1,0,277,1100,0.63,0.16,0.1,0.37,0.22,0.08,1.388,0.274,8.3,2.15,672782,2025
Tony Gonsolin,31,480,Maj-NL,LAD,7,7,3.0,2.0,,36.0,33,21,20,18,38,9,3,5.0,135,3,0,0,3,0,2,1,0,157,609,0.61,0.18,0.12,0.41,0.2,0.07,1.417,0.273,9.5,2.11,664062,2025
Wikelman Gonz\xc3\xa1lez,23,372,Maj-AL,CHC,16,0,1.0,,,20.1,13,9,6,12,25,1,0,2.66,73,4,0,0,1,1,2,0,0,87,369,0.6,0.17,0.12,0.32,0.32,0.12,1.23,0.25,11.1,2.08,682790,2025
Colton Gordon,26,364,Maj-AL,HOU,20,14,6.0,4.0,1.0,86.0,103,54,51,19,72,21,2,5.34,352,23,1,2,3,4,3,0,0,379,1451,0.67,0.17,0.08,0.33,0.29,0.09,1.419,0.312,7.5,3.79,676467,2025
Gordon Graceffo,25,366,Maj-NL,STL,26,0,3.0,1.0,1.0,43.0,50,33,30,13,40,2,2,6.28,175,14,5,0,2,3,2,1,0,193,756,0.64,0.16,0.1,0.46,0.28,0.06,1.465,0.353,8.4,3.08,700669,2025
Andre Granillo,25,387,Maj-NL,STL,14,0,1.0,,1.0,21.0,22,11,11,7,18,3,1,4.71,79,3,2,0,1,3,1,1,0,91,361,0.64,0.14,0.15,0.29,0.29,0.17,1.381,0.311,7.7,2.57,701552,2025
Kendall Graveman,34,413,Maj-NL,ARI,19,0,1.0,,,17.2,23,14,14,12,9,2,1,7.13,69,9,1,0,4,0,4,2,0,82,324,0.56,0.13,0.11,0.43,0.33,0.07,1.981,0.362,4.6,0.75,608665,2025
Jon Gray,33,407,Maj-AL,TEX,6,0,1.0,1.0,,14.0,15,12,12,6,12,5,0,7.71,57,3,0,0,0,0,2,0,0,63,210,0.64,0.14,0.1,0.18,0.33,0.11,1.5,0.25,7.7,2.0,592351,2025
Sonny Gray,35,368,Maj-NL,STL,32,32,14.0,8.0,,180.2,185,93,86,38,201,25,3,4.28,705,31,4,0,9,3,11,10,4,753,2720,0.66,0.19,0.12,0.45,0.24,0.07,1.234,0.332,10.0,5.29,543243,2025
Chad Green,34,425,Maj-AL,TOR,45,0,3.0,2.0,1.0,43.2,51,28,27,13,35,14,2,5.56,175,6,0,2,1,0,4,6,1,190,710,0.64,0.13,0.1,0.34,0.2,0.11,1.466,0.294,7.2,2.69,643338,2025
Hunter Greene,25,362,Maj-NL,CIN,20,20,7.0,5.0,,110.2,81,40,38,28,136,18,2,3.09,405,22,1,0,2,0,9,3,2,437,1813,0.68,0.15,0.15,0.34,0.23,0.11,0.985,0.251,11.1,4.86,668881,2025
Sean Guenther,29,493,Maj-AL,DET,9,1,,1.0,,10.1,10,7,6,5,8,0,0,5.23,38,2,0,0,3,0,0,1,0,43,154,0.64,0.22,0.08,0.4,0.3,0.1,1.452,0.333,7.0,1.6,674944,2025
Luis Guerrero,24,457,Maj-AL,BOS,13,0,,1.0,,17.1,9,8,8,14,10,0,0,4.15,57,3,0,0,2,1,3,1,0,72,289,0.57,0.13,0.12,0.46,0.25,0.04,1.327,0.188,5.2,0.71,692285,2025
Ryan Gusto,26,396,"Maj-AL,Maj-NL","HOU,MIA",27,17,7.0,7.0,,101.2,114,67,64,36,97,17,5,5.67,407,21,1,0,10,4,8,1,0,453,1761,0.65,0.16,0.11,0.37,0.24,0.1,1.475,0.327,8.6,2.69,687473,2025
Josh Hader,31,415,Maj-AL,HOU,48,0,6.0,2.0,28.0,52.2,29,16,12,16,76,8,2,2.05,184,10,0,1,0,1,4,0,0,206,847,0.68,0.13,0.21,0.23,0.23,0.2,0.854,0.208,13.0,4.75,623352,2025
Jesse Hahn,35,493,Maj-AL,SEA,3,0,,1.0,,5.0,6,4,3,5,3,1,1,5.4,18,0,0,3,2,0,0,0,0,25,79,0.56,0.16,0.1,0.75,0.19,0.0,2.2,0.357,5.4,0.6,534910,2025
DL Hall,26,364,Maj-NL,MIL,20,3,1.0,,,38.2,24,15,15,17,27,2,0,3.49,138,6,1,0,2,0,0,0,0,155,588,0.61,0.16,0.09,0.37,0.3,0.05,1.06,0.202,6.3,1.59,669084,2025
Garrett Hampson,30,459,Maj-NL,STL,1,0,,,,1.0,0,0,0,0,0,0,0,0.0,3,0,0,0,0,0,0,0,0,3,3,1.0,0.0,0.0,0.67,0.33,0.0,0.0,0.0,0.0,,641658,2025
Emerson Hancock,26,346,Maj-AL,SEA,24,16,4.0,5.0,,94.0,95,53,51,36,67,15,5,4.88,358,16,0,0,10,2,4,5,1,403,1498,0.64,0.15,0.09,0.44,0.25,0.06,1.394,0.288,6.4,1.86,676106,2025
Brenan Hanifee,27,355,Maj-AL,DET,55,0,3.0,3.0,,61.0,67,33,22,14,40,4,2,3.25,248,15,2,2,7,1,5,1,1,265,958,0.64,0.18,0.06,0.55,0.23,0.04,1.328,0.307,5.9,2.86,669724,2025
Hayden Harris,26,385,Maj-NL,ATL,3,0,,,,2.2,3,1,1,2,0,0,0,3.38,10,1,0,0,1,0,0,0,0,12,50,0.66,0.12,0.02,0.4,0.3,0.0,1.875,0.3,0.0,0.0,802686,2025
Kyle Harrison,23,366,"Maj-AL,Maj-NL","BOS,San Francisco",11,6,1.0,1.0,,35.2,35,16,16,14,38,4,1,4.04,141,8,1,1,0,0,2,1,0,156,588,0.66,0.16,0.12,0.4,0.29,0.05,1.374,0.313,9.6,2.71,690986,2025
Kyle Hart,32,366,Maj-NL,SDP,20,6,3.0,3.0,,43.0,38,28,28,13,37,9,2,5.86,163,8,0,0,1,1,1,1,0,179,691,0.64,0.2,0.09,0.33,0.21,0.07,1.186,0.246,7.7,2.85,606996,2025
Geoff Hartlieb,31,429,Maj-AL,"DET,New York",4,0,,,,3.1,8,8,8,6,5,2,0,21.6,18,2,0,0,0,0,0,0,0,24,109,0.55,0.15,0.1,0.31,0.38,0.08,4.2,0.545,13.5,0.83,664129,2025
Hunter Harvey,30,414,Maj-AL,KCR,12,0,1.0,,,10.2,6,0,0,1,11,0,0,0.0,38,0,0,0,0,0,0,0,0,39,167,0.65,0.14,0.14,0.44,0.3,0.11,0.656,0.222,9.3,11.0,640451,2025
Thomas Hatch,30,372,Maj-AL,"KCR,MIN",12,1,2.0,1.0,,34.0,40,23,22,17,22,7,0,5.82,135,7,0,2,6,0,5,1,1,152,586,0.6,0.11,0.09,0.44,0.19,0.07,1.676,0.311,5.8,1.29,641672,2025
Andrew Heaney,34,365,Maj-NL,"LAD,Pittsburgh",27,23,5.0,10.0,,122.1,129,77,75,40,86,25,9,5.52,479,34,1,0,7,4,7,1,0,536,2082,0.64,0.16,0.08,0.38,0.28,0.06,1.381,0.28,6.3,2.15,571760,2025
Austin Hedges,32,398,Maj-AL,CLE,3,0,,,,3.0,6,2,2,1,1,0,0,6.0,14,2,0,0,0,1,0,0,0,16,56,0.63,0.23,0.0,0.36,0.5,0.0,2.333,0.429,3.0,1.0,595978,2025
Tyler Heineman,34,373,Maj-AL,TOR,3,0,,,,3.1,15,12,12,0,0,1,2,32.4,24,2,0,0,0,1,0,0,0,27,58,0.76,0.19,0.0,0.4,0.32,0.0,4.5,0.583,0.0,,623168,2025
Ryan Helsley,30,364,Maj-NL,"New York,STL",58,0,3.0,4.0,21.0,56.0,61,32,28,25,63,8,1,4.5,222,12,0,3,1,3,6,2,1,252,979,0.68,0.15,0.15,0.45,0.26,0.05,1.536,0.344,10.1,2.52,664854,2025
Logan Henderson,23,420,Maj-NL,MIL,5,5,3.0,,,25.1,17,5,5,8,33,3,0,1.78,91,1,0,0,1,0,1,0,0,99,410,0.68,0.13,0.12,0.22,0.28,0.16,0.987,0.255,11.7,4.13,701656,2025
Kyle Hendricks,35,366,Maj-AL,LAD,31,31,8.0,10.0,,164.2,167,92,87,43,114,25,5,4.76,638,37,3,3,16,6,24,2,1,695,2574,0.67,0.19,0.08,0.39,0.23,0.09,1.275,0.281,6.2,2.65,543294,2025
Liam Hendriks,36,488,Maj-AL,BOS,14,0,,2.0,,13.2,12,11,10,7,12,2,1,6.59,51,0,0,0,2,0,2,0,1,59,232,0.62,0.15,0.13,0.28,0.28,0.1,1.39,0.27,7.9,1.71,521230,2025
Edgardo Henriquez,23,333,Maj-NL,LAD,25,0,2.0,1.0,1.0,21.0,19,6,6,9,20,2,1,2.57,80,3,0,0,0,1,1,1,0,91,342,0.62,0.12,0.13,0.48,0.2,0.08,1.333,0.288,8.6,2.22,683618,2025
Ronny Henriquez,25,364,Maj-NL,MIA,69,0,7.0,1.0,7.0,73.0,53,23,18,27,98,8,4,2.22,267,12,0,2,1,4,17,0,0,303,1158,0.65,0.16,0.17,0.41,0.17,0.09,1.096,0.273,12.1,3.63,678692,2025
Tommy Henry,27,479,Maj-NL,ARI,2,0,,,,6.2,6,3,3,1,8,3,1,4.05,23,0,0,0,1,0,0,1,1,26,107,0.65,0.17,0.11,0.63,0.19,0.0,1.05,0.25,10.8,8.0,674072,2025
Kevin Herget,34,366,Maj-NL,"ATL,New York",7,0,,,,13.0,12,5,4,5,6,0,0,2.77,50,4,0,0,1,1,0,0,0,56,216,0.63,0.15,0.05,0.33,0.24,0.04,1.308,0.267,4.2,1.2,643361,2025
Carlos Hern\xc3\xa1ndez,28,407,"Maj-AL,Maj-NL","CLE,DET,PHI",41,0,1.0,,,43.1,50,32,30,22,39,4,2,6.23,175,8,0,1,1,2,9,1,0,203,759,0.65,0.15,0.13,0.34,0.23,0.09,1.662,0.343,8.1,1.77,672578,2025
Daysbel Hern\xc3\xa1ndez,28,386,Maj-NL,ATL,39,0,4.0,3.0,,37.0,27,16,14,30,33,3,2,3.41,131,5,0,1,5,0,4,1,1,164,717,0.58,0.15,0.11,0.45,0.2,0.06,1.541,0.253,8.0,1.1,678226,2025
Enrique Hern\xc3\xa1ndez,33,462,Maj-NL,LAD,5,0,,,,5.1,11,11,9,8,1,1,0,15.19,28,2,0,0,0,1,0,0,0,37,125,0.5,0.16,0.04,0.43,0.29,0.04,3.563,0.37,1.7,0.13,571771,2025
Nick Hernandez,30,367,Maj-AL,HOU,10,0,,,,10.2,12,6,6,8,11,3,0,5.06,44,5,0,0,0,0,0,0,0,52,221,0.58,0.13,0.14,0.24,0.18,0.06,1.875,0.3,9.3,1.38,663321,2025
Jos\xc3\xa9 Herrera,28,425,Maj-NL,ARI,2,0,,,,2.0,4,1,1,0,0,0,0,4.5,10,1,0,0,0,0,0,0,0,10,27,0.56,0.15,0.0,0.5,0.4,0.1,2.0,0.4,0.0,,645444,2025
Tim Herrin,28,360,Maj-AL,CLE,56,0,5.0,4.0,,44.0,38,23,23,30,48,5,6,4.7,160,9,0,2,6,3,6,1,0,199,776,0.6,0.18,0.12,0.42,0.21,0.09,1.545,0.3,9.8,1.6,682120,2025
Codi Heuer,28,411,Maj-AL,"DET,TEX",3,0,,,,4.2,4,3,3,2,5,3,0,5.79,19,0,0,0,0,0,0,0,0,21,87,0.63,0.13,0.16,0.5,0.07,0.07,1.286,0.091,9.6,2.5,676051,2025
Jordan Hicks,28,389,"Maj-AL,Maj-NL","BOS,San Francisco",34,9,2.0,7.0,2.0,67.1,80,56,52,32,58,6,8,6.95,269,15,3,1,6,1,3,1,1,314,1199,0.62,0.19,0.09,0.57,0.22,0.04,1.663,0.359,7.8,1.81,663855,2025
Rich Hill,45,426,Maj-AL,KCR,2,2,,2.0,,9.0,9,7,5,8,4,2,0,5.0,35,1,0,0,0,0,4,1,1,43,171,0.58,0.19,0.08,0.48,0.16,0.06,1.889,0.241,4.0,0.5,448179,2025
Yaramil Hiraldo,29,365,Maj-AL,BAL,18,0,,,,19.2,17,13,10,9,21,4,0,4.58,74,3,0,0,1,0,2,0,1,84,314,0.64,0.09,0.2,0.41,0.19,0.17,1.322,0.265,9.6,2.33,682274,2025
Porter Hodge,24,373,Maj-NL,CHC,36,0,2.0,2.0,2.0,33.0,34,24,23,18,40,9,0,6.27,127,4,2,1,4,2,1,0,0,147,625,0.63,0.17,0.12,0.38,0.26,0.04,1.576,0.313,10.9,2.22,687863,2025
Bryan Hoeing,28,434,Maj-NL,SDP,7,0,1.0,,,8.0,9,3,3,3,5,0,0,3.38,32,2,1,0,1,1,1,0,0,36,131,0.61,0.13,0.06,0.61,0.14,0.04,1.5,0.321,5.6,1.67,663773,2025
Jeff Hoffman,32,330,Maj-AL,TOR,81,0,9.0,7.0,35.0,80.1,60,36,35,31,102,16,6,3.92,295,15,0,3,1,1,7,3,1,335,1335,0.65,0.15,0.15,0.39,0.21,0.12,1.133,0.247,11.4,3.29,656546,2025
Nolan Hoffman,27,405,Maj-NL,PHI,1,0,,,,1.0,3,3,3,1,2,0,0,27.0,6,2,0,0,0,0,0,0,0,7,26,0.62,0.15,0.08,0.5,0.5,0.0,4.0,0.75,18.0,2.0,676510,2025
Andrew Hoffmann,25,365,"Maj-AL,Maj-NL","ARI,KCR",11,0,1.0,1.0,,12.0,14,12,8,10,12,2,0,6.0,51,5,0,0,1,0,1,0,0,61,245,0.59,0.12,0.13,0.33,0.21,0.03,2.0,0.324,9.0,1.2,694851,2025
Gavin Hollowell,27,405,Maj-NL,CHC,7,0,,,,9.1,9,5,5,7,10,1,0,4.82,36,1,0,0,1,0,2,0,0,43,172,0.62,0.19,0.11,0.42,0.35,0.04,1.714,0.32,9.6,1.43,668970,2025
Grant Holmes,29,428,Maj-NL,ATL,22,21,4.0,9.0,,114.2,100,52,51,54,123,16,7,4.0,426,15,1,1,11,4,2,0,1,492,1964,0.63,0.15,0.13,0.46,0.23,0.04,1.343,0.289,9.7,2.28,656550,2025
Tyler Holton,29,352,Maj-AL,DET,75,6,6.0,5.0,,83.1,70,35,33,18,66,15,0,3.56,304,7,0,1,10,4,3,0,0,330,1225,0.65,0.18,0.1,0.49,0.23,0.06,1.056,0.242,7.1,3.67,663947,2025
Bailey Horn,27,375,Maj-AL,DET,10,0,,1.0,,11.1,11,2,2,7,10,1,0,1.59,43,1,0,0,1,0,0,0,0,50,224,0.63,0.14,0.09,0.42,0.42,0.06,1.588,0.313,7.9,1.43,690544,2025
Cade Horton,23,369,Maj-NL,CHC,23,22,11.0,4.0,,118.0,95,40,35,33,97,10,6,2.67,433,17,1,0,5,3,8,7,3,476,1788,0.66,0.17,0.11,0.43,0.21,0.07,1.085,0.258,7.4,2.94,690990,2025
Tanner Houck,29,503,Maj-AL,BOS,9,9,,3.0,,43.2,57,41,39,17,32,10,5,8.04,179,8,0,0,5,2,6,1,0,203,749,0.63,0.18,0.09,0.49,0.26,0.03,1.695,0.338,6.6,1.88,656557,2025
Adrian Houser,32,366,Maj-AL,"CHC,TBR",21,21,8.0,5.0,,125.0,122,49,46,38,92,10,8,3.31,467,20,4,0,18,4,7,2,6,518,1892,0.65,0.16,0.08,0.49,0.24,0.07,1.28,0.304,6.6,2.42,605288,2025
Bryan Hudson,28,390,"Maj-AL,Maj-NL","CHC,MIL",16,0,,1.0,,15.0,15,10,8,13,19,2,2,4.8,59,4,0,2,1,0,4,0,1,75,318,0.58,0.2,0.09,0.44,0.27,0.05,1.867,0.342,11.4,1.46,663542,2025
Cooper Hummel,30,429,Maj-AL,HOU,1,0,,,,1.0,5,4,4,0,0,1,1,36.0,8,1,0,0,0,0,0,0,0,9,17,0.76,0.24,0.06,0.25,0.63,0.0,5.0,0.571,0.0,,669450,2025
Brant Hurter,26,355,Maj-AL,DET,47,4,4.0,3.0,2.0,66.2,59,28,19,27,69,6,11,2.57,249,8,0,3,8,1,9,3,2,290,1088,0.64,0.19,0.11,0.5,0.23,0.06,1.29,0.303,9.3,2.56,676428,2025
Raisel Iglesias,35,364,Maj-NL,ATL,70,0,4.0,6.0,29.0,67.1,51,25,24,16,73,8,2,3.21,247,12,0,2,3,1,5,1,0,266,961,0.7,0.18,0.15,0.32,0.25,0.1,0.995,0.257,9.8,4.56,628452,2025
Shota Imanaga,31,356,Maj-NL,CHC,27,26,9.0,9.0,,151.1,125,68,66,28,123,34,1,3.93,564,21,1,0,6,2,2,3,5,597,2289,0.68,0.14,0.12,0.3,0.2,0.11,1.011,0.222,7.3,4.39,684007,2025
Alex Jackson,29,392,Maj-AL,BAL,1,0,,,,1.0,3,3,3,2,0,0,0,27.0,5,2,0,0,0,1,0,0,0,8,24,0.46,0.08,0.04,0.17,0.67,0.0,5.0,0.5,0.0,0.0,656577,2025
Luke Jackson,33,347,Maj-AL,"DET,SEA,TEX",54,0,2.0,5.0,9.0,54.0,44,31,24,28,39,5,3,4.0,194,5,0,5,6,3,6,0,0,231,817,0.63,0.16,0.1,0.52,0.22,0.04,1.333,0.255,6.5,1.39,592426,2025
Alek Jacob,27,384,Maj-NL,SDP,29,0,1.0,,,33.1,36,20,19,14,23,6,6,5.13,131,7,0,0,3,2,5,1,0,153,586,0.64,0.18,0.09,0.38,0.22,0.12,1.5,0.288,6.2,1.64,689690,2025
Drey Jameson,27,519,Maj-NL,ARI,3,0,,1.0,1.0,3.0,4,2,1,3,0,0,0,3.0,10,2,0,0,1,0,0,0,0,13,53,0.51,0.13,0.06,0.4,0.5,0.0,2.333,0.4,0.0,0.0,686753,2025
Kenley Jansen,37,366,Maj-AL,LAD,61,0,5.0,4.0,29.0,59.0,37,18,17,19,57,8,1,2.59,212,5,1,2,3,1,13,0,1,234,865,0.7,0.14,0.12,0.29,0.17,0.11,0.949,0.196,8.7,3.0,445276,2025
Bryce Jarvis,27,364,Maj-NL,ARI,12,0,,,1.0,22.0,23,14,14,10,21,3,1,5.73,86,8,0,0,1,1,1,1,0,98,409,0.59,0.19,0.07,0.33,0.26,0.15,1.5,0.317,8.6,2.1,686826,2025
Cristian Javier,28,369,Maj-AL,HOU,8,8,2.0,4.0,,37.0,32,22,19,15,34,3,1,4.62,139,7,1,0,0,2,6,4,2,157,617,0.62,0.17,0.09,0.32,0.19,0.18,1.27,0.279,8.3,2.27,664299,2025
Griffin Jax,30,365,Maj-AL,"MIN,TBR",73,2,1.0,7.0,,66.0,64,33,31,21,99,7,1,4.23,257,12,1,3,4,1,6,0,1,283,1093,0.68,0.17,0.18,0.47,0.29,0.04,1.288,0.375,13.5,4.71,643377,2025
Jackson Jobe,22,487,Maj-AL,DET,10,10,4.0,1.0,,49.0,46,24,23,27,39,7,2,4.22,185,9,1,0,2,2,5,1,1,218,877,0.61,0.17,0.1,0.44,0.21,0.07,1.49,0.277,7.2,1.44,695549,2025
Pierce Johnson,34,366,Maj-NL,ATL,65,0,3.0,3.0,1.0,59.0,52,21,20,19,59,8,1,3.05,215,8,1,2,4,3,8,2,3,238,968,0.65,0.21,0.1,0.35,0.26,0.08,1.203,0.291,9.0,3.11,572955,2025
Ryan Johnson,22,507,Maj-AL,LAD,14,0,1.0,1.0,1.0,14.2,24,15,12,5,16,4,0,7.36,66,1,0,1,1,1,0,0,0,72,273,0.64,0.17,0.12,0.49,0.16,0.06,1.977,0.426,9.8,3.2,696270,2025
Seth Johnson,26,419,Maj-NL,PHI,10,0,1.0,1.0,,12.2,11,8,6,4,17,3,0,4.26,50,3,0,0,0,0,1,0,0,54,214,0.69,0.15,0.13,0.48,0.24,0.06,1.184,0.267,12.1,4.25,686751,2025
Ben Joyce,24,537,Maj-AL,LAD,5,0,1.0,,,4.1,5,4,3,1,1,1,0,6.23,19,1,1,0,0,0,0,0,0,20,69,0.65,0.07,0.13,0.39,0.28,0.06,1.385,0.235,2.1,1.0,690829,2025
Jakob Junis,32,360,Maj-AL,CLE,59,0,4.0,1.0,,68.1,64,24,22,19,55,5,4,2.9,254,11,2,2,6,2,5,3,0,280,1054,0.65,0.2,0.09,0.43,0.25,0.06,1.215,0.301,7.2,2.89,596001,2025
Janson Junk,29,367,Maj-NL,MIA,21,16,6.0,4.0,1.0,110.0,112,54,51,13,77,8,4,4.17,421,29,1,0,10,8,12,2,1,447,1622,0.68,0.16,0.09,0.41,0.27,0.07,1.136,0.302,6.3,5.92,676083,2025
Tommy Kahnle,35,352,Maj-AL,DET,70,0,1.0,6.0,9.0,65.1,56,35,32,33,52,8,2,4.41,247,9,2,1,6,0,0,0,0,282,1086,0.61,0.17,0.1,0.47,0.22,0.08,1.362,0.257,7.2,1.58,592454,2025
Niko Kavadas,26,396,Maj-AL,LAD,1,0,,,,1.2,3,0,0,1,1,0,0,0.0,8,0,0,0,0,0,0,0,0,9,25,0.68,0.12,0.0,0.43,0.43,0.14,2.4,0.429,5.4,1.0,694359,2025
Brad Keller,29,351,Maj-NL,CHC,73,1,4.0,2.0,5.0,75.1,47,19,17,24,80,5,8,2.03,265,4,0,0,9,0,0,0,0,298,1205,0.63,0.18,0.11,0.56,0.18,0.07,0.942,0.233,9.6,3.33,641745,2025
Casey Kelly,35,415,Maj-NL,ARI,2,0,,,,1.2,1,0,0,1,0,0,0,0.0,5,0,0,0,1,0,0,0,0,6,24,0.54,0.13,0.08,0.4,0.2,0.0,1.2,0.2,0.0,0.0,543391,2025
Kevin Kelly,27,364,Maj-AL,TBR,41,0,2.0,5.0,,39.2,45,29,26,9,35,11,0,5.9,160,7,2,1,3,2,4,1,0,171,588,0.65,0.18,0.1,0.44,0.27,0.05,1.361,0.293,7.9,3.89,687330,2025
Merrill Kelly,36,371,"Maj-AL,Maj-NL","ARI,TEX",32,32,12.0,9.0,,184.0,157,79,72,48,167,23,2,3.52,696,35,3,0,10,1,14,2,5,748,2833,0.66,0.16,0.11,0.44,0.23,0.08,1.114,0.264,8.2,3.48,518876,2025
Zack Kelly,30,361,Maj-AL,BOS,29,0,1.0,3.0,,35.2,35,21,18,12,36,3,3,4.54,135,9,0,1,3,1,2,0,0,153,594,0.66,0.16,0.1,0.43,0.25,0.07,1.318,0.33,9.1,3.0,677161,2025
Zak Kent,27,364,Maj-AL,CLE,12,0,1.0,,,17.2,17,10,9,8,16,1,1,4.58,67,2,0,0,2,0,1,1,0,76,308,0.61,0.18,0.08,0.37,0.33,0.12,1.415,0.32,8.2,2.0,687849,2025
Orion Kerkering,24,353,Maj-NL,PHI,73,0,8.0,4.0,4.0,62.2,56,30,24,29,68,6,4,3.45,242,11,0,3,4,4,5,0,0,279,1117,0.64,0.21,0.1,0.45,0.22,0.08,1.356,0.291,9.8,2.34,689147,2025
Clayton Kershaw,37,335,Maj-NL,LAD,25,22,11.0,2.0,,115.0,108,51,46,38,84,10,2,3.6,431,23,2,1,14,4,0,1,0,478,1826,0.63,0.18,0.1,0.48,0.23,0.07,1.27,0.287,6.6,2.21,477132,2025
Yusei Kikuchi,34,368,Maj-AL,LAD,33,33,7.0,11.0,,178.1,180,87,79,74,174,24,3,3.99,689,35,1,3,13,6,11,5,3,772,3094,0.64,0.16,0.1,0.4,0.26,0.06,1.424,0.314,8.8,2.35,579328,2025
Craig Kimbrel,37,365,"Maj-AL,Maj-NL","ATL,HOU",14,0,,1.0,,12.0,10,4,3,7,17,2,0,2.25,42,0,0,0,0,0,4,3,1,49,230,0.57,0.16,0.1,0.28,0.24,0.12,1.417,0.348,12.8,2.43,518886,2025
Isiah Kiner-Falefa,30,373,Maj-AL,TOR,1,0,,,,0.2,0,0,0,0,0,0,0,0.0,2,0,0,0,0,0,0,0,0,2,7,0.57,0.14,0.0,0.0,0.0,0.5,0.0,0.0,0.0,,643396,2025
Bryan King,28,366,Maj-AL,HOU,68,0,5.0,4.0,2.0,68.0,60,21,21,11,69,10,4,2.78,258,7,0,0,4,2,1,0,0,275,1046,0.69,0.19,0.11,0.42,0.27,0.06,1.044,0.276,9.1,6.27,687911,2025
John King,30,364,Maj-NL,STL,51,0,2.0,1.0,,48.1,65,30,25,14,28,8,0,4.66,206,7,0,0,5,1,4,1,1,222,779,0.65,0.15,0.09,0.6,0.21,0.01,1.634,0.333,5.2,2.0,667463,2025
Michael King,30,360,Maj-NL,SDP,16,15,5.0,3.0,,74.1,63,31,28,26,79,12,4,3.39,281,12,0,0,5,1,0,1,1,312,1238,0.62,0.18,0.11,0.39,0.2,0.11,1.197,0.267,9.6,3.04,650633,2025
Scott Kingery,31,386,Maj-AL,LAD,1,0,,,,2.0,12,8,8,0,1,2,0,36.0,18,1,0,0,0,0,0,0,0,18,37,0.68,0.11,0.08,0.29,0.29,0.06,6.0,0.667,4.5,,664068,2025
Tyler Kinley,34,364,Maj-NL,"ATL,Colorado",73,0,6.0,3.0,3.0,72.2,53,35,32,33,73,6,3,3.96,270,11,0,4,1,2,12,0,0,308,1228,0.64,0.15,0.14,0.34,0.24,0.12,1.183,0.244,9.0,2.21,641755,2025
George Kirby,27,342,Maj-AL,SEA,27,27,10.0,9.0,,144.0,142,72,71,33,158,19,8,4.44,554,25,1,0,9,8,9,4,1,603,2385,0.65,0.16,0.12,0.44,0.28,0.05,1.215,0.319,9.9,4.79,669923,2025
Andrew Kittredge,35,351,"Maj-AL,Maj-NL","BAL,CHC",59,1,4.0,4.0,6.0,58.0,46,25,23,12,67,9,0,3.57,213,7,2,1,5,3,11,0,0,229,849,0.7,0.16,0.14,0.47,0.25,0.02,1.0,0.264,10.4,5.58,552640,2025
Will Klein,25,335,Maj-NL,LAD,16,0,2.0,1.0,,20.1,16,6,4,12,26,0,2,1.77,74,4,0,0,1,1,2,0,0,89,391,0.61,0.16,0.11,0.49,0.24,0.04,1.377,0.327,11.5,2.17,694361,2025
Landon Knack,27,364,Maj-NL,LAD,10,7,3.0,2.0,1.0,42.1,40,25,23,19,42,10,2,4.89,162,7,1,0,2,2,3,0,0,185,773,0.61,0.16,0.09,0.31,0.28,0.09,1.394,0.268,8.9,2.21,689017,2025
Jack Kochanowicz,24,396,Maj-AL,LAD,23,23,3.0,11.0,,111.0,136,89,84,58,72,21,7,6.81,440,14,1,4,18,7,4,3,1,512,1859,0.62,0.14,0.09,0.53,0.2,0.04,1.748,0.325,5.8,1.24,686799,2025
Jared Koenig,31,345,Maj-NL,MIL,78,0,6.0,1.0,2.0,72.2,61,22,22,22,75,7,4,2.72,265,11,1,1,7,1,2,3,2,294,1143,0.65,0.2,0.09,0.46,0.17,0.04,1.142,0.293,9.3,3.41,657649,2025
Stephen Kolek,28,368,"Maj-AL,Maj-NL","KCR,SDP",19,19,5.0,7.0,,112.2,98,49,44,31,77,9,7,3.51,418,13,2,1,19,5,3,2,1,461,1689,0.64,0.17,0.08,0.52,0.23,0.03,1.145,0.264,6.2,2.48,663568,2025
Michael Kopech,29,374,Maj-NL,LAD,14,0,,,,11.0,6,3,3,13,12,0,0,2.45,40,0,0,0,0,0,0,0,0,53,231,0.58,0.17,0.1,0.29,0.43,0.07,1.727,0.214,9.8,0.92,656629,2025
Jackson Kowar,28,405,Maj-AL,SEA,15,0,2.0,,,17.0,14,8,8,7,15,4,1,4.24,63,2,0,0,1,0,2,0,0,71,281,0.6,0.12,0.11,0.35,0.08,0.13,1.235,0.227,7.9,2.14,663804,2025
Dean Kremer,29,364,Maj-AL,BAL,31,29,11.0,10.0,,171.2,163,83,80,45,142,22,2,4.19,656,32,3,0,13,4,5,2,0,708,2754,0.66,0.16,0.1,0.4,0.24,0.08,1.212,0.284,7.4,3.16,665152,2025
Brooks Kriske,31,386,"Maj-AL,Maj-NL","CHC,MIN",16,0,,1.0,,18.0,20,15,15,15,18,1,0,7.5,72,9,0,1,0,1,1,1,0,88,381,0.58,0.19,0.09,0.4,0.29,0.04,1.944,0.352,9.0,1.2,621139,2025
Joe La Sorsa,27,407,Maj-NL,CIN,5,0,,1.0,,6.2,13,9,8,2,2,4,0,10.8,31,2,0,0,2,0,0,0,0,33,100,0.67,0.23,0.05,0.34,0.17,0.03,2.25,0.36,2.7,1.0,686747,2025
Alex Lange,29,405,Maj-AL,DET,1,0,,,,1.0,2,0,0,1,1,0,0,0.0,5,0,0,0,0,0,0,0,0,6,20,0.65,0.05,0.2,0.25,0.25,0.0,3.0,0.5,9.0,1.0,656638,2025
Sauryn Lao,25,364,"Maj-AL,Maj-NL","SEA,Washington",8,0,1.0,,,11.0,14,7,6,2,9,2,1,4.91,46,4,0,0,1,0,0,0,0,49,185,0.66,0.14,0.15,0.46,0.22,0.05,1.455,0.343,7.4,4.5,666659,2025
Jacob Latz,29,365,Maj-AL,TEX,33,8,2.0,,1.0,85.2,69,28,27,37,76,7,0,2.84,310,14,3,2,9,1,9,3,1,348,1387,0.63,0.14,0.13,0.38,0.25,0.11,1.237,0.272,8.0,2.05,656641,2025
Eric Lauer,30,335,Maj-AL,TOR,33,15,9.0,2.0,,113.1,96,42,40,32,110,15,2,3.18,427,23,2,5,4,1,9,2,3,464,1818,0.66,0.18,0.09,0.3,0.26,0.1,1.129,0.267,8.7,3.44,641778,2025
Cody Laweryson,27,364,Maj-AL,MIN,5,0,,1.0,,7.2,4,2,1,0,7,0,0,1.17,24,0,0,0,1,1,0,0,0,26,93,0.76,0.26,0.11,0.47,0.26,0.16,0.522,0.222,8.2,,689520,2025
Casey Lawrence,37,495,Maj-AL,"SEA,TOR",6,0,1.0,2.0,,17.2,26,15,8,1,7,2,1,4.08,77,6,0,0,2,1,2,0,0,80,276,0.65,0.19,0.06,0.39,0.25,0.08,1.528,0.348,3.6,7.0,596271,2025
Max Lazar,26,365,Maj-NL,PHI,36,0,1.0,1.0,1.0,41.1,41,23,22,12,26,7,0,4.79,157,9,0,0,4,1,1,1,1,170,646,0.63,0.18,0.09,0.38,0.31,0.07,1.282,0.272,5.7,2.17,676661,2025
Kyle Leahy,28,364,Maj-NL,STL,62,1,4.0,2.0,1.0,88.0,80,32,30,28,80,5,1,3.07,328,16,0,1,9,6,2,2,1,363,1353,0.66,0.16,0.1,0.44,0.28,0.06,1.227,0.301,8.2,2.86,681517,2025
Jordan Leasure,26,364,Maj-AL,CHC,68,1,5.0,6.0,7.0,64.1,49,30,28,30,81,12,1,3.92,237,14,1,1,4,1,5,2,1,269,1130,0.62,0.13,0.14,0.29,0.25,0.15,1.228,0.255,11.3,2.7,673929,2025
Chase Lee,26,425,Maj-AL,DET,32,0,4.0,1.0,,37.1,32,17,17,9,36,7,2,4.1,134,7,2,1,4,3,2,0,0,148,600,0.64,0.2,0.08,0.36,0.27,0.04,1.098,0.266,8.7,4.0,695445,2025
Dylan Lee,30,369,Maj-NL,ATL,74,0,2.0,4.0,2.0,68.1,53,27,25,14,76,13,0,3.29,249,7,0,1,4,1,2,1,2,266,1102,0.67,0.16,0.16,0.39,0.19,0.1,0.98,0.248,10.0,5.43,669276,2025
Korey Lee,26,394,Maj-AL,CHC,2,0,,,,3.0,4,1,1,2,0,0,0,3.0,12,2,0,0,0,0,0,0,0,14,44,0.61,0.07,0.05,0.33,0.08,0.08,2.0,0.333,0.0,0.0,686676,2025
Casey Legumina,28,366,Maj-AL,SEA,48,1,4.0,6.0,,49.2,47,36,31,25,55,7,2,5.62,190,9,0,2,6,1,1,0,0,219,861,0.66,0.17,0.1,0.39,0.23,0.08,1.45,0.31,10.0,2.2,668984,2025
Jack Leiter,25,366,Maj-AL,TEX,29,29,10.0,10.0,,151.2,127,69,65,67,148,18,5,3.86,571,25,0,0,8,2,17,1,0,646,2585,0.63,0.15,0.11,0.38,0.23,0.09,1.279,0.268,8.8,2.21,683004,2025
Matthew Liberatore,25,371,Maj-NL,STL,29,29,8.0,12.0,,151.2,158,79,71,40,122,19,4,4.21,593,32,2,0,8,8,22,4,1,648,2388,0.65,0.17,0.09,0.39,0.27,0.07,1.305,0.302,7.2,3.05,669461,2025
Zack Littell,29,361,"Maj-AL,Maj-NL","CIN,TBR",33,33,10.0,9.0,,190.0,180,84,82,32,132,36,8,3.88,728,36,1,1,15,5,16,5,1,776,2841,0.67,0.15,0.09,0.41,0.24,0.08,1.116,0.255,6.3,4.13,641793,2025
Brendon Little,28,335,Maj-AL,TOR,85,0,4.0,4.0,1.0,72.1,55,33,28,50,94,4,2,3.48,263,11,2,5,5,3,2,4,3,319,1333,0.57,0.16,0.16,0.55,0.24,0.06,1.452,0.304,11.7,1.88,663893,2025
Jack Little,27,449,Maj-NL,LAD,2,0,,,,3.0,4,2,2,1,2,0,1,6.0,12,0,1,0,1,0,0,0,0,14,44,0.7,0.14,0.18,0.3,0.3,0.1,1.667,0.4,6.0,2.0,669193,2025
Luke Little,24,405,Maj-NL,CHC,2,0,,,,2.2,1,2,1,6,4,0,0,3.38,8,0,0,0,0,0,0,0,0,15,76,0.49,0.24,0.05,0.6,0.0,0.2,2.625,0.25,13.5,0.67,681432,2025
Ben Lively,33,503,Maj-AL,CLE,9,9,2.0,2.0,,44.2,38,16,16,15,29,6,0,3.22,163,8,0,0,5,0,7,2,0,178,719,0.64,0.17,0.06,0.31,0.23,0.08,1.187,0.25,5.8,1.93,594902,2025
Nick Lodolo,27,361,Maj-NL,CIN,30,28,9.0,8.0,,158.1,139,60,58,31,156,22,14,3.3,598,23,1,1,6,2,14,6,4,649,2491,0.66,0.16,0.12,0.45,0.21,0.07,1.074,0.277,8.9,5.03,666157,2025
Sam Long,29,364,Maj-AL,KCR,39,0,2.0,3.0,,40.1,48,31,24,22,33,7,2,5.36,165,8,0,1,4,0,2,0,2,189,786,0.62,0.16,0.08,0.42,0.23,0.07,1.736,0.328,7.4,1.5,669674,2025
Nicky Lopez,30,549,Maj-AL,LAD,1,0,,,,0.1,0,0,0,1,0,0,0,0.0,1,0,0,0,0,0,0,0,0,2,9,0.33,0.11,0.0,0.0,0.0,0.0,3.0,0.0,0.0,0.0,670032,2025
Pablo L\xc3\xb3pez,29,373,Maj-AL,MIN,14,14,5.0,4.0,,75.2,64,28,23,20,73,6,4,2.74,285,13,1,0,3,3,10,2,2,312,1259,0.65,0.16,0.12,0.39,0.27,0.07,1.11,0.278,8.7,3.65,641154,2025
Reynaldo L\xc3\xb3pez,31,548,Maj-NL,ATL,1,1,,,,5.0,9,3,3,2,1,1,0,5.4,23,1,0,0,0,0,0,0,0,25,94,0.62,0.18,0.02,0.41,0.32,0.0,2.2,0.381,1.8,0.5,625643,2025
Michael Lorenzen,33,367,Maj-AL,KCR,27,26,7.0,11.0,,141.2,149,76,73,39,127,25,6,4.64,557,30,4,0,9,4,8,2,2,606,2318,0.64,0.16,0.1,0.39,0.25,0.09,1.327,0.303,8.1,3.26,547179,2025
Ryan Loutos,26,420,Maj-NL,"LAD,Washington",12,0,1.0,,,12.0,20,21,17,8,8,4,2,12.75,57,1,1,0,0,1,2,0,0,68,231,0.64,0.18,0.07,0.46,0.28,0.02,2.333,0.348,6.0,1.0,702795,2025
Richard Lovelady,29,368,"Maj-AL,Maj-NL","New York,TOR",10,0,,1.0,,11.2,12,12,11,6,12,3,4,8.49,45,4,0,0,1,2,0,0,0,57,221,0.65,0.16,0.11,0.6,0.2,0.0,1.543,0.281,9.3,2.0,663992,2025
Easton Lucas,28,425,Maj-AL,TOR,6,5,3.0,3.0,,24.1,25,18,18,12,23,5,0,6.66,92,4,0,0,3,4,1,0,0,108,438,0.64,0.13,0.12,0.34,0.26,0.08,1.521,0.294,8.5,1.92,687922,2025
Seth Lugo,35,394,Maj-AL,KCR,26,26,8.0,7.0,,145.1,133,70,67,55,125,27,6,4.15,546,23,1,1,9,1,4,7,3,611,2380,0.63,0.19,0.08,0.39,0.27,0.07,1.294,0.268,7.7,2.27,607625,2025
Jes\xc3\xbas Luzardo,27,353,Maj-NL,PHI,34,33,15.0,9.0,,191.1,172,88,82,58,224,16,3,3.86,724,34,0,0,10,2,22,11,7,787,3125,0.65,0.17,0.14,0.43,0.25,0.07,1.202,0.321,10.5,3.86,666200,2025
Daniel Lynch IV,28,364,Maj-AL,KCR,57,2,6.0,2.0,1.0,67.2,66,24,23,26,45,8,6,3.06,254,12,0,1,6,1,0,3,1,289,1088,0.62,0.19,0.09,0.49,0.18,0.08,1.36,0.287,6.0,1.73,663738,2025
Kenta Maeda,37,516,Maj-AL,DET,7,0,,,,8.0,9,8,7,6,8,1,3,7.88,33,3,0,0,0,0,1,0,0,43,171,0.58,0.13,0.12,0.4,0.32,0.04,1.875,0.333,9.0,1.33,628317,2025
Tyler Mahle,30,367,Maj-AL,TEX,16,16,6.0,4.0,,86.2,69,21,21,29,66,5,0,2.18,316,12,1,0,8,1,2,1,1,346,1381,0.65,0.15,0.11,0.39,0.27,0.08,1.131,0.26,6.9,2.28,641816,2025
Luke Maile,34,384,Maj-AL,KCR,1,0,,,,1.0,0,0,0,1,0,0,0,0.0,3,0,0,0,0,0,0,0,0,4,13,0.62,0.15,0.0,0.33,0.0,0.0,1.0,0.0,0.0,0.0,571912,2025
Joe Mantiply,34,502,Maj-NL,ARI,10,0,,1.0,,9.2,26,17,17,3,8,5,1,15.83,54,4,0,1,0,0,1,1,1,58,192,0.68,0.21,0.1,0.46,0.26,0.0,3.0,0.512,7.4,2.67,573009,2025
Ron Marinaccio,29,370,Maj-NL,SDP,7,0,,,,10.2,6,1,1,4,12,0,0,0.84,37,0,0,0,0,1,1,0,0,42,164,0.68,0.14,0.15,0.46,0.12,0.15,0.938,0.231,10.1,3.0,676760,2025
Chris Martin,39,367,Maj-AL,TEX,48,0,2.0,6.0,2.0,42.1,43,18,14,8,43,6,1,2.98,164,3,0,3,6,1,9,1,0,174,643,0.7,0.15,0.11,0.43,0.21,0.07,1.205,0.319,9.1,5.38,455119,2025
Corbin Martin,29,392,Maj-AL,BAL,17,0,1.0,,2.0,18.0,22,15,12,9,23,4,2,6.0,76,5,1,0,0,0,0,0,1,89,332,0.61,0.17,0.12,0.51,0.22,0.04,1.722,0.367,11.5,2.56,656686,2025
Davis Martin,28,367,Maj-AL,CHC,26,25,7.0,10.0,,142.2,136,74,65,48,104,20,6,4.1,541,29,3,1,17,5,14,5,1,601,2309,0.63,0.14,0.1,0.46,0.22,0.05,1.29,0.275,6.6,2.17,663436,2025
Justin Martinez,23,475,Maj-NL,ARI,17,0,1.0,2.0,5.0,15.1,7,8,7,12,22,1,3,4.11,52,2,0,1,2,0,0,0,0,67,267,0.57,0.19,0.12,0.57,0.17,0.1,1.239,0.207,12.9,1.83,679885,2025
Nick Martinez,34,361,Maj-NL,CIN,41,26,11.0,14.0,,166.0,162,90,85,43,116,22,6,4.61,627,46,1,2,10,9,12,6,1,690,2596,0.65,0.18,0.08,0.4,0.25,0.08,1.235,0.281,6.3,2.7,607259,2025
Seth Martinez,30,383,Maj-NL,MIA,6,0,,,,6.2,4,4,4,3,4,2,0,5.4,22,1,0,0,0,2,2,0,0,27,120,0.63,0.16,0.09,0.2,0.2,0.1,1.05,0.111,5.4,1.33,661527,2025
Miles Mastrobuoni,29,458,Maj-AL,SEA,1,0,,,,1.0,1,0,0,2,0,0,0,0.0,4,0,0,0,0,0,0,0,0,6,23,0.43,0.13,0.04,0.5,0.0,0.0,3.0,0.25,0.0,0.0,670156,2025
Jorge Mateo,30,525,Maj-AL,BAL,1,0,,,,1.0,5,5,5,2,0,1,1,45.0,8,0,0,0,0,0,0,0,0,11,35,0.43,0.03,0.0,0.13,0.5,0.0,7.0,0.571,0.0,0.0,622761,2025
Phil Maton,32,366,"Maj-AL,Maj-NL","STL,TEX",63,0,4.0,5.0,5.0,61.1,42,21,19,23,81,3,7,2.79,214,12,0,2,5,2,8,1,1,248,1009,0.65,0.18,0.16,0.46,0.28,0.07,1.06,0.295,11.9,3.52,664208,2025
Yuki Matsui,29,365,Maj-NL,SDP,61,0,3.0,1.0,1.0,63.1,53,29,28,33,61,10,1,3.98,233,10,2,2,4,4,5,1,0,272,1063,0.61,0.12,0.14,0.32,0.2,0.11,1.358,0.259,8.7,1.85,673513,2025
Zebby Matthews,25,369,Maj-AL,MIN,16,16,5.0,6.0,,79.1,94,50,49,24,88,12,0,5.56,323,15,0,0,5,5,5,0,0,354,1353,0.66,0.15,0.13,0.33,0.29,0.07,1.487,0.36,10.0,3.67,805673,2025
Steven Matz,34,360,"Maj-AL,Maj-NL","BOS,STL",55,2,5.0,2.0,2.0,78.2,76,31,26,11,61,8,2,2.97,303,13,3,0,7,1,1,1,0,318,1198,0.68,0.2,0.08,0.48,0.22,0.09,1.106,0.289,7.0,5.55,571927,2025
Zach Maxwell,24,376,Maj-NL,CIN,8,0,,,,10.0,10,5,5,4,13,3,0,4.5,39,2,1,0,1,0,1,0,0,43,165,0.62,0.16,0.15,0.31,0.35,0.0,1.4,0.304,11.7,3.25,687209,2025
Dustin May,27,389,"Maj-AL,Maj-NL","BOS,LAD",25,23,7.0,11.0,,132.1,132,78,73,56,123,21,12,4.96,510,21,6,3,12,4,18,6,0,584,2169,0.64,0.18,0.08,0.43,0.26,0.05,1.421,0.3,8.4,2.2,669160,2025
Tim Mayza,33,365,Maj-NL,"PHI,Pittsburgh",15,0,,,,16.2,17,7,7,5,15,2,2,3.78,66,4,0,0,1,1,1,0,0,74,301,0.64,0.18,0.1,0.54,0.21,0.04,1.32,0.3,8.1,3.0,641835,2025
Adam Mazur,24,372,Maj-NL,MIA,6,6,,4.0,,30.0,33,21,16,12,19,4,1,4.8,125,8,0,0,2,1,2,0,0,139,489,0.66,0.17,0.09,0.43,0.23,0.05,1.5,0.282,5.7,1.58,800049,2025
Darren McCaughan,29,539,Maj-AL,MIN,3,0,,,,5.1,5,1,1,1,6,0,0,1.69,22,1,0,0,0,0,0,0,0,23,86,0.72,0.21,0.13,0.19,0.25,0.06,1.125,0.313,10.1,6.0,670766,2025
Chas McCormick,30,405,Maj-AL,HOU,3,0,,,,3.0,3,2,2,2,1,0,2,6.0,11,0,0,0,1,0,0,0,0,15,54,0.52,0.19,0.04,0.4,0.2,0.0,1.667,0.3,3.0,0.5,676801,2025
Lance McCullers Jr.,31,364,Maj-AL,HOU,16,13,2.0,5.0,,55.1,61,45,40,39,61,10,7,6.51,227,12,1,0,2,0,9,0,0,274,1147,0.59,0.19,0.1,0.48,0.2,0.07,1.807,0.327,9.9,1.56,621121,2025
Garrett McDaniels,25,514,Maj-AL,LAD,10,0,,,,10.2,13,8,7,8,6,2,1,5.91,41,2,0,0,3,0,4,0,0,50,191,0.55,0.16,0.09,0.71,0.14,0.0,1.969,0.333,5.1,0.75,680729,2025
Chayce McDermott,26,374,Maj-AL,BAL,4,1,,1.0,,8.2,12,15,15,12,9,3,1,15.58,36,2,0,0,0,1,0,0,0,51,195,0.5,0.17,0.06,0.38,0.17,0.03,2.769,0.36,9.3,0.75,694646,2025
Easton McGee,27,395,Maj-NL,MIL,9,0,,,,14.2,15,9,9,5,13,1,0,5.52,56,4,0,1,2,1,0,0,0,62,223,0.72,0.18,0.09,0.48,0.2,0.0,1.364,0.326,8.0,2.6,668834,2025
Scott McGough,35,364,"Maj-AL,Maj-NL","ARI,Athletics",13,0,,,,16.0,18,12,12,7,16,4,1,6.75,67,6,0,0,0,0,0,0,0,75,297,0.61,0.13,0.14,0.33,0.16,0.08,1.563,0.298,9.0,2.29,543518,2025
Michael McGreevy,24,365,Maj-NL,STL,17,16,8.0,4.0,,95.2,100,50,47,20,58,12,3,4.42,373,15,4,0,10,2,0,2,0,400,1465,0.62,0.16,0.08,0.48,0.24,0.04,1.254,0.289,5.5,2.9,700241,2025
Reese McGuire,30,396,Maj-NL,CHC,1,0,,,,1.0,2,1,1,1,0,1,0,9.0,5,0,0,0,0,0,0,0,0,6,17,0.47,0.18,0.0,0.4,0.2,0.0,3.0,0.25,0.0,0.0,624512,2025
Triston McKenzie,27,529,Maj-AL,CLE,4,0,,,,5.2,7,7,7,7,4,1,0,11.12,22,2,0,0,0,1,0,0,0,30,123,0.52,0.1,0.07,0.21,0.37,0.11,2.471,0.333,6.4,0.57,663474,2025
Zach McKinstry,30,373,Maj-AL,DET,1,0,,,,0.1,0,0,0,0,0,0,0,0.0,1,0,0,0,0,0,0,0,0,1,2,0.5,0.0,0.0,1.0,0.0,0.0,0.0,0.0,0.0,,656716,2025
Nick Mears,28,354,Maj-NL,MIL,66,0,5.0,3.0,1.0,58.1,43,25,22,14,49,7,1,3.39,203,7,2,1,3,9,3,2,1,228,877,0.7,0.15,0.13,0.35,0.24,0.07,0.977,0.231,7.6,3.5,683232,2025
Victor Mederos,24,400,Maj-AL,LAD,5,3,,2.0,,17.0,18,14,14,12,14,4,3,7.41,65,2,3,0,2,1,0,0,0,81,314,0.58,0.16,0.09,0.33,0.29,0.08,1.765,0.292,7.4,1.17,682989,2025
Trevor Megill,31,345,Maj-NL,MIL,55,1,6.0,3.0,30.0,51.0,39,17,14,18,65,4,0,2.47,187,12,0,3,2,3,9,0,0,208,820,0.68,0.19,0.14,0.37,0.28,0.05,1.118,0.289,11.5,3.61,656730,2025
Troy Melton,24,352,Maj-AL,DET,20,5,4.0,3.0,,54.0,39,20,19,19,44,9,1,3.17,194,7,0,2,4,1,4,4,1,216,779,0.65,0.16,0.11,0.43,0.19,0.09,1.074,0.211,7.3,2.32,675512,2025
Cristian Mena,22,478,Maj-NL,ARI,3,0,1.0,,,6.2,3,1,1,3,8,1,0,1.35,23,0,0,0,0,0,0,0,0,26,100,0.58,0.12,0.13,0.53,0.2,0.13,0.9,0.143,10.8,2.67,691441,2025
Michael Mercado,26,463,Maj-NL,PHI,3,0,,,,3.0,7,5,5,4,4,1,0,15.0,15,0,0,0,0,1,0,0,0,20,85,0.58,0.13,0.09,0.42,0.33,0.0,3.667,0.545,12.0,1.0,675650,2025
Julian Merryweather,33,492,Maj-NL,CHC,21,0,,1.0,,18.2,23,13,12,11,15,2,0,5.79,76,5,1,2,2,1,3,0,2,88,353,0.62,0.18,0.07,0.45,0.31,0.02,1.821,0.35,7.2,1.36,657240,2025
Parker Messick,24,367,Maj-AL,CLE,7,7,3.0,1.0,,39.2,46,12,12,6,38,4,0,2.72,159,7,0,0,4,0,0,0,1,165,625,0.66,0.2,0.12,0.49,0.26,0.05,1.311,0.359,8.6,6.33,800048,2025
Luis Mey,24,404,Maj-NL,CIN,23,0,2.0,,,21.0,17,8,8,17,21,3,1,3.43,77,2,0,0,1,1,0,0,0,96,420,0.57,0.17,0.1,0.51,0.21,0.07,1.619,0.259,9.0,1.24,682825,2025
Max Meyer,26,482,Maj-NL,MIA,12,12,3.0,5.0,,64.2,72,39,34,20,68,12,2,4.73,261,12,0,0,2,2,3,1,0,285,1039,0.64,0.17,0.12,0.5,0.21,0.05,1.423,0.328,9.5,3.4,676974,2025
Miles Mikolas,36,366,Maj-NL,STL,31,31,8.0,11.0,,156.1,169,87,84,37,100,29,3,4.84,622,42,4,1,8,5,12,4,3,669,2483,0.66,0.18,0.07,0.41,0.22,0.06,1.318,0.281,5.8,2.7,571945,2025
Wade Miley,38,469,Maj-NL,CIN,3,2,1.0,,,12.0,15,9,9,6,7,3,1,6.75,47,2,0,0,2,0,2,0,1,55,205,0.6,0.19,0.04,0.35,0.3,0.05,1.75,0.324,5.3,1.17,489119,2025
Bobby Miller,26,491,Maj-NL,LAD,2,1,,,,5.0,11,7,7,2,7,2,1,12.6,25,2,0,1,0,0,0,1,0,28,116,0.63,0.19,0.08,0.28,0.39,0.0,2.6,0.563,12.6,3.5,676272,2025
Bryce Miller,26,345,Maj-AL,SEA,21,21,5.0,6.0,,104.2,103,61,61,39,83,18,3,5.25,398,26,1,1,7,5,14,3,1,447,1731,0.65,0.14,0.11,0.39,0.26,0.1,1.357,0.281,7.1,2.13,682243,2025
Mason Miller,26,361,"Maj-AL,Maj-NL","Athletics,SDP",62,0,1.0,2.0,22.0,64.1,28,19,18,28,112,5,2,2.52,210,3,2,2,7,1,4,2,0,243,1013,0.65,0.15,0.21,0.42,0.22,0.09,0.87,0.245,15.7,4.0,695243,2025
Shelby Miller,34,391,Maj-NL,"ARI,MIL",48,0,4.0,3.0,10.0,46.0,33,17,14,15,54,5,4,2.74,164,5,0,4,3,3,8,1,0,186,701,0.67,0.17,0.15,0.35,0.3,0.06,1.043,0.259,10.6,3.6,571946,2025
Hoby Milner,34,364,Maj-AL,TEX,73,0,3.0,4.0,,70.1,68,35,30,21,58,5,2,3.84,266,14,2,3,9,3,0,1,2,293,1158,0.65,0.22,0.06,0.54,0.19,0.03,1.265,0.306,7.4,2.76,571948,2025
Anthony Misiewicz,30,364,Maj-AL,MIN,5,0,,,,4.2,5,5,5,4,5,2,0,9.64,19,0,0,0,0,0,0,0,0,23,110,0.57,0.12,0.15,0.21,0.29,0.0,1.929,0.25,9.6,1.25,664948,2025
Jacob Misiorowski,23,346,Maj-NL,MIL,18,14,7.0,4.0,,78.0,58,37,34,34,103,9,3,3.92,282,9,1,0,7,0,1,1,0,319,1353,0.65,0.16,0.13,0.36,0.3,0.06,1.179,0.288,11.9,3.03,694819,2025
Casey Mize,28,354,Maj-AL,DET,30,30,14.0,6.0,,155.0,156,70,66,40,146,22,3,3.83,602,31,4,1,7,6,11,7,2,652,2469,0.66,0.16,0.11,0.4,0.24,0.07,1.265,0.305,8.5,3.65,663554,2025
Sam Moll,33,392,Maj-NL,CIN,23,0,1.0,,,18.1,16,16,13,10,22,4,0,6.38,70,5,0,0,1,0,2,1,0,81,332,0.6,0.2,0.13,0.39,0.24,0.1,1.418,0.273,10.8,2.2,594580,2025
Keider Montero,24,352,Maj-AL,DET,23,12,5.0,3.0,1.0,96.0,96,47,44,33,74,16,4,4.13,370,13,1,0,8,1,2,3,2,409,1548,0.66,0.19,0.09,0.42,0.25,0.07,1.344,0.285,6.9,2.24,672456,2025
Rafael Montero,34,358,"Maj-AL,Maj-NL","ATL,DET,HOU",60,0,1.0,2.0,,60.1,44,35,31,38,58,5,0,4.62,217,11,0,2,6,1,2,1,1,256,1098,0.61,0.14,0.13,0.48,0.2,0.06,1.359,0.252,8.7,1.53,606160,2025
Christian Montes De Oca,25,477,Maj-NL,ARI,1,0,,,,2.2,0,0,0,1,2,0,0,0.0,8,0,0,0,0,0,0,0,0,9,46,0.59,0.22,0.04,0.5,0.0,0.0,0.375,0.0,6.8,2.0,801216,2025
Patrick Monteverde,27,526,Maj-NL,MIA,1,0,,,,3.2,9,4,4,1,4,0,0,9.82,19,2,0,0,1,0,1,0,0,20,87,0.64,0.13,0.07,0.33,0.33,0.07,2.727,0.6,9.8,4.0,687287,2025
Mason Montgomery,25,382,Maj-AL,TBR,57,0,1.0,3.0,1.0,46.0,49,32,29,27,63,6,1,5.67,177,10,0,0,4,2,11,2,2,209,861,0.65,0.14,0.16,0.45,0.25,0.05,1.652,0.391,12.3,2.33,682254,2025
Jovani Mor\xc3\xa1n,28,405,Maj-AL,BOS,2,0,,,,4.0,5,3,3,3,5,0,0,6.75,17,0,1,0,0,0,0,0,0,20,80,0.6,0.15,0.15,0.42,0.25,0.08,2.0,0.417,11.3,1.67,663558,2025
Adri\xc3\xa1n Morej\xc3\xb3n,26,360,Maj-NL,SDP,78,0,14.0,6.0,3.0,78.0,51,23,17,17,72,2,0,1.96,276,5,1,3,7,1,9,1,0,300,1049,0.69,0.2,0.1,0.55,0.18,0.07,0.872,0.241,8.3,4.24,670970,2025
David Morgan,25,360,Maj-NL,SDP,42,2,1.0,2.0,,48.1,36,14,14,23,52,4,2,2.61,171,6,1,1,7,0,4,3,0,196,777,0.64,0.14,0.12,0.45,0.28,0.07,1.221,0.278,9.7,2.26,688158,2025
Eli Morgan,29,531,Maj-NL,CHC,7,0,,1.0,,7.1,12,10,10,3,4,3,0,12.27,32,5,0,1,1,0,2,0,0,35,132,0.67,0.14,0.11,0.43,0.25,0.04,2.045,0.36,4.9,1.33,669212,2025
Juan Morillo,26,364,Maj-NL,ARI,42,0,,3.0,1.0,34.1,38,19,16,20,36,2,1,4.19,128,7,2,0,7,1,1,1,0,152,617,0.62,0.13,0.12,0.51,0.26,0.09,1.689,0.396,9.4,1.8,666661,2025
Charlie Morton,41,364,"Maj-AL,Maj-NL","ATL,BAL,DET",33,27,9.0,11.0,,142.0,152,94,92,72,149,23,14,5.83,557,31,3,2,10,6,10,2,7,654,2548,0.63,0.16,0.12,0.44,0.25,0.05,1.577,0.33,9.4,2.07,450203,2025
Andr\xc3\xa9s Mu\xc3\xb1oz,26,342,Maj-AL,SEA,71,0,3.0,3.0,40.0,70.2,38,18,12,30,88,2,4,1.53,241,6,0,3,3,3,5,1,0,281,1141,0.65,0.17,0.16,0.48,0.25,0.04,0.962,0.234,11.2,2.93,662253,2025
Roddery Mu\xc3\xb1oz,25,407,Maj-NL,STL,9,0,,,,11.0,9,10,10,9,14,4,0,8.18,40,2,0,0,0,1,2,0,0,51,229,0.62,0.13,0.15,0.25,0.39,0.07,1.636,0.217,11.5,1.56,682610,2025
Rolddy Mu\xc3\xb1oz,25,385,Maj-NL,ATL,3,0,,,,3.2,4,5,5,5,5,1,2,12.27,14,0,0,0,1,0,0,0,0,21,78,0.53,0.17,0.14,0.56,0.22,0.0,2.455,0.375,12.3,1.0,691548,2025
Penn Murfee,31,512,Maj-AL,CHC,15,0,,1.0,,12.2,19,11,11,5,13,3,1,7.82,57,4,0,0,0,0,0,0,0,63,232,0.63,0.17,0.1,0.34,0.25,0.07,1.895,0.39,9.2,2.6,682171,2025
Chris Murphy,27,365,Maj-AL,BOS,23,0,3.0,,,34.2,21,12,12,20,30,4,5,3.12,122,2,0,1,3,1,2,0,0,148,569,0.6,0.16,0.11,0.54,0.17,0.09,1.183,0.191,7.8,1.5,669684,2025
Jayden Murray,28,364,Maj-AL,HOU,9,1,,,,11.2,10,2,2,3,8,0,0,1.54,44,0,0,0,0,0,0,0,0,47,176,0.7,0.18,0.09,0.36,0.28,0.08,1.114,0.278,6.2,2.67,681151,2025
Tobias Myers,26,348,Maj-NL,MIL,23,6,1.0,2.0,,51.1,56,22,21,17,38,5,2,3.68,205,9,1,0,3,2,0,2,0,226,853,0.66,0.15,0.09,0.37,0.25,0.09,1.422,0.311,6.7,2.24,668964,2025
Tommy Nance,34,355,Maj-AL,TOR,32,0,2.0,,,33.0,30,13,9,8,32,0,1,2.45,125,3,0,1,5,2,5,0,1,136,494,0.67,0.2,0.11,0.49,0.26,0.04,1.152,0.316,8.7,4.0,667297,2025
Kyle Nelson,28,418,Maj-NL,ARI,3,0,,,1.0,2.0,1,2,2,4,2,1,0,9.0,7,0,0,0,0,0,0,0,0,11,44,0.5,0.16,0.09,0.0,0.0,0.2,2.5,0.0,9.0,0.5,669459,2025
Ryne Nelson,27,368,Maj-NL,ARI,33,23,7.0,3.0,1.0,154.0,124,62,58,41,132,17,4,3.39,572,25,9,0,12,2,1,1,1,619,2466,0.65,0.15,0.09,0.4,0.26,0.06,1.071,0.252,7.7,3.22,669194,2025
Hector Neris,36,412,"Maj-AL,Maj-NL","ATL,HOU,LAD",35,0,3.0,2.0,,26.2,29,25,20,16,35,6,1,6.75,104,9,0,1,1,1,7,1,0,124,547,0.6,0.14,0.12,0.29,0.26,0.1,1.688,0.359,11.8,2.19,593576,2025
Sean Newcomb,32,378,Maj-AL,"Athletics,BOS",48,5,2.0,5.0,2.0,92.1,94,36,28,31,91,5,5,2.73,350,16,0,2,13,2,7,3,0,391,1547,0.65,0.19,0.09,0.48,0.25,0.05,1.354,0.348,8.9,2.94,656794,2025
Kevin Newman,31,444,Maj-AL,LAD,2,0,,,,4.0,4,3,3,0,0,2,0,6.75,16,2,0,0,0,0,0,0,0,16,34,0.74,0.12,0.0,0.06,0.13,0.19,1.0,0.143,0.0,,621028,2025
Tom\xc3\xa1s Nido,31,496,Maj-AL,DET,1,0,,,,1.2,0,0,0,0,0,0,1,0.0,4,0,0,0,0,1,0,0,0,6,9,0.78,0.22,0.0,0.4,0.0,0.2,0.0,0.0,0.0,,621512,2025
Doug Nikhazy,25,450,Maj-AL,CLE,2,1,,1.0,,4.0,5,6,6,6,5,0,0,13.5,17,2,1,0,0,0,1,0,0,23,108,0.56,0.14,0.12,0.25,0.42,0.08,2.75,0.417,11.3,0.83,680951,2025
Aaron Nola,32,354,Maj-NL,PHI,18,18,5.0,10.0,,96.1,100,65,63,28,100,18,5,5.89,378,19,4,0,5,0,5,3,1,412,1599,0.65,0.18,0.11,0.42,0.23,0.08,1.329,0.315,9.3,3.57,605400,2025
Eduarniel Nu\xc3\xb1ez,26,392,"Maj-AL,Maj-NL","Athletics,SDP",10,0,1.0,,,12.2,13,10,10,11,11,2,3,7.11,45,3,1,0,2,1,2,2,0,60,249,0.59,0.14,0.13,0.2,0.34,0.11,1.895,0.333,7.8,1.0,674384,2025
Riley O\'Brien,30,364,Maj-NL,STL,42,0,3.0,1.0,6.0,48.0,33,13,11,22,45,2,7,2.06,168,5,1,2,6,1,2,1,0,199,758,0.62,0.17,0.11,0.55,0.24,0.06,1.146,0.254,8.4,2.05,676617,2025
Bailey Ober,29,367,Maj-AL,MIN,27,27,6.0,9.0,,146.1,159,84,83,31,120,30,5,5.1,579,37,0,0,9,7,4,4,2,624,2355,0.67,0.15,0.12,0.31,0.23,0.12,1.298,0.296,7.4,3.87,641927,2025
Pierson Ohl,25,365,Maj-AL,MIN,14,3,,3.0,,30.0,38,22,17,7,27,5,0,5.1,126,8,1,0,2,0,1,0,1,133,544,0.66,0.16,0.1,0.35,0.36,0.05,1.5,0.351,8.1,3.86,701487,2025
Shohei Ohtani,30,330,Maj-NL,LAD,18,18,3.0,2.0,,67.1,56,25,25,16,90,5,1,3.34,249,8,1,1,3,4,1,1,0,271,1088,0.65,0.16,0.15,0.41,0.26,0.07,1.069,0.323,12.0,5.63,660271,2025
Steven Okert,33,366,Maj-AL,HOU,68,1,3.0,2.0,1.0,71.2,45,25,24,19,84,6,2,3.01,248,8,0,1,4,4,8,1,1,276,1053,0.66,0.15,0.16,0.26,0.24,0.13,0.893,0.241,10.5,4.42,595345,2025
Reese Olson,25,430,Maj-AL,DET,13,13,4.0,4.0,,68.2,58,24,24,25,65,5,5,3.15,254,12,0,2,7,0,4,2,1,285,1159,0.61,0.17,0.13,0.43,0.24,0.04,1.209,0.288,8.5,2.6,681857,2025
Kaleb Ort,33,388,Maj-AL,HOU,49,0,2.0,2.0,1.0,46.0,35,26,25,27,49,8,0,4.89,164,6,0,1,6,1,5,1,0,194,788,0.61,0.14,0.13,0.41,0.16,0.1,1.348,0.25,9.6,1.81,672391,2025
Luis Ortiz,26,457,Maj-AL,CLE,16,16,4.0,9.0,,88.2,80,44,43,42,96,12,1,4.36,337,12,1,0,9,2,11,1,1,382,1501,0.64,0.18,0.12,0.47,0.23,0.05,1.376,0.294,9.7,2.29,682847,2025
Eric Orze,27,380,Maj-AL,TBR,33,0,1.0,1.0,3.0,41.2,38,16,14,19,40,4,3,3.02,156,7,1,1,2,0,7,2,1,178,681,0.64,0.14,0.13,0.39,0.28,0.13,1.368,0.304,8.6,2.11,679358,2025
Tyler Owens,24,452,Maj-AL,DET,3,0,,,,3.0,3,1,1,3,1,0,0,3.0,12,0,0,0,0,0,0,0,0,15,66,0.55,0.2,0.05,0.45,0.55,0.0,2.0,0.273,3.0,0.33,687074,2025
Chris Paddack,29,364,Maj-AL,"DET,MIN",33,28,5.0,12.0,1.0,158.0,166,98,94,37,112,31,3,5.35,619,32,4,0,10,9,8,3,1,670,2565,0.65,0.14,0.09,0.37,0.25,0.1,1.285,0.278,6.4,3.03,663978,2025
Emilio Pag\xc3\xa1n,34,365,Maj-NL,CIN,70,0,2.0,4.0,32.0,68.2,41,26,22,22,81,10,2,2.88,244,11,0,0,0,2,3,1,0,270,1069,0.65,0.12,0.15,0.29,0.19,0.13,0.917,0.2,10.6,3.68,641941,2025
Daniel Palencia,25,351,Maj-NL,CHC,60,0,4.0,6.0,22.0,60.1,49,22,20,18,64,6,3,2.98,222,7,3,1,7,1,4,0,1,244,939,0.66,0.15,0.13,0.38,0.3,0.07,1.11,0.281,9.5,3.56,694037,2025
Jake Palisch,26,463,Maj-AL,CHC,1,0,,,,1.0,3,2,2,0,0,0,0,18.0,6,1,0,0,0,0,0,0,0,6,24,0.75,0.17,0.08,0.5,0.5,0.0,3.0,0.5,0.0,,669449,2025
Andre Pallante,26,369,Maj-NL,STL,31,31,6.0,15.0,,162.2,173,109,96,62,111,21,5,5.31,640,32,4,0,12,5,18,3,3,715,2720,0.61,0.15,0.1,0.6,0.19,0.03,1.445,0.296,6.1,1.79,669467,2025
Chad Patrick,26,345,Maj-NL,MIL,33,23,3.0,9.0,,128.2,116,51,49,41,138,15,4,3.43,485,24,0,1,6,2,6,6,1,534,2138,0.65,0.15,0.11,0.32,0.29,0.1,1.22,0.302,9.7,3.37,694477,2025
Joel Payamps,31,366,Maj-NL,"ATL,MIL",30,0,,1.0,1.0,26.1,31,20,20,9,24,4,2,6.84,103,9,4,1,3,3,0,0,0,117,441,0.63,0.2,0.1,0.32,0.24,0.04,1.519,0.346,8.2,2.67,606303,2025
Nate Pearson,28,415,Maj-NL,CHC,11,0,,1.0,,14.2,22,15,15,10,7,2,1,9.2,61,4,0,1,1,3,1,0,0,75,280,0.61,0.16,0.09,0.33,0.23,0.11,2.182,0.364,4.3,0.7,663878,2025
Elvis Peguero,28,404,"Maj-AL,Maj-NL","CHC,MIL",8,1,,,,9.1,12,9,7,6,8,1,1,6.75,40,2,0,0,0,0,0,1,0,47,187,0.61,0.14,0.14,0.41,0.31,0.06,1.929,0.355,7.7,1.33,665625,2025
Ryan Pepiot,27,369,Maj-AL,TBR,31,31,11.0,12.0,,167.2,134,76,72,61,167,26,6,3.86,607,27,3,0,13,3,16,8,6,679,2699,0.64,0.14,0.12,0.39,0.24,0.07,1.163,0.259,9.0,2.74,686752,2025
Freddy Peralta,29,348,Maj-NL,MIL,36,36,18.0,8.0,,192.0,136,62,61,72,223,26,10,2.86,700,25,0,0,9,1,12,1,0,787,3362,0.62,0.15,0.13,0.37,0.23,0.11,1.083,0.243,10.5,3.1,642547,2025
Sammy Peralta,27,364,Maj-AL,LAD,5,0,,1.0,,10.2,14,12,9,6,8,0,0,7.59,44,4,0,3,0,2,3,0,0,52,153,0.69,0.18,0.1,0.39,0.24,0.11,1.875,0.368,6.8,1.33,671111,2025
Wandy Peralta,33,360,Maj-NL,SDP,73,1,6.0,1.0,,73.0,68,29,25,30,64,5,2,3.08,282,14,2,3,5,2,6,1,0,318,1162,0.63,0.15,0.13,0.6,0.21,0.02,1.342,0.293,7.9,2.13,593974,2025
Oswald Peraza,25,396,Maj-AL,LAD,2,0,,,,2.1,9,8,8,0,0,1,1,30.86,15,1,0,0,1,0,0,0,0,16,41,0.66,0.15,0.05,0.47,0.33,0.0,3.857,0.571,0.0,,672724,2025
Cionel P\xc3\xa9rez,29,492,Maj-AL,BAL,19,0,,,,21.2,28,22,20,18,21,3,2,8.31,87,6,0,1,5,1,1,0,0,110,437,0.62,0.16,0.1,0.61,0.16,0.03,2.123,0.391,8.7,1.17,672335,2025
Eury P\xc3\xa9rez,22,365,Maj-NL,MIA,20,20,7.0,6.0,,95.1,68,47,45,32,105,12,3,4.25,349,17,2,0,2,1,15,4,0,385,1674,0.64,0.14,0.13,0.31,0.21,0.1,1.049,0.24,9.9,3.28,691587,2025
Mart\xc3\xadn P\xc3\xa9rez,34,375,Maj-AL,CHC,11,10,1.0,6.0,,56.0,40,23,22,22,44,6,2,3.54,202,10,1,0,6,2,4,1,0,228,899,0.61,0.19,0.08,0.39,0.19,0.1,1.107,0.221,7.1,2.0,527048,2025
Michael Petersen,31,365,Maj-NL,"ATL,MIA",15,0,,,,18.0,18,11,8,7,17,3,0,4.0,71,3,0,2,1,0,0,0,0,79,329,0.66,0.12,0.12,0.29,0.33,0.05,1.389,0.294,8.5,2.43,656848,2025
Chase Petty,22,463,Maj-NL,CIN,3,2,,3.0,,6.0,14,14,13,8,7,3,1,19.5,31,3,0,0,1,0,0,0,0,40,169,0.56,0.14,0.14,0.25,0.46,0.17,3.667,0.524,10.5,0.88,695534,2025
Brandon Pfaadt,26,364,Maj-NL,ARI,33,33,13.0,9.0,,176.2,198,107,103,37,147,26,12,5.25,710,51,3,2,10,6,13,2,1,767,2920,0.65,0.16,0.09,0.42,0.28,0.06,1.33,0.317,7.5,3.97,694297,2025
Connor Phillips,24,362,Maj-NL,CIN,22,0,5.0,,,26.0,14,12,11,13,34,5,2,3.81,89,3,0,0,1,1,2,1,1,105,400,0.61,0.19,0.16,0.29,0.23,0.11,1.038,0.176,11.8,2.62,683175,2025
Evan Phillips,30,510,Maj-NL,LAD,7,0,,,1.0,5.2,4,0,0,2,6,0,0,0.0,20,0,0,0,0,0,2,1,0,22,92,0.62,0.15,0.12,0.71,0.14,0.14,1.059,0.286,9.5,3.0,623465,2025
Tyler Phillips,27,364,Maj-NL,MIA,54,1,2.0,1.0,4.0,77.2,65,26,24,24,52,8,2,2.78,287,10,1,0,11,0,1,0,0,313,1114,0.64,0.16,0.12,0.56,0.18,0.05,1.146,0.251,6.0,2.17,663969,2025
Robinson Pi\xc3\xb1a,26,447,"Maj-AL,Maj-NL","MIA,TOR",2,0,,,,2.1,5,4,2,1,1,1,0,7.71,13,1,0,0,0,0,0,0,0,14,61,0.61,0.18,0.07,0.33,0.25,0.08,2.571,0.364,3.9,1.0,673820,2025
Nick Pivetta,32,362,Maj-NL,SDP,32,32,13.0,6.0,,186.2,132,65,60,50,199,24,3,2.89,678,19,2,1,6,6,9,3,3,739,2936,0.66,0.18,0.11,0.34,0.23,0.1,0.975,0.234,9.6,3.98,601713,2025
Drew Pomeranz,36,351,Maj-NL,CHC,63,5,3.0,2.0,1.0,55.2,39,15,13,15,63,6,5,2.1,200,2,0,1,3,1,6,1,0,222,886,0.67,0.17,0.12,0.37,0.25,0.1,0.97,0.25,10.2,4.2,519141,2025
Zach Pop,28,448,"Maj-AL,Maj-NL","New York,SEA",5,0,,1.0,,6.2,15,12,11,2,3,4,1,14.85,36,4,0,0,0,0,1,0,0,39,127,0.65,0.2,0.07,0.55,0.27,0.0,2.55,0.379,4.1,1.5,647315,2025
Austin Pope,26,367,Maj-NL,ARI,1,0,,,,2.0,2,0,0,1,1,0,0,0.0,8,0,0,0,0,0,0,0,0,9,36,0.61,0.17,0.03,0.57,0.29,0.14,1.5,0.286,4.5,1.0,687166,2025
Cody Poteet,30,525,Maj-AL,BAL,1,0,,,,2.2,6,5,5,2,1,0,0,16.88,14,2,1,0,0,0,0,0,0,16,68,0.56,0.13,0.09,0.38,0.08,0.0,3.0,0.462,3.4,0.5,547001,2025
Cade Povich,25,367,Maj-AL,BAL,22,20,3.0,8.0,,112.1,125,70,65,43,118,17,1,5.21,439,20,4,2,14,4,4,3,4,488,1971,0.63,0.18,0.1,0.42,0.25,0.07,1.496,0.351,9.5,2.74,700249,2025
Ryan Pressly,36,425,Maj-NL,CHC,44,0,2.0,3.0,5.0,41.1,46,24,20,17,28,6,2,4.35,160,8,0,0,7,0,2,2,0,182,661,0.63,0.17,0.07,0.53,0.21,0.07,1.524,0.317,6.1,1.65,519151,2025
Quinn Priester,24,349,Maj-NL,MIL,31,25,13.0,4.0,,162.0,151,66,62,55,134,19,6,3.44,611,35,2,1,20,2,7,5,0,676,2565,0.63,0.17,0.1,0.56,0.2,0.06,1.272,0.287,7.4,2.44,682990,2025
A.J. Puk,30,528,Maj-NL,ARI,8,0,,,4.0,8.0,8,3,3,2,12,2,1,3.38,32,3,0,0,0,0,3,0,0,35,156,0.68,0.15,0.15,0.25,0.35,0.1,1.25,0.333,13.5,6.0,640462,2025
Cal Quantrill,30,395,Maj-NL,"ATL,MIA",26,26,4.0,12.0,,117.2,136,81,79,35,85,22,5,6.04,472,29,6,0,10,1,25,3,4,513,2001,0.63,0.16,0.09,0.34,0.28,0.07,1.453,0.311,6.5,2.43,615698,2025
Jos\xc3\xa9 Quijada,29,426,Maj-AL,LAD,2,0,,,,1.1,1,0,0,2,3,0,0,0.0,6,0,0,0,0,0,1,0,0,8,41,0.49,0.12,0.1,0.33,0.67,0.0,2.25,0.333,20.3,1.5,650671,2025
Jose Quintana,36,345,Maj-NL,MIL,26,25,11.0,8.0,,136.2,128,68,61,52,92,19,5,4.02,520,17,0,0,12,3,9,2,2,581,2272,0.61,0.18,0.07,0.43,0.24,0.06,1.317,0.265,6.1,1.77,500779,2025
Cole Ragans,27,364,Maj-AL,KCR,13,13,3.0,3.0,,61.2,53,33,32,20,98,7,2,4.67,232,13,1,0,1,2,3,1,0,257,1079,0.65,0.16,0.16,0.37,0.26,0.1,1.184,0.357,14.3,4.9,666142,2025
Carson Ragsdale,27,365,Maj-AL,BAL,2,0,,,,5.0,10,8,8,1,4,1,0,14.4,24,4,0,0,0,0,0,1,0,25,95,0.67,0.15,0.07,0.3,0.2,0.0,2.2,0.474,7.2,4.0,685068,2025
Tanner Rainey,32,364,"Maj-AL,Maj-NL","DET,Pittsburgh",13,0,,1.0,,9.2,8,12,12,9,11,0,1,11.17,35,2,0,0,0,1,0,0,0,47,201,0.61,0.11,0.15,0.54,0.31,0.04,1.759,0.32,10.2,1.22,663432,2025
Erasmo Ram\xc3\xadrez,35,402,Maj-AL,MIN,9,0,,1.0,1.0,11.0,10,4,3,2,5,2,0,2.45,39,1,0,1,3,1,0,0,0,42,158,0.64,0.13,0.07,0.37,0.23,0.06,1.091,0.242,4.1,2.5,541640,2025
Alan Rangel,27,417,Maj-NL,PHI,5,0,,,1.0,11.0,10,3,3,6,8,1,0,2.45,40,3,0,0,2,0,0,0,0,46,174,0.6,0.17,0.07,0.28,0.31,0.13,1.455,0.29,6.5,1.33,660604,2025
Nick Raquet,29,383,Maj-NL,STL,2,0,,,,2.0,0,0,0,1,1,0,0,0.0,6,0,0,0,0,0,0,0,0,7,27,0.67,0.26,0.07,0.4,0.2,0.2,0.5,0.0,4.5,1.0,675919,2025
Taylor Rashi,29,365,Maj-NL,ARI,10,0,,1.0,2.0,16.1,16,8,8,8,22,0,0,4.41,64,4,0,0,0,0,1,1,0,72,319,0.6,0.21,0.1,0.4,0.33,0.1,1.469,0.381,12.1,2.75,688497,2025
Drew Rasmussen,29,367,Maj-AL,TBR,31,31,10.0,5.0,,150.0,116,47,46,37,127,18,5,2.76,541,14,0,1,16,1,19,7,0,585,2316,0.66,0.17,0.09,0.5,0.21,0.06,1.02,0.247,7.6,3.43,656876,2025
Colin Rea,34,351,Maj-NL,CHC,35,27,11.0,8.0,1.0,167.0,164,74,71,47,130,21,6,3.83,631,29,2,0,14,7,8,4,7,695,2655,0.65,0.17,0.09,0.4,0.27,0.09,1.263,0.294,7.0,2.77,607067,2025
Sean Reynolds,27,389,Maj-NL,SDP,19,1,,1.0,,27.0,20,16,16,17,25,4,3,5.33,97,4,0,0,3,0,2,0,0,117,494,0.58,0.15,0.09,0.32,0.26,0.1,1.37,0.235,8.3,1.47,669308,2025
Trevor Richards,32,431,"Maj-AL,Maj-NL","ARI,KCR",5,0,,,,5.2,11,5,5,2,5,0,0,7.94,25,2,0,0,0,1,1,1,0,29,116,0.64,0.14,0.1,0.36,0.36,0.09,2.294,0.524,7.9,2.5,670950,2025
Lyon Richardson,25,389,Maj-NL,CIN,34,0,,3.0,,37.2,37,25,19,21,30,2,2,4.54,145,11,0,4,4,4,1,1,0,172,674,0.6,0.19,0.08,0.54,0.24,0.02,1.54,0.299,7.2,1.43,680689,2025
Leo Rivas,27,504,Maj-AL,SEA,1,0,,,,1.0,3,0,0,1,0,0,0,0.0,5,0,0,0,1,0,0,0,0,6,18,0.56,0.06,0.0,0.4,0.4,0.0,4.0,0.6,0.0,0.0,660844,2025
Emmanuel Rivera,29,492,Maj-AL,BAL,1,0,,,,1.0,8,8,8,2,0,1,0,72.0,11,4,0,0,0,0,0,0,0,13,45,0.62,0.24,0.02,0.18,0.45,0.0,10.0,0.7,0.0,0.0,656896,2025
Christian Roa,26,378,Maj-NL,MIA,2,0,,,,3.0,1,0,0,3,3,0,0,0.0,9,1,0,0,1,0,1,0,0,12,41,0.54,0.17,0.0,0.5,0.17,0.0,1.333,0.167,9.0,1.0,685005,2025
Daniel Robert,30,391,Maj-NL,PHI,15,0,,,,13.0,11,7,6,10,15,2,0,4.15,49,1,1,0,1,0,0,1,0,59,255,0.62,0.16,0.12,0.26,0.38,0.09,1.615,0.281,10.4,1.5,642016,2025
Ethan Roberts,27,434,Maj-NL,CHC,10,0,1.0,,,9.0,10,6,6,2,6,3,1,6.0,35,3,0,0,0,1,0,1,0,39,144,0.67,0.21,0.06,0.3,0.3,0.07,1.333,0.259,6.0,3.0,681799,2025
David Robertson,40,358,Maj-NL,PHI,21,0,2.0,1.0,2.0,18.0,19,11,10,8,22,4,1,5.0,72,4,0,1,0,0,0,1,0,81,319,0.61,0.19,0.09,0.46,0.26,0.04,1.5,0.326,11.0,2.75,502085,2025
Joe Rock,24,382,Maj-AL,TBR,3,0,,,,7.2,7,2,2,2,11,1,2,2.35,31,0,0,0,0,0,1,0,0,35,145,0.63,0.21,0.08,0.55,0.2,0.0,1.174,0.316,12.9,5.5,697812,2025
Kumar Rocker,25,423,Maj-AL,TEX,14,14,4.0,5.0,,64.1,71,42,41,23,56,11,4,5.74,256,12,3,0,4,3,11,0,0,287,1127,0.65,0.15,0.11,0.49,0.24,0.04,1.461,0.313,7.8,2.43,677958,2025
Bradgley Rodriguez,21,364,Maj-NL,SDP,7,0,1.0,,,7.2,4,1,1,3,9,0,3,1.17,25,1,0,1,2,0,0,0,0,31,127,0.6,0.17,0.08,0.56,0.19,0.19,0.913,0.25,10.6,3.0,699134,2025
Carlos Rodriguez,23,365,Maj-NL,MIL,4,0,1.0,,,9.2,13,7,7,9,11,1,0,6.52,41,5,0,0,1,0,1,0,0,50,208,0.59,0.12,0.13,0.33,0.3,0.17,2.276,0.414,10.2,1.22,692230,2025
Eduardo Rodr\xc3\xadguez,32,365,Maj-NL,ARI,29,29,9.0,9.0,,154.1,178,94,86,60,143,25,1,5.02,623,37,3,2,8,5,8,2,0,694,2589,0.63,0.16,0.1,0.39,0.27,0.1,1.542,0.333,8.3,2.38,593958,2025
Elvin Rodr\xc3\xadguez,27,419,"Maj-AL,Maj-NL","BAL,MIL",7,2,,2.0,,19.2,26,20,20,7,18,9,1,9.15,82,5,0,0,1,0,0,1,1,90,335,0.62,0.18,0.09,0.19,0.25,0.08,1.678,0.309,8.2,2.57,660730,2025
Manuel Rodr\xc3\xadguez,28,475,Maj-AL,TBR,31,0,1.0,2.0,,30.1,26,9,7,6,25,2,1,2.08,112,3,0,0,4,1,6,0,0,121,431,0.65,0.15,0.11,0.6,0.21,0.06,1.055,0.279,7.4,4.17,655889,2025
Yariel Rodr\xc3\xadguez,28,347,Maj-AL,TOR,70,1,3.0,2.0,2.0,75.2,52,29,28,38,67,10,6,3.33,265,7,1,3,7,1,6,0,2,312,1222,0.59,0.14,0.11,0.41,0.25,0.08,1.189,0.222,8.0,1.76,684320,2025
Jake Rogers,30,390,Maj-AL,DET,4,0,,,,3.2,5,1,1,0,0,0,1,2.45,14,1,0,0,1,1,0,0,0,16,49,0.61,0.27,0.0,0.4,0.27,0.07,1.364,0.333,0.0,,668670,2025
Taylor Rogers,34,361,Maj-NL,"CHC,CIN",58,0,3.0,2.0,,51.2,47,25,19,23,53,7,3,3.31,193,13,1,2,4,4,5,1,1,224,907,0.65,0.21,0.1,0.42,0.26,0.09,1.355,0.292,9.2,2.3,573124,2025
Trevor Rogers,27,366,Maj-AL,BAL,18,18,9.0,3.0,,109.2,70,23,22,29,103,6,2,1.81,388,8,3,0,9,2,3,1,0,423,1627,0.68,0.15,0.13,0.46,0.2,0.09,0.903,0.228,8.5,3.55,669432,2025
Miguel Rojas,36,450,Maj-NL,LAD,4,0,,,,5.0,11,7,7,2,0,3,1,12.6,25,3,0,0,1,0,0,0,0,28,69,0.62,0.1,0.03,0.36,0.28,0.0,2.6,0.364,0.0,0.0,500743,2025
Jordan Romano,32,398,Maj-NL,PHI,49,0,2.0,4.0,8.0,42.2,45,40,39,17,47,10,3,8.23,163,9,0,1,2,4,10,4,0,187,701,0.65,0.18,0.12,0.38,0.18,0.12,1.453,0.318,9.9,2.76,605447,2025
JoJo Romero,28,369,Maj-NL,STL,65,0,4.0,6.0,8.0,61.0,47,21,14,29,55,2,2,2.07,217,9,0,5,6,3,4,1,1,255,990,0.62,0.21,0.11,0.57,0.17,0.07,1.246,0.276,8.1,1.9,668941,2025
John Rooney,28,399,Maj-AL,HOU,1,0,,,,1.1,1,1,1,1,2,1,0,6.75,5,0,0,0,0,0,0,0,0,6,23,0.61,0.26,0.17,0.33,0.0,0.0,1.5,0.0,13.5,2.0,680701,2025
Joe Ross,32,398,Maj-NL,PHI,37,1,2.0,1.0,,51.0,57,30,29,18,39,8,3,5.12,202,17,1,1,2,4,0,1,0,228,862,0.64,0.13,0.1,0.46,0.24,0.05,1.471,0.308,6.9,2.17,605452,2025
Chris Roycroft,28,366,Maj-NL,STL,20,0,1.0,3.0,,20.2,26,21,18,12,15,2,1,7.84,85,8,2,1,0,2,2,1,0,101,394,0.62,0.14,0.08,0.48,0.23,0.05,1.839,0.343,6.5,1.25,688297,2025
Jos\xc3\xa9 Ruiz,30,469,Maj-NL,"ATL,PHI",18,0,1.0,,,16.1,23,17,16,9,15,3,0,8.82,68,7,0,0,0,2,1,1,0,79,302,0.63,0.12,0.12,0.44,0.27,0.04,1.959,0.385,8.3,1.67,614179,2025
Joe Ryan,29,366,Maj-AL,MIN,31,30,13.0,10.0,,171.0,138,69,65,39,194,26,12,3.42,633,32,0,0,6,4,21,11,1,689,2795,0.66,0.16,0.12,0.37,0.2,0.11,1.035,0.269,10.2,4.97,657746,2025
Andrew Saalfrank,27,366,Maj-NL,ARI,28,0,2.0,1.0,3.0,29.0,19,5,4,10,19,1,0,1.24,101,4,0,1,2,2,5,0,0,113,427,0.63,0.16,0.12,0.45,0.2,0.06,1.0,0.217,5.9,1.9,685314,2025
Erik Sabrowski,27,360,Maj-AL,CLE,36,0,,1.0,,31.0,16,10,8,22,44,2,3,2.32,104,5,0,0,2,0,5,2,0,129,534,0.62,0.14,0.16,0.3,0.3,0.18,1.226,0.241,12.8,2.0,681870,2025
C\xc3\xa9sar Salazar,29,486,Maj-AL,HOU,1,0,,,,1.0,0,0,0,0,0,0,1,0.0,3,0,0,0,0,0,0,0,0,4,11,0.64,0.27,0.0,0.0,0.0,0.33,0.0,0.0,0.0,,663967,2025
Chris Sale,36,364,Maj-NL,ATL,21,20,7.0,5.0,,125.2,102,38,36,32,165,11,11,2.58,463,15,4,0,2,2,23,8,2,510,2031,0.67,0.18,0.13,0.4,0.24,0.05,1.066,0.315,11.8,5.16,519242,2025
Ali S\xc3\xa1nchez,28,425,Maj-AL,TOR,1,0,,,,1.0,3,2,2,0,1,0,0,18.0,5,2,0,0,0,1,0,0,0,6,18,0.72,0.11,0.06,0.2,0.4,0.0,3.0,0.6,9.0,,645305,2025
Cristopher S\xc3\xa1nchez,28,353,Maj-NL,PHI,34,34,13.0,5.0,,214.0,180,61,59,47,225,12,8,2.48,799,36,0,0,21,1,10,4,0,857,3086,0.67,0.18,0.14,0.59,0.23,0.03,1.061,0.298,9.5,4.79,650911,2025
Gary S\xc3\xa1nchez,32,525,Maj-AL,BAL,1,0,,,,1.0,2,4,4,1,0,1,1,36.0,5,1,0,0,0,0,0,0,0,7,19,0.42,0.11,0.0,0.2,0.4,0.0,3.0,0.25,0.0,0.0,596142,2025
Nick Sandlin,28,447,Maj-AL,TOR,19,0,,2.0,1.0,16.1,11,7,4,8,16,2,2,2.2,59,2,0,0,2,0,0,1,0,69,293,0.59,0.15,0.15,0.37,0.23,0.21,1.163,0.22,8.8,2.0,680704,2025
Cole Sands,27,364,Maj-AL,MIN,69,3,4.0,6.0,3.0,72.0,65,41,36,19,64,7,4,4.5,269,13,3,2,5,4,7,1,2,299,1143,0.65,0.16,0.1,0.44,0.23,0.08,1.167,0.287,8.0,3.37,663485,2025
Reiver Sanmartin,29,390,Maj-NL,CIN,1,0,,,,1.2,2,1,0,1,2,0,0,0.0,7,1,0,1,0,0,0,0,0,8,25,0.64,0.12,0.08,0.6,0.2,0.2,1.8,0.4,10.8,2.0,665665,2025
Javier Sanoja,22,368,Maj-NL,MIA,8,0,,,,9.1,24,17,17,5,1,4,0,16.39,49,3,0,0,2,0,0,0,0,54,170,0.61,0.1,0.05,0.23,0.31,0.08,3.107,0.455,1.0,0.2,691594,2025
Tony Santillan,28,361,Maj-NL,CIN,81,0,1.0,5.0,7.0,74.2,55,24,21,31,75,7,5,2.53,269,12,2,2,9,1,1,3,0,308,1258,0.64,0.15,0.12,0.38,0.28,0.11,1.152,0.255,9.0,2.42,663574,2025
Gregory Santos,25,530,Maj-AL,SEA,8,0,1.0,1.0,,7.0,8,6,4,8,0,0,0,5.14,27,3,0,2,1,0,2,0,0,36,132,0.56,0.14,0.05,0.64,0.18,0.04,2.286,0.296,0.0,0.0,666619,2025
Roki Sasaki,23,331,Maj-NL,LAD,19,8,1.0,1.0,3.0,47.0,36,19,19,27,34,6,4,3.64,172,8,1,0,1,1,4,0,0,204,787,0.6,0.16,0.1,0.39,0.24,0.09,1.34,0.226,6.5,1.26,808963,2025
Tayler Saucedo,32,389,Maj-AL,SEA,10,0,,,,13.1,19,12,11,6,12,2,1,7.43,59,3,0,0,0,0,3,0,0,66,232,0.62,0.17,0.09,0.57,0.17,0.0,1.875,0.378,8.1,2.0,642048,2025
Matt Sauer,26,402,Maj-NL,LAD,10,1,2.0,1.0,1.0,29.2,35,23,21,8,24,6,2,6.37,117,6,1,0,4,2,0,0,0,129,512,0.65,0.14,0.1,0.42,0.27,0.06,1.449,0.326,7.3,3.0,669422,2025
Max Scherzer,40,330,Maj-AL,TOR,20,20,6.0,5.0,,99.1,99,55,55,29,93,22,2,4.98,383,23,0,0,3,2,8,3,1,416,1611,0.66,0.16,0.11,0.27,0.25,0.1,1.289,0.285,8.4,3.21,453286,2025
Jesse Scholtens,31,367,Maj-AL,TBR,2,0,,1.0,,8.1,9,7,5,3,12,1,0,5.4,34,0,0,0,0,1,1,0,1,38,154,0.65,0.16,0.14,0.39,0.3,0.04,1.44,0.364,13.0,4.0,669947,2025
John Schreiber,31,365,Maj-AL,KCR,74,0,3.0,3.0,1.0,64.0,57,29,27,19,62,10,1,3.8,244,12,1,1,4,0,0,0,1,265,1047,0.64,0.17,0.1,0.4,0.23,0.09,1.188,0.273,8.7,3.26,670167,2025
Paxton Schultz,27,399,Maj-AL,TOR,13,2,,,,24.2,27,16,12,8,28,4,1,4.38,98,9,0,0,0,3,0,0,0,110,448,0.63,0.18,0.11,0.41,0.23,0.1,1.419,0.333,10.2,3.5,687606,2025
Spencer Schwellenbach,25,456,Maj-NL,ATL,17,17,7.0,4.0,,110.2,89,44,38,18,108,13,2,3.09,410,18,2,1,5,3,3,2,1,434,1573,0.69,0.17,0.13,0.47,0.27,0.06,0.967,0.26,8.8,6.0,680885,2025
Tanner Scott,30,366,Maj-NL,LAD,61,0,1.0,4.0,23.0,57.0,54,33,30,18,60,11,4,4.74,213,7,2,2,6,2,1,1,0,238,912,0.7,0.14,0.15,0.4,0.25,0.09,1.263,0.299,9.5,3.33,656945,2025
Tayler Scott,33,405,"Maj-AL,Maj-NL","ARI,HOU",24,0,1.0,2.0,,27.1,34,25,24,18,24,6,1,7.9,111,9,2,0,0,2,12,0,0,134,536,0.6,0.16,0.11,0.45,0.24,0.05,1.902,0.337,7.9,1.33,605463,2025
Connor Seabold,29,377,"Maj-AL,Maj-NL","ATL,TBR",7,0,,,,10.1,12,5,5,6,10,1,0,4.35,41,1,0,0,0,1,0,0,0,48,185,0.66,0.15,0.1,0.31,0.22,0.03,1.742,0.355,8.7,1.67,657756,2025
JP Sears,29,364,"Maj-AL,Maj-NL","Athletics,SDP",27,27,9.0,11.0,,135.2,143,79,76,36,117,30,6,5.04,534,36,1,0,8,4,4,4,0,583,2366,0.64,0.17,0.09,0.3,0.24,0.09,1.319,0.289,7.8,3.25,676664,2025
Anthony Seigler,26,411,Maj-NL,MIL,1,0,,,,1.0,1,0,0,0,0,0,0,0.0,4,0,0,0,0,0,0,0,0,4,11,0.64,0.09,0.0,0.25,0.0,0.0,1.0,0.25,0.0,,678011,2025
Colin Selby,27,366,Maj-AL,BAL,11,0,,2.0,,14.0,16,5,5,2,14,2,0,3.21,58,3,0,0,0,0,1,0,0,60,214,0.64,0.14,0.13,0.48,0.23,0.02,1.286,0.333,9.0,7.0,681882,2025
Paul Sewald,35,364,Maj-AL,"CLE,DET",22,0,1.0,1.0,2.0,19.2,18,11,10,6,20,4,0,4.58,73,3,0,0,0,2,3,0,1,81,316,0.67,0.19,0.1,0.15,0.22,0.15,1.22,0.275,9.2,3.33,623149,2025
Ian Seymour,26,364,Maj-AL,TBR,19,5,4.0,3.0,,57.0,48,33,23,19,64,5,3,3.63,217,8,0,1,4,2,3,0,0,242,995,0.65,0.16,0.12,0.37,0.3,0.06,1.175,0.287,10.1,3.37,693855,2025
Emmet Sheehan,25,330,Maj-NL,LAD,21,12,6.0,3.0,,80.2,62,36,30,27,95,7,2,3.35,298,13,3,1,1,3,0,3,2,330,1296,0.65,0.14,0.15,0.34,0.29,0.09,1.103,0.276,10.6,3.52,686218,2025
Jared Shuster,26,480,Maj-AL,CHC,12,2,,,,15.2,27,15,14,5,12,0,2,8.04,74,8,0,2,1,1,2,0,0,82,280,0.68,0.14,0.11,0.44,0.33,0.03,2.043,0.429,6.9,2.4,694363,2025
Chase Silseth,25,366,Maj-AL,LAD,10,0,,,,11.0,10,2,2,6,13,1,1,1.64,41,2,0,1,0,1,4,0,0,49,212,0.64,0.12,0.17,0.59,0.17,0.03,1.455,0.321,10.6,2.17,681217,2025
Josh Simpson,27,365,Maj-NL,MIA,31,0,4.0,2.0,,30.2,34,28,25,22,36,5,3,7.34,125,5,1,2,2,0,1,0,0,151,610,0.63,0.17,0.11,0.54,0.26,0.02,1.826,0.345,10.6,1.64,681006,2025
Brady Singer,28,364,Maj-NL,CIN,32,32,14.0,12.0,,169.2,150,80,76,60,163,19,14,4.03,631,36,6,0,13,9,14,4,0,716,2850,0.62,0.18,0.1,0.4,0.25,0.06,1.238,0.286,8.6,2.72,663903,2025
Evan Sisk,28,373,"Maj-AL,Maj-NL","KCR,Pittsburgh",19,0,1.0,1.0,,17.2,16,7,7,10,25,1,2,3.57,66,2,1,0,0,1,4,1,0,80,329,0.6,0.21,0.12,0.51,0.19,0.05,1.472,0.366,12.7,2.5,681895,2025
Tarik Skubal,28,352,Maj-AL,DET,34,34,14.0,6.0,,216.0,151,59,52,37,277,20,5,2.17,776,27,2,0,11,3,5,4,4,823,3152,0.7,0.15,0.17,0.42,0.24,0.08,0.87,0.272,11.5,7.49,669373,2025
Justin Slaten,27,360,Maj-AL,BOS,38,0,2.0,4.0,3.0,36.0,28,20,17,11,26,3,1,4.25,133,3,0,2,3,1,2,0,0,146,528,0.66,0.13,0.14,0.4,0.23,0.07,1.083,0.238,6.5,2.36,686580,2025
Cade Smith,26,360,Maj-AL,CLE,79,0,9.0,5.0,16.0,77.0,55,31,24,21,108,4,6,2.81,284,21,1,3,1,2,1,1,0,315,1241,0.67,0.16,0.16,0.37,0.3,0.06,0.987,0.293,12.6,5.14,671922,2025
Dylan Smith,25,452,Maj-AL,DET,7,0,1.0,,,13.0,6,2,2,5,4,0,3,1.38,40,1,0,0,4,0,0,1,0,48,165,0.61,0.13,0.11,0.53,0.22,0.06,0.846,0.167,2.8,0.8,681916,2025
Shane Smith,25,364,Maj-AL,CHC,29,29,7.0,8.0,,146.1,117,70,62,58,145,17,12,3.81,542,23,3,1,12,2,14,1,3,616,2419,0.63,0.15,0.12,0.41,0.26,0.04,1.196,0.262,8.9,2.5,681343,2025
AJ Smith-Shawver,22,486,Maj-NL,ATL,9,9,3.0,2.0,,44.1,42,20,19,21,42,4,1,3.86,169,8,1,0,3,0,7,1,0,192,714,0.63,0.17,0.11,0.36,0.3,0.04,1.421,0.309,8.5,2.0,700363,2025
Blake Snell,32,330,Maj-NL,LAD,17,16,8.0,6.0,,95.1,72,33,28,39,113,6,1,2.64,337,12,1,1,7,4,7,8,3,384,1565,0.62,0.15,0.16,0.53,0.25,0.03,1.164,0.297,10.7,2.9,605483,2025
Collin Snider,29,481,Maj-AL,SEA,24,0,2.0,1.0,,26.1,32,20,16,6,24,3,2,5.47,107,12,2,1,3,2,1,0,0,119,477,0.69,0.13,0.11,0.41,0.28,0.07,1.443,0.354,8.2,4.0,676092,2025
Drew Sommers,24,391,Maj-AL,DET,4,0,,1.0,,3.0,7,6,6,3,3,1,1,18.0,15,1,1,0,0,0,0,1,1,19,78,0.58,0.22,0.09,0.33,0.33,0.0,3.333,0.545,9.0,1.0,805427,2025
George Soriano,26,365,Maj-NL,MIA,24,0,2.0,,1.0,36.2,46,36,34,19,36,10,2,8.35,150,7,1,1,2,1,2,0,0,173,692,0.65,0.18,0.1,0.44,0.29,0.03,1.773,0.343,8.8,1.89,666277,2025
Jos\xc3\xa9 Soriano,26,375,Maj-AL,LAD,31,31,10.0,11.0,,169.0,158,89,80,78,152,12,5,4.26,634,28,1,0,30,2,5,1,0,724,2784,0.61,0.17,0.11,0.66,0.2,0.02,1.396,0.309,8.1,1.95,667755,2025
Michael Soroka,27,358,Maj-NL,"CHC,Washington",24,17,3.0,8.0,,91.1,77,52,48,31,96,12,15,4.73,344,15,1,0,4,1,8,4,0,391,1569,0.63,0.18,0.09,0.44,0.19,0.08,1.182,0.274,9.5,3.1,647336,2025
Gregory Soto,30,364,"Maj-AL,Maj-NL","BAL,New York",70,0,1.0,5.0,1.0,60.1,62,33,28,24,70,4,11,4.18,241,9,0,1,3,2,12,0,1,279,1032,0.65,0.18,0.13,0.45,0.24,0.07,1.425,0.343,10.4,2.92,642397,2025
Bennett Sousa,30,404,Maj-AL,HOU,44,0,5.0,1.0,4.0,50.2,37,18,16,15,59,4,0,2.84,181,11,0,0,4,2,11,0,1,199,728,0.67,0.14,0.19,0.39,0.24,0.09,1.026,0.275,10.5,3.93,656986,2025
Gabe Speier,30,345,Maj-AL,SEA,83,0,5.0,4.0,,69.1,49,24,23,13,88,7,5,2.99,251,13,2,2,0,3,10,1,1,273,1020,0.7,0.18,0.13,0.4,0.18,0.07,0.894,0.264,11.4,6.77,642100,2025
Carson Spiers,27,526,Maj-NL,CIN,3,2,,2.0,,13.1,13,9,9,7,11,3,1,6.08,50,2,0,0,0,1,0,0,0,60,246,0.58,0.15,0.09,0.32,0.24,0.1,1.5,0.27,7.4,1.57,686730,2025
Justin Steele,29,538,Maj-NL,CHC,4,4,3.0,1.0,,22.2,21,12,12,5,21,5,1,4.76,85,4,0,0,2,1,0,1,0,92,313,0.7,0.19,0.09,0.42,0.23,0.09,1.147,0.267,8.3,4.2,657006,2025
Michael Stefanic,29,490,Maj-AL,TOR,1,0,,,,1.0,0,0,0,0,0,0,0,0.0,3,0,0,0,0,0,0,0,0,3,7,0.57,0.14,0.0,0.0,0.33,0.33,0.0,0.0,0.0,,683021,2025
Robert Stephenson,32,373,Maj-AL,LAD,11,0,2.0,,,10.0,7,4,3,3,10,1,1,2.7,37,4,0,1,0,0,2,1,0,42,144,0.72,0.16,0.21,0.3,0.26,0.07,1.0,0.231,9.0,3.33,596112,2025
Brock Stewart,33,414,"Maj-AL,Maj-NL","LAD,MIN",43,0,2.0,2.0,,37.2,32,11,11,13,44,3,4,2.63,141,4,1,2,0,0,8,1,2,159,610,0.65,0.14,0.15,0.38,0.17,0.12,1.195,0.309,10.5,3.38,592779,2025
Robert Stock,35,476,Maj-AL,BOS,2,0,,,,2.2,4,3,3,4,1,1,0,10.13,11,0,0,0,0,0,0,0,0,15,59,0.54,0.22,0.05,0.3,0.2,0.1,3.0,0.333,3.4,0.25,476594,2025
Matt Strahm,33,353,Maj-NL,PHI,69,0,2.0,3.0,6.0,64.2,49,23,20,20,72,6,2,2.78,235,11,2,1,1,5,3,0,0,265,1025,0.68,0.16,0.12,0.23,0.24,0.16,1.067,0.265,10.0,3.6,621381,2025
Chris Stratton,34,478,"Maj-AL,Maj-NL","KCR,LAD",15,0,,,,21.0,32,20,18,10,22,4,0,7.71,92,5,2,0,1,2,1,0,0,104,411,0.61,0.16,0.12,0.49,0.22,0.06,2.0,0.412,9.4,2.2,608717,2025
Hunter Stratton,28,366,Maj-NL,"ATL,Pittsburgh",15,0,1.0,1.0,1.0,19.0,23,12,11,7,16,3,3,5.21,77,2,0,0,1,2,0,0,0,89,343,0.67,0.15,0.08,0.33,0.25,0.08,1.579,0.333,7.6,2.29,676702,2025
Hunter Strickland,36,448,Maj-AL,LAD,19,0,1.0,2.0,1.0,22.0,17,9,8,10,14,2,0,3.27,80,6,0,2,1,1,1,2,1,91,332,0.65,0.14,0.1,0.36,0.25,0.07,1.227,0.231,5.7,1.4,519326,2025
Spencer Strider,26,365,Maj-NL,ATL,23,23,7.0,14.0,,125.1,124,63,62,51,131,20,8,4.45,475,29,1,0,8,4,15,6,6,539,2110,0.61,0.14,0.14,0.38,0.26,0.05,1.396,0.317,9.4,2.57,675911,2025
Kade Strowd,27,364,Maj-AL,BAL,25,0,,1.0,,26.1,16,6,5,13,24,1,1,1.71,90,1,0,0,4,1,1,0,1,105,406,0.64,0.16,0.11,0.57,0.19,0.03,1.101,0.227,8.2,1.85,669704,2025
Albert Su\xc3\xa1rez,35,378,Maj-AL,BAL,5,1,2.0,,,11.2,9,4,3,2,10,0,1,2.31,40,2,1,1,1,1,2,1,0,44,173,0.62,0.14,0.09,0.42,0.16,0.06,0.943,0.29,7.7,5.0,544150,2025
Jos\xc3\xa9 Suarez,27,365,Maj-NL,ATL,7,1,2.0,,1.0,19.1,15,5,4,10,16,1,0,1.86,69,2,0,1,1,1,2,0,1,81,295,0.61,0.17,0.14,0.49,0.22,0.04,1.293,0.264,7.4,1.6,660761,2025
Ranger Suarez,29,354,Maj-NL,PHI,27,26,13.0,8.0,,162.1,159,58,57,39,155,15,6,3.16,621,25,2,0,14,3,6,4,1,671,2503,0.66,0.18,0.1,0.48,0.21,0.07,1.22,0.317,8.6,3.97,624133,2025
Robert Suarez,34,360,Maj-NL,SDP,72,0,4.0,6.0,41.0,72.0,52,25,24,16,77,7,2,3.0,260,7,1,2,4,1,3,0,0,280,1125,0.68,0.14,0.12,0.36,0.29,0.08,0.944,0.254,9.6,4.81,663158,2025
Wander Suero,33,395,Maj-NL,ATL,5,0,,,,6.1,10,8,8,4,7,3,0,11.37,28,1,0,0,0,0,1,0,0,32,142,0.63,0.13,0.13,0.33,0.1,0.14,2.211,0.389,9.9,1.75,593833,2025
Tomoyuki Sugano,35,365,Maj-AL,BAL,30,30,10.0,10.0,,157.0,173,85,81,36,106,33,8,4.64,626,21,3,2,11,5,8,4,0,675,2564,0.63,0.16,0.08,0.41,0.24,0.06,1.331,0.285,6.1,2.94,608372,2025
Cole Sulser,35,366,Maj-AL,TBR,18,0,2.0,1.0,,22.2,20,5,5,7,22,1,0,1.99,83,2,0,1,4,0,3,0,0,90,387,0.66,0.12,0.14,0.41,0.31,0.05,1.191,0.317,8.7,3.14,642121,2025
Brent Suter,35,362,Maj-NL,CIN,49,3,1.0,2.0,,69.0,73,40,35,18,55,11,2,4.57,277,11,1,1,3,1,0,1,2,299,1171,0.64,0.16,0.09,0.44,0.21,0.04,1.319,0.292,7.2,3.06,608718,2025
Matt Svanson,26,364,Maj-NL,STL,39,0,4.0,,,60.1,33,14,13,20,68,3,4,1.94,206,5,2,0,4,4,1,0,0,234,964,0.64,0.2,0.09,0.43,0.26,0.06,0.878,0.216,10.1,3.4,694335,2025
Erik Swanson,31,469,Maj-AL,TOR,6,0,1.0,,,5.1,8,9,9,5,3,2,1,15.19,22,3,0,0,0,2,2,0,0,30,128,0.61,0.15,0.09,0.24,0.24,0.1,2.438,0.316,5.1,0.6,657024,2025
Jameson Taillon,33,354,Maj-NL,CHC,25,25,11.0,7.0,,137.2,117,56,55,28,105,24,0,3.6,519,25,2,0,4,2,10,5,2,551,2114,0.67,0.19,0.1,0.35,0.23,0.1,1.053,0.237,6.9,3.75,592791,2025
Freddy Tarnok,26,390,Maj-NL,MIA,5,0,1.0,,1.0,7.1,1,2,2,4,10,1,1,2.45,23,0,0,0,1,0,0,0,0,28,130,0.57,0.22,0.08,0.69,0.15,0.08,0.682,0.0,12.3,2.5,676206,2025
Dillon Tate,31,390,Maj-AL,TOR,6,0,,,,6.1,8,3,3,6,8,1,1,4.26,27,1,0,0,1,0,0,0,0,34,139,0.59,0.2,0.07,0.26,0.32,0.16,2.211,0.389,11.4,1.33,622253,2025
Grant Taylor,23,366,Maj-AL,CHC,36,2,2.0,4.0,6.0,36.2,37,20,20,15,54,0,0,4.91,138,5,0,1,4,2,6,0,1,157,609,0.66,0.18,0.14,0.51,0.27,0.05,1.418,0.43,13.3,3.6,691799,2025
Troy Taylor,23,496,Maj-AL,SEA,8,0,,,,6.2,14,9,9,3,2,2,1,12.15,30,1,0,0,1,2,0,0,0,37,136,0.62,0.15,0.07,0.26,0.32,0.06,2.55,0.429,2.7,0.67,700187,2025
Rowdy Tellez,30,407,Maj-AL,TEX,1,0,,,,2.0,5,3,3,0,0,1,1,13.5,10,0,0,0,1,0,0,0,0,11,23,0.61,0.04,0.0,0.4,0.3,0.1,2.5,0.444,0.0,,642133,2025
Caleb Thielbar,38,351,Maj-NL,CHC,72,0,3.0,4.0,1.0,61.2,40,17,17,16,61,5,0,2.48,217,9,1,1,4,3,2,1,1,236,894,0.67,0.17,0.12,0.42,0.16,0.13,0.908,0.227,8.9,3.81,573204,2025
Connor Thomas,27,540,Maj-NL,MIL,2,0,,,,5.1,12,12,12,2,5,3,1,20.25,26,2,0,0,1,2,0,0,0,31,119,0.61,0.18,0.05,0.35,0.43,0.09,2.625,0.45,8.4,2.5,671162,2025
Ryan Thompson,33,366,Maj-NL,ARI,48,0,3.0,2.0,1.0,41.1,42,21,18,13,36,4,2,3.92,160,7,0,2,4,0,10,2,1,175,651,0.66,0.17,0.12,0.49,0.26,0.04,1.331,0.317,7.8,2.77,657044,2025
Zach Thompson,31,530,Maj-NL,ATL,2,0,,,,3.2,0,0,0,1,3,0,0,0.0,11,0,0,0,0,0,0,0,0,12,60,0.6,0.13,0.07,0.38,0.0,0.13,0.273,0.0,7.4,3.0,605507,2025
Trent Thornton,31,423,Maj-AL,SEA,33,0,2.0,,,42.1,41,23,22,14,32,6,4,4.68,159,3,1,2,4,2,5,1,0,180,656,0.67,0.17,0.1,0.44,0.23,0.08,1.299,0.285,6.8,2.29,663423,2025
Jes\xc3\xbas Tinoco,30,482,Maj-NL,MIA,20,0,2.0,1.0,4.0,19.1,17,12,11,8,10,1,0,5.12,71,4,1,1,2,0,2,1,0,80,304,0.64,0.2,0.07,0.45,0.27,0.11,1.293,0.267,4.7,1.25,622786,2025
Payton Tolle,22,361,Maj-AL,BOS,8,3,,1.0,,16.2,18,12,11,8,19,5,0,5.94,66,2,0,0,1,1,3,0,0,75,311,0.64,0.1,0.15,0.33,0.35,0.06,1.56,0.302,10.3,2.38,801139,2025
Michael Tonkin,35,366,Maj-AL,MIN,21,0,2.0,1.0,,24.0,20,13,13,8,19,3,5,4.88,89,5,0,0,1,1,2,1,0,103,397,0.63,0.19,0.08,0.32,0.31,0.07,1.167,0.25,7.1,2.38,543859,2025
Justin Topa,34,385,Maj-AL,MIN,54,1,1.0,5.0,4.0,60.0,68,32,26,18,49,2,4,3.9,242,17,0,3,3,2,7,0,0,268,978,0.66,0.19,0.08,0.48,0.28,0.07,1.433,0.342,7.4,2.72,623437,2025
Abraham Toro,28,492,Maj-AL,BOS,1,0,,,,1.0,4,2,2,1,0,0,0,18.0,6,2,0,0,0,1,0,0,0,8,15,0.67,0.13,0.07,0.43,0.29,0.14,5.0,0.571,0.0,0.0,647351,2025
Touki Toussaint,29,511,Maj-AL,LAD,1,0,,,,2.0,4,2,2,1,3,0,0,9.0,10,1,0,0,0,0,0,0,0,11,37,0.65,0.19,0.14,0.43,0.43,0.0,2.5,0.571,13.5,3.0,657053,2025
Blake Treinen,37,333,Maj-NL,LAD,42,0,2.0,7.0,3.0,32.0,40,22,20,21,41,4,2,5.63,133,8,0,4,0,1,13,1,1,157,619,0.65,0.17,0.11,0.4,0.28,0.06,1.906,0.404,11.5,1.95,595014,2025
Jose Trevino,32,446,Maj-NL,CIN,2,0,,,,2.1,4,1,1,1,1,0,0,3.86,10,2,0,0,0,1,0,0,0,12,48,0.56,0.15,0.02,0.1,0.5,0.1,2.143,0.4,3.9,1.0,624431,2025
Lou Trivino,33,364,Maj-NL,"LAD,PHI,San Francisco",47,2,3.0,2.0,,47.2,46,23,21,18,37,6,6,3.97,178,5,1,1,4,4,3,0,2,207,841,0.62,0.15,0.11,0.36,0.22,0.13,1.343,0.288,7.0,2.06,642152,2025
Spencer Turnbull,32,464,Maj-AL,TOR,3,1,1.0,1.0,,6.1,12,5,5,4,4,1,0,7.11,29,1,1,0,1,0,1,0,0,33,125,0.63,0.16,0.11,0.48,0.2,0.04,2.526,0.458,5.7,1.0,605513,2025
Edwin Uceta,27,364,Maj-AL,TBR,70,0,10.0,3.0,1.0,76.0,62,33,32,27,103,11,8,3.79,282,11,2,3,2,3,10,2,0,321,1214,0.65,0.12,0.17,0.33,0.25,0.08,1.171,0.298,12.2,3.81,670955,2025
Jos\xc3\xa9 Ure\xc3\xb1a,33,365,"Maj-AL,Maj-NL","LAD,MIN,New York,TOR",19,6,,1.0,1.0,55.0,57,29,28,23,34,8,3,4.58,217,15,1,1,2,1,1,1,0,245,934,0.62,0.14,0.08,0.37,0.3,0.08,1.455,0.278,5.6,1.48,570632,2025
Abner Uribe,25,346,Maj-NL,MIL,80,0,3.0,2.0,8.0,81.1,54,20,16,31,96,4,6,1.77,282,5,0,3,9,0,0,1,2,323,1251,0.64,0.19,0.13,0.53,0.22,0.08,1.045,0.275,10.6,3.1,682842,2025
Jos\xc3\xa9 Urquidy,30,375,Maj-AL,DET,2,0,,,,2.1,4,2,2,3,3,0,0,7.71,11,0,0,0,0,0,1,0,0,14,56,0.63,0.2,0.16,0.25,0.38,0.0,3.0,0.5,11.6,1.0,664353,2025
Framber Valdez,31,367,Maj-AL,HOU,31,31,13.0,11.0,,192.0,171,82,78,68,187,15,7,3.66,717,33,4,0,22,6,25,3,1,802,2893,0.64,0.17,0.12,0.59,0.22,0.02,1.245,0.299,8.8,2.75,664285,2025
Brian Van Belle,28,387,Maj-AL,TBR,4,0,1.0,,,8.1,13,5,5,0,6,2,0,5.4,36,1,0,0,2,0,1,0,0,36,129,0.69,0.16,0.16,0.3,0.37,0.1,1.56,0.393,6.5,,687003,2025
Logan VanWey,26,386,Maj-AL,HOU,9,0,,,,10.2,15,7,6,3,7,2,1,5.06,45,1,0,0,1,0,0,0,0,49,182,0.65,0.2,0.07,0.36,0.31,0.1,1.688,0.361,5.9,2.33,701121,2025
Carlos Vargas,25,343,Maj-AL,SEA,76,0,5.0,6.0,1.0,84.0,91,44,39,26,58,11,7,4.18,327,13,1,4,12,2,7,2,0,364,1230,0.67,0.17,0.09,0.56,0.2,0.03,1.393,0.308,6.2,2.23,672841,2025
Louis Varland,27,330,Maj-AL,"MIN,TOR",89,2,4.0,4.0,,88.2,79,34,31,25,92,10,3,3.15,327,19,1,1,6,3,6,3,2,361,1316,0.66,0.15,0.13,0.51,0.23,0.05,1.173,0.303,9.3,3.68,686973,2025
Mike Vasil,25,365,Maj-AL,CHC,47,3,5.0,3.0,4.0,101.0,74,32,28,52,82,8,8,2.5,362,13,1,5,13,0,24,3,0,423,1648,0.6,0.17,0.09,0.51,0.21,0.05,1.248,0.243,7.3,1.58,678024,2025
Randy V\xc3\xa1squez,26,364,Maj-NL,SDP,28,26,6.0,7.0,,133.2,125,59,57,52,78,16,7,3.84,506,19,1,1,12,5,10,3,2,570,2148,0.63,0.17,0.07,0.4,0.21,0.11,1.324,0.261,5.3,1.5,681190,2025
Luis V\xc3\xa1zquez,25,378,Maj-AL,BAL,4,0,,,,4.1,3,0,0,1,0,0,0,0.0,13,0,0,0,3,0,0,0,0,14,32,0.66,0.19,0.03,0.69,0.15,0.0,0.923,0.231,0.0,0.0,676679,2025
Anthony Veneziano,27,401,Maj-NL,"MIA,STL",26,1,,,,25.0,28,13,13,11,25,4,2,4.68,101,5,2,0,1,2,5,0,1,117,483,0.64,0.16,0.11,0.51,0.24,0.04,1.56,0.324,9.0,2.27,685107,2025
Alex Vesia,29,345,Maj-NL,LAD,75,0,6.0,2.0,5.0,64.1,40,23,22,25,84,9,5,3.08,220,8,0,3,3,4,4,4,2,256,1113,0.65,0.15,0.14,0.32,0.21,0.18,1.01,0.237,11.8,3.36,681911,2025
Will Vest,30,352,Maj-AL,DET,69,0,7.0,5.0,24.0,76.2,63,26,23,22,84,4,2,2.7,285,8,2,1,7,1,2,0,1,311,1238,0.65,0.17,0.12,0.59,0.18,0.06,1.109,0.298,9.9,3.82,676684,2025
Michael Wacha,33,365,Maj-AL,KCR,31,31,10.0,13.0,,172.2,166,74,74,45,126,15,4,3.86,658,29,6,0,18,4,2,0,0,716,2666,0.65,0.15,0.1,0.38,0.25,0.1,1.222,0.29,6.6,2.8,608379,2025
Tyler Wade,30,494,Maj-NL,SDP,1,0,,,,1.0,2,1,1,1,0,0,0,9.0,5,1,0,0,0,0,0,0,0,6,18,0.44,0.17,0.0,0.6,0.2,0.2,3.0,0.4,0.0,0.0,642180,2025
Hurston Waldrep,23,369,Maj-NL,ATL,10,9,6.0,1.0,,56.1,45,18,18,22,55,3,3,2.88,203,8,0,1,6,1,8,3,1,229,886,0.61,0.16,0.12,0.5,0.26,0.03,1.189,0.288,8.8,2.5,694462,2025
Matt Waldron,28,454,Maj-NL,SDP,1,1,,1.0,,4.2,6,4,4,6,3,1,0,7.71,19,0,0,0,0,0,2,0,0,25,104,0.55,0.15,0.06,0.5,0.25,0.0,2.571,0.333,5.8,0.5,663362,2025
Josh Walker,30,511,Maj-AL,TOR,3,0,,,,5.0,8,4,4,2,8,0,1,7.2,22,3,0,0,1,0,1,0,0,25,92,0.62,0.16,0.15,0.36,0.43,0.14,2.0,0.571,14.4,4.0,677020,2025
Taijuan Walker,32,354,Maj-NL,PHI,35,21,5.0,8.0,1.0,124.1,134,63,57,43,87,21,4,4.13,493,20,1,0,7,2,13,3,5,543,2079,0.63,0.17,0.07,0.45,0.23,0.08,1.424,0.292,6.3,2.02,592836,2025
Brandon Walter,28,431,Maj-AL,HOU,9,9,1.0,3.0,,53.2,46,20,20,4,52,10,3,3.35,204,8,1,0,1,0,3,1,1,212,814,0.67,0.17,0.11,0.44,0.22,0.07,0.932,0.254,8.7,13.0,687888,2025
Andrew Walters,24,485,Maj-AL,CLE,2,0,,,,1.1,2,2,2,0,2,1,0,13.5,6,1,0,0,0,0,0,0,0,6,28,0.68,0.14,0.18,0.25,0.25,0.0,1.5,0.333,13.5,,689958,2025
Ryan Weathers,25,368,Maj-NL,MIA,8,8,2.0,2.0,,38.1,37,20,17,12,37,7,1,3.99,151,7,0,0,2,1,5,0,0,166,642,0.64,0.15,0.13,0.45,0.17,0.04,1.278,0.278,8.7,3.08,677960,2025
Jacob Webb,31,365,Maj-AL,TEX,55,0,5.0,4.0,1.0,66.0,49,24,22,19,58,10,2,3.0,243,8,0,2,3,1,8,1,0,267,978,0.66,0.15,0.13,0.34,0.2,0.11,1.03,0.222,7.9,3.05,657097,2025
Jordan Weems,32,406,Maj-AL,HOU,4,0,,1.0,,4.1,9,7,7,3,0,0,0,14.54,20,2,0,0,0,0,1,0,0,23,98,0.56,0.09,0.09,0.25,0.5,0.1,2.769,0.45,0.0,0.0,607179,2025
Greg Weissert,30,360,Maj-AL,BOS,73,0,6.0,6.0,4.0,68.0,57,27,21,21,57,6,3,2.78,254,14,0,1,4,2,6,3,0,281,1080,0.64,0.17,0.1,0.42,0.23,0.08,1.147,0.264,7.5,2.71,669711,2025
Tyler Wells,30,368,Maj-AL,BAL,4,4,2.0,1.0,,21.2,17,7,7,2,18,4,0,2.91,80,5,0,0,2,0,3,0,0,82,342,0.7,0.14,0.11,0.34,0.13,0.15,0.877,0.224,7.5,9.0,669330,2025
Joey Wentz,27,366,"Maj-AL,Maj-NL","ATL,MIN,Pittsburgh",39,13,5.0,7.0,,98.0,110,66,61,43,92,11,1,5.6,393,15,4,3,8,5,19,3,3,442,1816,0.63,0.14,0.11,0.38,0.27,0.07,1.561,0.336,8.4,2.14,666214,2025
Hayden Wesneski,27,509,Maj-AL,HOU,6,6,1.0,3.0,,32.0,29,16,16,6,29,7,1,4.5,121,8,0,0,0,1,2,1,0,131,508,0.66,0.18,0.1,0.39,0.24,0.09,1.094,0.256,8.2,4.83,669713,2025
Zack Wheeler,35,408,Maj-NL,PHI,24,24,10.0,5.0,,149.2,107,48,45,33,195,19,8,2.71,542,21,2,0,8,2,4,4,1,585,2394,0.65,0.14,0.14,0.42,0.24,0.06,0.935,0.267,11.7,5.91,554430,2025
Owen White,25,405,Maj-AL,CHC,3,0,,,,7.0,14,7,7,3,6,1,0,9.0,32,2,0,0,1,0,0,0,2,35,119,0.62,0.12,0.07,0.42,0.38,0.0,2.429,0.52,7.7,2.0,669391,2025
Forrest Whitley,27,457,Maj-AL,"HOU,TBR",10,0,,,,12.0,19,20,18,8,12,3,1,13.5,56,7,1,0,0,1,1,0,0,66,254,0.62,0.15,0.08,0.29,0.36,0.09,2.25,0.381,9.0,1.5,666215,2025
Garrett Whitlock,29,361,Maj-AL,BOS,63,0,7.0,4.0,1.0,73.2,57,22,19,26,94,2,5,2.32,270,9,0,2,2,2,7,3,1,303,1227,0.68,0.15,0.16,0.46,0.26,0.05,1.127,0.313,11.5,3.62,676477,2025
Jordan Wicks,25,364,Maj-NL,CHC,8,0,,1.0,1.0,14.1,24,12,10,1,13,2,0,6.28,65,6,0,0,1,0,0,1,0,67,217,0.72,0.12,0.12,0.49,0.25,0.09,1.744,0.44,8.2,13.0,696136,2025
Cole Wilcox,25,373,Maj-AL,TBR,1,0,,,,1.0,4,7,3,3,1,0,0,27.0,9,1,0,0,0,0,1,0,0,12,39,0.56,0.13,0.03,0.38,0.38,0.13,7.0,0.5,9.0,0.33,677961,2025
Nathan Wiles,26,523,Maj-NL,ATL,1,0,,,,1.0,4,3,3,0,1,0,0,27.0,6,1,0,0,0,1,0,0,0,7,24,0.67,0.08,0.04,0.33,0.5,0.0,4.0,0.667,9.0,,686249,2025
Gavin Williams,25,362,Maj-AL,CLE,32,32,12.0,6.0,,173.2,135,64,57,84,181,23,3,2.95,638,24,1,0,9,2,7,6,3,728,3013,0.62,0.16,0.12,0.46,0.22,0.05,1.261,0.257,9.4,2.15,668909,2025
Luke Williams,28,405,Maj-NL,ATL,6,0,,,,6.0,6,2,2,1,4,1,0,3.0,24,1,0,0,0,0,0,0,0,25,71,0.66,0.13,0.04,0.25,0.3,0.1,1.167,0.263,6.0,4.0,663897,2025
Bryse Wilson,27,390,Maj-AL,CHC,20,5,,2.0,,47.1,67,37,35,19,28,11,2,6.65,200,10,2,0,4,2,9,1,5,224,854,0.62,0.15,0.07,0.35,0.3,0.05,1.817,0.344,5.3,1.47,669060,2025
Justin Wilson,37,361,Maj-AL,BOS,62,0,4.0,1.0,,50.0,48,22,18,20,57,3,2,3.24,188,10,0,3,5,1,7,3,1,212,840,0.64,0.13,0.15,0.47,0.25,0.08,1.36,0.349,10.3,2.85,458677,2025
Steven Wilson,30,365,Maj-AL,CHC,59,0,2.0,2.0,2.0,55.1,50,21,21,22,51,7,3,3.42,209,7,0,2,2,7,8,0,0,241,978,0.63,0.15,0.11,0.26,0.27,0.11,1.301,0.272,8.3,2.32,621051,2025
Weston Wilson,30,479,Maj-NL,PHI,2,0,,,,3.0,3,0,0,0,0,0,0,0.0,12,0,0,0,0,0,0,0,0,12,36,0.72,0.28,0.0,0.17,0.42,0.08,1.0,0.25,0.0,,642215,2025
Will Wilson,26,517,Maj-AL,CLE,1,0,,,,2.0,2,2,2,0,0,1,0,9.0,8,1,0,0,0,0,0,0,0,8,26,0.58,0.15,0.0,0.13,0.5,0.0,1.0,0.143,0.0,,669717,2025
Josh Winckowski,27,522,Maj-AL,BOS,6,0,,1.0,,11.2,11,7,5,5,9,0,1,3.86,44,2,0,0,0,2,2,0,0,52,207,0.61,0.11,0.11,0.54,0.27,0.05,1.371,0.297,6.9,1.8,670174,2025
Cole Winn,25,369,Maj-AL,TEX,33,0,,1.0,,41.2,23,8,7,17,35,3,4,1.51,138,7,1,2,4,1,1,1,0,162,619,0.62,0.16,0.1,0.48,0.2,0.04,0.96,0.198,7.6,2.06,668390,2025
Grant Wolfram,28,365,Maj-AL,BAL,21,0,3.0,1.0,,26.2,35,20,16,15,31,2,1,5.4,116,8,0,1,0,1,2,0,1,133,521,0.64,0.18,0.12,0.5,0.22,0.09,1.875,0.393,10.5,2.07,664991,2025
Bryan Woo,25,342,Maj-AL,SEA,32,30,15.0,7.0,,191.0,141,67,64,39,200,26,5,3.02,700,26,1,1,11,3,4,1,0,751,2780,0.68,0.14,0.12,0.42,0.23,0.09,0.942,0.241,9.4,5.13,693433,2025
Jake Woodford,28,373,Maj-NL,ARI,22,0,,4.0,3.0,36.1,45,28,26,13,23,3,3,6.44,151,8,1,1,2,1,2,1,1,170,625,0.62,0.16,0.06,0.46,0.26,0.05,1.596,0.333,5.7,1.77,663765,2025
Brandon Woodruff,32,375,Maj-NL,MIL,12,12,7.0,2.0,,64.2,45,26,23,14,83,9,3,3.2,239,7,0,0,1,0,6,0,0,257,964,0.69,0.18,0.12,0.34,0.17,0.16,0.912,0.245,11.6,5.93,605540,2025
Simeon Woods Richardson,24,364,Maj-AL,MIN,23,22,7.0,4.0,,111.1,96,53,50,46,107,17,3,4.04,418,16,1,0,4,4,8,5,2,471,1880,0.63,0.15,0.1,0.33,0.21,0.11,1.275,0.265,8.6,2.33,680573,2025
Justin Wrobleski,24,330,Maj-NL,LAD,28,2,5.0,5.0,2.0,71.2,69,34,32,17,82,6,4,4.02,274,15,0,1,4,3,6,1,0,300,1171,0.67,0.16,0.1,0.52,0.25,0.04,1.2,0.333,10.3,4.82,680736,2025
Randy Wynne,32,525,Maj-NL,CIN,1,0,,,1.0,3.0,3,1,1,1,3,1,0,3.0,12,1,0,0,0,0,0,0,0,13,47,0.7,0.11,0.06,0.33,0.11,0.11,1.333,0.25,9.0,3.0,691094,2025
Yoshinobu Yamamoto,26,330,Maj-NL,LAD,36,35,17.0,9.0,,211.0,136,61,54,65,234,16,6,2.3,751,25,0,0,12,3,8,5,0,828,3316,0.65,0.18,0.13,0.54,0.2,0.04,0.953,0.238,10.0,3.6,808967,2025
Kirby Yates,38,372,Maj-NL,LAD,50,0,4.0,3.0,3.0,41.1,38,26,24,17,52,9,1,5.23,159,17,0,0,0,1,8,1,3,178,761,0.63,0.12,0.16,0.31,0.28,0.06,1.331,0.293,11.3,3.06,489446,2025
Trey Yesavage,21,330,Maj-AL,TOR,9,8,4.0,1.0,,41.2,31,16,16,18,55,4,2,3.46,151,2,0,1,5,0,1,0,0,171,679,0.63,0.17,0.16,0.53,0.22,0.04,1.176,0.293,11.9,3.06,702056,2025
Craig Yoho,25,385,Maj-NL,MIL,8,0,,,,8.2,8,7,7,9,7,1,1,7.27,29,1,0,0,1,1,0,1,0,41,176,0.56,0.16,0.1,0.46,0.21,0.08,1.962,0.318,7.3,0.78,684974,2025
Brandon Young,26,402,Maj-AL,BAL,12,12,1.0,7.0,,57.2,67,42,40,22,47,12,0,6.24,230,17,0,0,3,2,0,0,1,256,940,0.65,0.17,0.1,0.45,0.2,0.06,1.543,0.318,7.3,2.14,687064,2025
Rob Zastryzny,33,365,Maj-NL,MIL,26,1,2.0,1.0,,22.0,16,7,6,10,20,3,1,2.45,79,2,0,3,1,2,1,0,0,93,351,0.63,0.14,0.15,0.42,0.16,0.13,1.182,0.224,8.2,2.0,642239,2025
Ryan Zeferjahn,27,364,Maj-AL,LAD,62,1,6.0,5.0,2.0,57.0,49,31,30,35,73,12,4,4.74,216,8,0,3,4,1,7,0,0,257,1031,0.62,0.16,0.13,0.37,0.21,0.07,1.474,0.28,11.5,2.09,666171,2025
Angel Zerpa,25,365,Maj-AL,KCR,69,2,5.0,2.0,,64.2,67,30,30,22,58,7,2,4.18,247,17,0,0,10,2,3,0,1,275,1099,0.65,0.21,0.07,0.64,0.18,0.02,1.376,0.326,8.1,2.64,672582,2025
Bruce Zimmermann,30,369,Maj-NL,MIL,1,1,,1.0,,6.0,7,6,5,2,1,2,0,7.5,26,0,0,0,1,0,0,0,0,28,91,0.65,0.2,0.04,0.6,0.08,0.0,1.5,0.217,1.5,0.5,669145,2025
Tyler Zuber,30,394,Maj-NL,"MIA,New York",10,0,,1.0,,12.0,17,15,15,6,14,3,0,11.25,52,6,0,1,0,1,0,0,0,59,245,0.65,0.2,0.08,0.28,0.33,0.05,1.917,0.389,10.5,2.33,676604,2025
Yosver Zulueta,27,389,Maj-NL,CIN,7,0,1.0,,,7.1,5,5,5,4,5,1,0,6.14,26,0,0,0,0,1,2,0,0,32,140,0.64,0.17,0.11,0.39,0.26,0.0,1.227,0.19,6.1,1.25,691172,2025
