Name,Age,#days,Lev,Tm,G,PA,AB,R,H,2B,3B,HR,RBI,BB,IBB,SO,HBP,SH,SF,GDP,SB,CS,BA,OBP,SLG,OPS,mlbID,Season
CJ Abrams,21,1454,Maj-NL,"SDP,Washington",90,302,284,33,70,12,2,2,21,5,0,50,9,2,2,5,7,4,0.246,0.28,0.324,0.604,682928,2022
Jos\xc3\xa9 Abreu,35,1454,Maj-AL,CHC,157,679,601,85,183,40,0,15,75,62,2,110,12,0,4,19,0,0,0.304,0.378,0.446,0.824,547989,2022
Ronald Acu\xc3\xb1a Jr.,24,1443,Maj-NL,ATL,123,550,482,73,129,25,0,15,50,54,4,131,11,0,3,8,29,11,0.268,0.353,0.413,0.766,660670,2022
Willy Adames,26,1453,Maj-NL,MIL,139,617,563,83,134,31,0,31,98,49,3,166,1,0,4,11,8,3,0.238,0.298,0.458,0.756,642715,2022
Jo Adell,23,1453,Maj-AL,LAD,88,285,268,22,60,12,2,8,27,11,0,107,4,0,1,6,4,2,0.224,0.264,0.373,0.637,666176,2022
Ehire Adrianza,32,1453,Maj-NL,"ATL,Washington",37,110,97,8,17,3,0,0,7,11,0,25,1,0,1,2,1,0,0.175,0.264,0.206,0.47,501303,2022
Jes\xc3\xbas Aguilar,32,1453,"Maj-AL,Maj-NL","BAL,MIA",129,507,464,39,109,19,0,16,51,28,1,119,4,0,5,8,1,0,0.235,0.281,0.379,0.661,542583,2022
Ryan Aguilar,27,1483,Maj-AL,LAD,7,26,22,2,3,1,0,0,2,2,0,14,1,0,1,0,0,0,0.136,0.231,0.182,0.413,666922,2022
Nick Ahmed,32,1596,Maj-NL,ARI,17,54,52,7,12,2,0,3,7,2,0,15,0,0,0,2,0,1,0.231,0.259,0.442,0.702,605113,2022
Hanser Alberto,29,1453,Maj-NL,LAD,72,159,156,13,38,9,2,2,15,3,0,25,0,0,0,7,0,1,0.244,0.258,0.365,0.623,593643,2022
Ozzie Albies,25,1471,Maj-NL,ATL,64,269,247,36,61,16,0,8,35,16,0,47,2,0,4,0,3,5,0.247,0.294,0.409,0.703,645277,2022
Sergio Alc\xc3\xa1ntara,25,1453,Maj-NL,"ARI,SDP",93,224,205,26,45,8,1,6,29,12,0,57,1,2,4,6,1,2,0.22,0.261,0.356,0.617,642727,2022
Jorge Alfaro,29,1453,Maj-NL,SDP,82,274,256,25,63,14,0,7,40,11,0,98,4,0,3,5,1,0,0.246,0.285,0.383,0.667,595751,2022
Abraham Almonte,33,1453,Maj-AL,BOS,15,37,35,7,9,2,0,1,2,1,0,12,1,0,0,1,1,0,0.257,0.297,0.4,0.697,501659,2022
Albert Almora,28,1482,Maj-NL,CIN,64,235,215,26,48,10,1,5,29,17,0,46,1,1,1,9,3,2,0.223,0.282,0.349,0.631,546991,2022
Pete Alonso,27,1449,Maj-NL,NYM,163,697,607,97,165,27,0,41,132,69,16,132,12,0,9,17,5,1,0.272,0.353,0.519,0.872,624413,2022
Jose Altuve,32,1422,Maj-AL,HOU,154,666,585,111,169,42,0,28,57,70,2,101,10,0,1,17,19,2,0.289,0.374,0.504,0.878,514888,2022
Jos\xc3\xa9 Alvarado,27,1563,Maj-NL,PHI,1,1,1,0,0,0,0,0,0,0,0,1,0,0,0,0,0,0,0.0,0.0,0.0,0.0,621237,2022
Eddy Alvarez,32,1551,Maj-NL,LAD,14,27,25,1,4,0,0,0,3,0,0,9,0,1,1,1,1,0,0.16,0.154,0.16,0.314,657193,2022
Francisco Alvarez,20,1451,Maj-NL,NYM,6,15,13,3,2,1,0,1,1,2,0,5,0,0,0,1,0,0,0.154,0.267,0.462,0.728,682626,2022
Yordan Alvarez,25,1422,Maj-AL,HOU,148,622,522,104,154,32,2,40,111,84,11,122,9,0,7,12,1,1,0.295,0.397,0.594,0.991,670541,2022
Brian Anderson,29,1454,Maj-NL,MIA,98,383,338,43,75,16,1,8,28,37,2,101,7,0,1,7,1,0,0.222,0.311,0.346,0.657,605119,2022
Tim Anderson,29,1513,Maj-AL,CHC,79,351,332,50,100,13,0,6,25,14,1,55,5,0,0,10,13,0,0.301,0.339,0.395,0.734,641313,2022
Tyler Anderson,32,1514,Maj-NL,LAD,1,1,1,0,0,0,0,0,0,0,0,1,0,0,0,0,0,0,0.0,0.0,0.0,0.0,542881,2022
Elvis Andrus,33,1453,Maj-AL,"CHC,Oakland",149,577,535,66,133,32,0,17,58,39,0,92,3,0,0,11,18,4,0.249,0.303,0.404,0.707,462101,2022
Miguel Andujar,27,1453,"Maj-AL,Maj-NL","NYY,Pittsburgh",36,140,132,13,31,5,1,1,17,5,0,27,0,0,3,1,4,1,0.235,0.257,0.311,0.568,609280,2022
Aristides Aquino,28,1455,Maj-NL,CIN,80,276,259,24,51,13,0,10,30,17,0,101,0,0,0,1,2,3,0.197,0.246,0.363,0.609,606157,2022
Jonathan Aranda,24,1453,Maj-AL,TBR,31,87,78,10,15,4,0,2,6,8,1,23,1,0,0,1,0,0,0.192,0.276,0.321,0.596,666018,2022
Jonathan Ara\xc3\xbaz,23,1525,Maj-AL,"BAL,BOS",15,41,38,3,5,0,0,1,5,1,0,12,0,1,1,0,0,0,0.132,0.15,0.211,0.361,660620,2022
Orlando Arcia,27,1443,Maj-NL,ATL,71,246,219,26,54,9,0,10,31,23,0,53,2,0,2,7,0,0,0.247,0.321,0.425,0.746,606115,2022
Nolan Arenado,31,1450,Maj-NL,STL,150,628,565,74,164,42,1,30,103,52,3,74,7,0,4,15,5,3,0.29,0.355,0.527,0.883,571448,2022
Gabriel Arias,22,1440,Maj-AL,CLE,19,68,58,10,12,2,1,1,5,8,0,21,1,1,0,2,1,0,0.207,0.313,0.328,0.641,672356,2022
Randy Arozarena,27,1450,Maj-AL,TBR,155,655,595,72,155,41,3,20,89,47,2,161,11,0,2,17,32,12,0.261,0.325,0.44,0.766,668227,2022
Luis Arraez,25,1453,Maj-AL,MIN,144,603,547,88,173,31,1,8,49,50,2,43,3,0,3,6,4,4,0.316,0.375,0.42,0.795,650333,2022
Christian Arroyo,27,1453,Maj-AL,BOS,87,300,280,32,80,16,1,6,36,13,2,49,3,2,2,7,5,1,0.286,0.322,0.414,0.736,624414,2022
Willians Astudillo,30,1523,Maj-NL,MIA,21,55,54,5,13,0,0,1,4,1,0,3,0,0,0,2,1,0,0.241,0.255,0.296,0.551,553902,2022
Jos\xc3\xa9 Az\xc3\xb3car,26,1453,Maj-NL,SDP,98,216,202,24,52,9,3,0,10,12,0,44,0,1,1,6,5,6,0.257,0.298,0.332,0.629,640492,2022
Akil Baddoo,23,1453,Maj-AL,DET,73,225,201,30,41,3,2,2,9,24,0,64,0,0,0,2,9,6,0.204,0.289,0.269,0.558,668731,2022
Harrison Bader,28,1435,"Maj-AL,Maj-NL","NYY,STL",95,348,322,46,83,10,3,10,36,19,0,68,5,0,2,4,17,4,0.258,0.307,0.401,0.708,664056,2022
Javier B\xc3\xa1ez,29,1453,Maj-AL,DET,144,590,555,64,132,27,4,17,67,26,1,147,6,0,3,13,9,2,0.238,0.278,0.393,0.671,595879,2022
Rylan Bannon,26,1465,"Maj-AL,Maj-NL","ATL,BAL",5,15,14,0,2,0,0,0,0,0,0,5,1,0,0,0,0,0,0.143,0.2,0.143,0.343,676625,2022
Austin Barnes,32,1444,Maj-NL,LAD,64,215,182,31,40,7,0,8,26,27,0,37,3,2,1,5,2,1,0.22,0.329,0.39,0.719,605131,2022
Tucker Barnhart,31,1454,Maj-AL,DET,94,308,281,16,62,10,0,1,16,25,0,74,1,1,0,7,0,0,0.221,0.287,0.267,0.554,571466,2022
Jose Barrero,24,1453,Maj-NL,CIN,48,174,165,13,25,3,0,2,10,9,0,76,0,0,0,4,4,1,0.152,0.195,0.206,0.401,676480,2022
Anthony Bass,34,1593,Maj-NL,MIA,1,0,0,0,0,0,0,0,0,0,0,0,0,0,0,0,0,0,,,,,542914,2022
Matthew Batten,27,1507,Maj-NL,SDP,15,22,19,0,2,1,0,0,1,2,0,6,1,0,0,0,0,0,0.105,0.227,0.158,0.385,676946,2022
Brett Baty,22,1491,Maj-NL,NYM,11,42,38,4,7,0,0,2,5,2,0,8,1,0,0,0,0,0,0.184,0.244,0.342,0.586,683146,2022
Matt Beaty,29,1483,Maj-NL,SDP,19,47,43,6,4,1,1,0,1,2,0,8,2,0,0,3,0,0,0.093,0.17,0.163,0.333,607461,2022
Tim Beckham,32,1495,Maj-AL,MIN,12,25,25,1,2,0,0,0,1,0,0,9,0,0,0,2,0,0,0.08,0.08,0.08,0.16,542921,2022
Seth Beer,25,1503,Maj-NL,ARI,38,126,111,4,21,3,0,1,9,11,1,31,3,0,1,3,0,0,0.189,0.278,0.243,0.521,666179,2022
Josh Bell,29,1435,Maj-NL,"SDP,Washington",166,684,588,82,156,30,3,19,76,82,4,114,5,0,6,23,0,1,0.265,0.357,0.423,0.78,605137,2022
Cody Bellinger,26,1443,Maj-NL,LAD,147,557,511,70,107,27,3,19,68,38,0,154,2,0,6,7,14,3,0.209,0.264,0.386,0.649,641355,2022
Anthony Bemboom,32,1591,Maj-AL,BAL,22,59,52,4,6,2,0,1,1,6,0,17,0,1,0,1,0,0,0.115,0.207,0.212,0.418,621532,2022
Andrew Benintendi,27,1486,Maj-AL,"KCR,NYY",126,521,461,54,140,23,3,5,51,52,0,77,2,1,5,7,8,3,0.304,0.373,0.399,0.772,643217,2022
Will Benson,24,1447,Maj-AL,CLE,29,62,56,8,10,1,0,0,3,3,0,19,2,1,0,1,0,0,0.179,0.246,0.196,0.442,666181,2022
Jon Berti,32,1453,Maj-NL,MIA,102,404,358,47,86,17,3,4,28,42,0,89,3,0,1,6,41,5,0.24,0.324,0.338,0.662,542932,2022
Christian Bethancourt,30,1450,Maj-AL,"Oakland,TBR",102,338,323,39,80,17,0,11,34,12,0,83,2,1,0,6,5,1,0.248,0.279,0.402,0.681,542194,2022
Mookie Betts,29,1443,Maj-NL,LAD,146,657,586,119,156,41,3,35,83,58,0,108,8,0,5,8,12,3,0.266,0.338,0.526,0.863,605141,2022
Bo Bichette,24,1450,Maj-AL,TOR,161,706,660,92,191,44,1,24,93,42,0,156,2,0,2,21,14,8,0.289,0.333,0.468,0.801,666182,2022
Cavan Biggio,27,1453,Maj-AL,TOR,96,303,257,43,52,18,1,6,24,38,0,85,6,1,1,2,2,0,0.202,0.318,0.35,0.668,624415,2022
Dairon Blanco,29,1583,Maj-AL,KCR,5,7,7,1,2,0,0,0,2,0,0,4,0,0,0,0,1,0,0.286,0.286,0.286,0.571,680118,2022
Travis Blankenhorn,25,1528,Maj-NL,NYM,1,3,3,0,0,0,0,0,0,0,0,1,0,0,0,0,0,0,0.0,0.0,0.0,0.0,663905,2022
JJ Bleday,24,1453,Maj-NL,MIA,65,238,204,21,34,10,2,5,16,30,0,67,2,0,2,5,4,1,0.167,0.277,0.309,0.586,668709,2022
Xander Bogaerts,29,1453,Maj-AL,BOS,150,631,557,84,171,38,0,15,73,57,2,118,10,0,7,14,8,2,0.307,0.377,0.456,0.833,593428,2022
Alec Bohm,25,1422,Maj-NL,PHI,169,696,644,85,177,29,3,14,80,35,2,126,6,0,11,19,2,4,0.275,0.313,0.394,0.708,664761,2022
David Bote,29,1453,Maj-NL,CHC,41,127,116,15,30,8,0,4,12,6,0,45,4,0,1,3,1,0,0.259,0.315,0.431,0.746,623520,2022
Bobby Bradley,26,1614,Maj-AL,CLE,8,17,17,1,2,0,0,0,0,0,0,9,0,0,0,0,0,0,0.118,0.118,0.118,0.235,656252,2022
Jackie Bradley Jr.,32,1450,Maj-AL,"BOS,TOR",132,371,345,30,70,23,1,4,38,24,0,78,0,2,0,5,2,3,0.203,0.255,0.31,0.565,598265,2022
Michael Brantley,35,1554,Maj-AL,HOU,64,277,243,28,70,14,1,5,26,31,2,30,1,1,1,1,1,1,0.288,0.37,0.416,0.785,488726,2022
Rob Brantly,32,1589,Maj-AL,NYY,1,3,3,0,1,1,0,0,0,0,0,0,0,0,0,0,0,0,0.333,0.333,0.667,1.0,542963,2022
Alex Bregman,28,1422,Maj-AL,HOU,168,714,599,100,157,43,0,26,104,93,1,83,12,0,10,20,2,2,0.262,0.367,0.464,0.831,608324,2022
Will Brennan,24,1442,Maj-AL,CLE,16,56,53,6,17,1,1,1,9,2,1,10,1,0,0,1,2,1,0.321,0.357,0.434,0.791,686823,2022
Mike Brosseau,28,1454,Maj-NL,MIL,68,160,141,15,36,5,0,6,23,14,0,48,5,0,0,0,2,0,0.255,0.344,0.418,0.762,670712,2022
Vidal Bruj\xc3\xa1n,24,1450,Maj-AL,TBR,53,164,149,13,25,5,0,3,16,12,0,37,1,0,2,2,6,5,0.168,0.232,0.262,0.493,660644,2022
Peyton Burdick,25,1453,Maj-NL,MIA,32,102,92,8,19,4,0,4,11,8,0,35,2,0,0,1,1,0,0.207,0.284,0.38,0.665,680814,2022
Jake Burger,26,1545,Maj-AL,CHC,51,183,168,20,42,9,1,8,26,10,1,56,3,1,1,7,0,0,0.25,0.302,0.458,0.761,669394,2022
Alec Burleson,23,1453,Maj-NL,STL,16,53,48,4,9,1,0,1,3,5,0,9,0,0,0,1,1,0,0.188,0.264,0.271,0.535,676475,2022
Byron Buxton,28,1497,Maj-AL,MIN,92,382,340,61,76,13,3,28,51,34,0,116,7,0,1,0,6,0,0.224,0.306,0.526,0.833,621439,2022
Miguel Cabrera,39,1454,Maj-AL,DET,112,433,397,25,101,10,0,5,43,28,3,101,3,0,5,11,1,0,0.254,0.305,0.317,0.622,408234,2022
Oswaldo Cabrera,23,1435,Maj-AL,NYY,52,200,182,23,40,9,1,7,21,16,0,56,0,1,1,1,3,2,0.22,0.281,0.396,0.677,665828,2022
Lorenzo Cain,36,1564,Maj-NL,MIL,43,156,145,17,26,5,0,1,9,8,0,36,2,0,1,4,2,2,0.179,0.231,0.234,0.465,456715,2022
Kole Calhoun,34,1454,Maj-AL,TEX,125,424,388,36,76,14,1,12,49,27,0,136,6,0,3,6,3,2,0.196,0.257,0.33,0.587,594777,2022
Willie Calhoun,27,1472,"Maj-AL,Maj-NL","San Francisco,TEX",22,62,52,7,7,3,0,1,3,9,0,8,1,0,0,2,0,0,0.135,0.274,0.25,0.524,641432,2022
Alex Call,27,1453,"Maj-AL,Maj-NL","CLE,Washington",47,131,114,18,27,3,1,5,13,15,0,30,2,0,0,2,3,3,0.237,0.336,0.412,0.748,669743,2022
Johan Camargo,28,1521,Maj-NL,PHI,52,166,152,8,36,3,0,3,15,13,0,37,0,1,0,1,0,0,0.237,0.297,0.316,0.613,622666,2022
Daz Cameron,25,1512,Maj-AL,DET,21,70,64,6,14,3,1,1,8,5,0,20,1,0,0,1,2,0,0.219,0.286,0.344,0.629,663662,2022
Luis Campusano,23,1453,Maj-NL,SDP,16,50,48,4,12,1,0,1,5,1,0,11,0,0,1,2,0,0,0.25,0.26,0.333,0.593,669134,2022
Jeimer Candelario,28,1453,Maj-AL,DET,124,467,429,49,93,19,2,13,50,28,1,109,6,0,4,9,0,1,0.217,0.272,0.361,0.633,600869,2022
Mark Canha,33,1449,Maj-NL,NYM,143,554,472,72,123,24,0,13,61,50,1,99,28,0,4,3,3,1,0.261,0.363,0.394,0.757,592192,2022
Robinson Can\xc3\xb3,39,1523,Maj-NL,"ATL,NYY,SDP",33,104,100,5,15,1,0,1,4,4,0,25,0,0,0,2,0,0,0.15,0.183,0.19,0.373,429664,2022
Conner Capel,25,1453,"Maj-AL,Maj-NL","Oakland,STL",22,59,52,7,16,0,1,3,11,5,0,10,0,0,2,2,1,1,0.308,0.356,0.519,0.875,668843,2022
Vinny Capra,25,1587,Maj-AL,TOR,8,7,5,2,1,0,0,0,0,2,0,1,0,0,0,0,0,0,0.2,0.429,0.2,0.629,681962,2022
Victor Caratini,28,1453,Maj-NL,MIL,95,314,272,26,54,12,0,9,34,31,1,67,9,1,1,11,0,0,0.199,0.3,0.342,0.642,605170,2022
Dylan Carlson,23,1451,Maj-NL,STL,129,492,434,57,102,30,4,8,42,47,1,94,7,0,4,6,5,2,0.235,0.317,0.378,0.695,666185,2022
Kerry Carpenter,24,1461,Maj-AL,DET,31,113,103,16,26,4,1,6,10,6,0,32,3,0,1,0,0,0,0.252,0.31,0.485,0.795,681481,2022
Matt Carpenter,36,1435,Maj-AL,NYY,53,166,140,28,40,9,0,15,37,19,1,44,5,1,1,2,0,0,0.286,0.388,0.671,1.059,572761,2022
Corbin Carroll,21,1453,Maj-NL,ARI,32,115,104,13,27,9,2,4,14,8,0,31,3,0,0,1,2,1,0.26,0.33,0.5,0.83,682998,2022
Curt Casali,33,1453,"Maj-AL,Maj-NL","San Francisco,SEA",57,176,148,20,30,4,0,5,17,24,0,50,2,0,2,1,0,0,0.203,0.318,0.331,0.649,592200,2022
Triston Casas,22,1453,Maj-AL,BOS,27,95,76,11,15,1,0,5,12,19,0,23,0,0,0,4,1,0,0.197,0.358,0.408,0.766,671213,2022
Nick Castellanos,30,1422,Maj-NL,PHI,153,627,589,64,150,31,0,13,69,32,0,148,4,0,2,17,7,1,0.255,0.297,0.374,0.67,592206,2022
Harold Castro,28,1454,Maj-AL,DET,120,443,420,37,114,21,2,7,47,17,1,79,1,3,2,5,0,1,0.271,0.3,0.381,0.681,605612,2022
Jason Castro,35,1551,Maj-AL,HOU,34,88,78,6,9,2,0,1,3,8,0,40,1,0,1,1,1,0,0.115,0.205,0.179,0.384,488771,2022
Willi Castro,25,1459,Maj-AL,DET,112,392,365,47,88,18,2,8,31,15,0,82,8,1,3,4,9,4,0.241,0.284,0.367,0.651,650489,2022
Jake Cave,29,1453,Maj-AL,MIN,54,177,164,17,35,7,3,5,20,11,0,49,0,0,2,2,2,0,0.213,0.26,0.384,0.644,595909,2022
Gilberto Celestino,23,1453,Maj-AL,MIN,122,347,311,30,74,12,1,2,24,32,0,77,2,2,0,13,4,1,0.238,0.313,0.302,0.615,665482,2022
Yu Chang,26,1453,"Maj-AL,Maj-NL","BOS,CLE,Pittsburgh,TBR",69,190,168,19,35,6,0,4,15,16,0,59,4,0,2,5,0,1,0.208,0.289,0.315,0.605,644374,2022
Matt Chapman,29,1450,Maj-AL,TOR,157,630,545,83,126,28,1,27,77,69,1,172,10,0,6,7,2,2,0.231,0.325,0.435,0.76,656305,2022
Robinson Chirinos,38,1453,Maj-AL,BAL,67,220,195,10,35,9,0,4,22,19,0,67,4,1,1,4,1,0,0.179,0.265,0.287,0.552,455139,2022
Jazz Chisholm Jr.,24,1552,Maj-NL,MIA,60,241,213,39,54,10,4,14,45,21,0,66,3,0,3,0,12,5,0.254,0.325,0.535,0.86,665862,2022
Jiman Choi,31,1450,Maj-AL,TBR,115,426,361,36,83,22,0,11,52,60,3,124,2,0,3,3,0,0,0.23,0.34,0.382,0.723,596847,2022
Kody Clemens,26,1453,Maj-AL,DET,56,127,117,13,17,4,0,5,17,8,0,33,0,0,2,1,1,0,0.145,0.197,0.308,0.505,665019,2022
Ernie Clement,26,1453,Maj-AL,"CLE,Oakland",69,179,163,19,30,4,0,0,6,11,0,26,2,2,1,3,0,1,0.184,0.243,0.209,0.452,676391,2022
Zack Collins,27,1458,"Maj-AL,Maj-NL","Pittsburgh,TOR",36,108,97,9,15,4,0,4,11,9,0,41,1,0,1,0,0,0,0.155,0.231,0.32,0.551,641470,2022
Mark Contreras,27,1455,Maj-AL,MIN,28,61,58,9,7,1,0,3,6,1,0,21,1,0,1,2,1,0,0.121,0.148,0.293,0.441,676628,2022
William Contreras,24,1443,Maj-NL,ATL,100,385,342,52,94,15,1,20,45,40,1,108,1,0,2,6,2,0,0.275,0.351,0.5,0.851,661388,2022
Willson Contreras,30,1454,Maj-NL,CHC,113,487,416,65,101,23,2,22,55,45,0,103,24,0,2,14,4,2,0.243,0.349,0.466,0.815,575929,2022
Garrett Cooper,31,1461,Maj-NL,MIA,119,469,414,37,108,33,2,9,50,40,0,119,10,0,5,6,0,0,0.261,0.337,0.415,0.752,643265,2022
Franchy Cordero,27,1483,Maj-AL,BOS,84,275,242,36,53,17,1,8,29,28,1,92,1,2,2,1,4,1,0.219,0.3,0.397,0.697,614173,2022
Carlos Correa,27,1454,Maj-AL,MIN,136,590,522,70,152,24,1,22,64,61,2,121,3,0,4,18,0,1,0.291,0.366,0.467,0.834,621043,2022
J.P. Crawford,27,1443,Maj-AL,SEA,150,627,539,58,130,26,3,7,46,71,0,84,10,2,5,11,3,2,0.241,0.338,0.34,0.677,641487,2022
Jake Cronenworth,28,1435,Maj-NL,SDP,170,733,633,94,151,30,4,18,94,71,3,146,18,0,8,2,3,0,0.239,0.329,0.384,0.713,630105,2022
Narciso Crook,26,1547,Maj-NL,CHC,4,9,8,1,2,1,0,0,2,0,0,3,0,0,1,1,0,0,0.25,0.222,0.375,0.597,643271,2022
Charlie Culberson,33,1453,Maj-AL,TEX,68,124,115,19,29,6,0,2,12,5,0,31,0,4,0,5,2,3,0.252,0.283,0.357,0.64,518586,2022
Travis d\'Arnaud,33,1443,Maj-NL,ATL,111,442,412,63,112,28,1,20,65,19,0,94,11,0,0,12,0,0,0.272,0.321,0.49,0.812,518595,2022
Bobby Dalbec,27,1453,Maj-AL,BOS,117,353,317,40,68,9,2,12,39,29,0,118,3,0,4,5,3,0,0.215,0.283,0.369,0.652,666915,2022
Matt Davidson,31,1563,"Maj-AL,Maj-NL","ARI,Oakland",13,37,34,3,5,0,0,2,3,3,0,13,0,0,0,0,0,1,0.147,0.216,0.324,0.54,571602,2022
Brendon Davis,24,1453,Maj-AL,DET,3,11,10,2,2,0,0,0,0,1,0,3,0,0,0,0,1,0,0.2,0.273,0.2,0.473,663478,2022
J.D. Davis,29,1453,Maj-NL,"NYM,San Francisco",115,365,318,46,79,16,1,12,35,39,1,122,6,0,2,13,1,1,0.248,0.34,0.418,0.758,605204,2022
Jaylin Davis,27,1506,Maj-AL,BOS,12,27,24,4,8,1,0,0,2,3,0,11,0,0,0,0,0,0,0.333,0.407,0.375,0.782,664041,2022
Jonathan Davis,30,1493,Maj-NL,MIL,37,91,76,9,17,1,0,0,4,14,0,26,0,1,0,1,7,1,0.224,0.344,0.237,0.581,641505,2022
Ronnie Dawson,27,1606,Maj-NL,CIN,1,3,3,0,0,0,0,0,0,0,0,2,0,0,0,0,0,0,0.0,0.0,0.0,0.0,669008,2022
Bryan De La Cruz,25,1453,Maj-NL,MIA,115,355,329,38,83,20,0,13,43,19,0,90,2,0,4,8,4,0,0.252,0.294,0.432,0.725,650559,2022
Paul DeJong,28,1451,Maj-NL,STL,78,238,211,19,33,9,0,6,25,21,0,79,4,0,2,2,3,2,0.156,0.244,0.284,0.528,657557,2022
Ben DeLuzio,27,1453,Maj-NL,STL,22,25,20,3,3,1,0,0,0,3,0,5,1,1,0,0,0,1,0.15,0.292,0.2,0.492,641512,2022
Travis Demeritte,27,1584,Maj-NL,ATL,26,96,89,9,19,2,0,3,6,6,0,32,0,0,1,2,0,0,0.213,0.26,0.337,0.597,641513,2022
Rafael Devers,25,1453,Maj-AL,BOS,141,614,555,84,164,42,1,27,88,50,11,114,6,0,3,14,3,1,0.295,0.358,0.521,0.879,646240,2022
Aledmys D\xc3\xadaz,31,1425,Maj-AL,HOU,100,350,327,35,75,14,0,12,38,18,0,59,3,0,2,8,1,1,0.229,0.274,0.382,0.657,649557,2022
Lewin D\xc3\xadaz,25,1453,Maj-NL,MIA,58,174,160,12,27,4,0,5,11,11,0,54,1,0,2,3,1,0,0.169,0.224,0.288,0.512,650331,2022
Yainer Diaz,23,1460,Maj-AL,HOU,6,9,8,0,1,1,0,0,1,1,0,2,0,0,0,0,0,0,0.125,0.222,0.25,0.472,673237,2022
Yandy D\xc3\xadaz,30,1450,Maj-AL,TBR,139,568,483,71,140,33,0,9,57,78,2,64,6,0,1,10,3,3,0.29,0.394,0.414,0.808,650490,2022
Yusniel Diaz,25,1517,Maj-AL,BAL,1,1,1,0,0,0,0,0,0,0,0,1,0,0,0,0,0,0,0.0,0.0,0.0,0.0,666783,2022
Alex Dickerson,32,1614,Maj-NL,ATL,12,36,33,3,4,0,0,1,2,3,0,9,0,0,0,3,0,0,0.121,0.194,0.212,0.407,543105,2022
Corey Dickerson,33,1450,Maj-NL,STL,97,303,287,28,77,17,1,6,36,12,1,49,2,0,2,4,0,0,0.268,0.3,0.397,0.698,572816,2022
Wilmer Difo,30,1478,Maj-NL,ARI,3,6,6,0,0,0,0,0,0,0,0,1,0,0,0,0,0,0,0.0,0.0,0.0,0.0,594694,2022
Brandon Dixon,30,1453,Maj-NL,SDP,5,14,14,1,3,1,0,0,1,0,0,5,0,0,0,1,0,0,0.214,0.214,0.286,0.5,641525,2022
Josh Donaldson,36,1435,Maj-AL,NYY,141,582,507,60,111,29,0,15,62,61,1,164,8,0,6,13,2,2,0.219,0.309,0.365,0.674,518626,2022
Brendan Donovan,25,1450,Maj-NL,STL,128,475,398,64,110,21,1,5,45,60,1,72,14,1,2,8,2,3,0.276,0.388,0.372,0.76,680977,2022
Jeter Downs,23,1521,Maj-AL,BOS,14,41,39,4,6,1,0,1,4,1,0,21,0,0,1,0,0,0,0.154,0.171,0.256,0.427,669023,2022
Hunter Dozier,30,1455,Maj-AL,KCR,128,500,462,51,109,26,4,12,41,34,0,125,3,0,1,14,4,3,0.236,0.292,0.387,0.679,641531,2022
Brandon Drury,29,1435,Maj-NL,"CIN,SDP",146,599,548,89,143,32,2,29,92,39,0,137,8,0,4,8,2,3,0.261,0.317,0.485,0.803,592273,2022
Mauricio Dub\xc3\xb3n,27,1453,"Maj-AL,Maj-NL","HOU,San Francisco",104,265,243,31,52,9,0,5,24,13,0,30,1,3,5,7,2,3,0.214,0.252,0.313,0.565,643289,2022
Matt Duffy,31,1453,Maj-AL,LAD,77,247,228,14,57,8,0,2,16,17,0,50,2,0,0,6,0,0,0.25,0.308,0.311,0.619,622110,2022
Steven Duggar,28,1502,"Maj-AL,Maj-NL","LAD,San Francisco,TEX",29,80,72,7,11,3,1,0,4,7,0,41,0,0,1,0,5,1,0.153,0.225,0.222,0.447,621453,2022
Joe Dunand,26,1587,Maj-NL,MIA,3,11,10,2,3,1,0,1,1,0,0,3,1,0,0,0,0,0,0.3,0.364,0.7,1.064,656388,2022
Ezequiel Duran,23,1481,Maj-AL,TEX,58,220,208,25,49,10,1,5,25,12,0,54,0,0,0,3,4,1,0.236,0.277,0.365,0.643,677649,2022
Jarren Duran,25,1458,Maj-AL,BOS,57,223,204,23,45,14,3,3,17,14,0,63,4,0,1,1,7,1,0.221,0.283,0.363,0.645,680776,2022
Adam Duvall,33,1527,Maj-NL,ATL,86,315,287,39,61,16,1,12,36,21,0,101,5,0,2,2,0,2,0.213,0.276,0.401,0.677,594807,2022
Nate Eaton,25,1453,Maj-AL,KCR,44,122,106,16,28,4,3,1,12,10,0,30,2,1,3,2,11,1,0.264,0.331,0.387,0.717,681987,2022
Tommy Edman,27,1450,Maj-NL,STL,155,637,583,95,154,31,4,13,57,47,2,112,5,1,1,10,32,3,0.264,0.324,0.398,0.722,669242,2022
Drew Ellis,26,1554,"Maj-AL,Maj-NL","ARI,SEA",7,17,16,2,3,1,0,0,1,1,0,7,0,0,0,0,0,0,0.188,0.235,0.25,0.485,656403,2022
Jerar Encarnacion,24,1463,Maj-NL,MIA,23,81,77,7,14,3,0,3,14,3,0,32,0,0,1,3,2,0,0.182,0.21,0.338,0.548,666464,2022
Adam Engel,30,1453,Maj-AL,CHC,119,260,245,32,55,13,1,2,17,11,1,76,4,0,0,2,12,4,0.224,0.269,0.31,0.579,641553,2022
Eduardo Escobar,33,1449,Maj-NL,NYM,139,553,504,60,122,27,4,21,71,42,3,132,1,0,6,4,0,2,0.242,0.298,0.437,0.735,500871,2022
Santiago Espinal,27,1450,Maj-AL,TOR,136,495,453,53,122,26,0,7,51,36,1,68,2,1,3,12,6,6,0.269,0.324,0.373,0.697,669289,2022
Stuart Fairchild,26,1453,"Maj-AL,Maj-NL","CIN,San Francisco,SEA",46,110,97,14,24,4,1,5,6,8,0,34,5,0,0,1,0,2,0.247,0.336,0.464,0.8,656413,2022
Kyle Farmer,31,1453,Maj-NL,CIN,145,583,526,58,134,25,1,14,78,33,0,99,16,2,6,20,4,3,0.255,0.315,0.386,0.701,571657,2022
Mario Feliciano,23,1502,Maj-NL,MIL,2,5,4,0,1,0,0,0,0,1,0,1,0,0,0,0,0,0,0.25,0.4,0.25,0.65,666128,2022
Freddy Fermin,27,1533,Maj-AL,KCR,3,7,7,1,0,0,0,0,0,0,0,3,0,0,0,0,0,1,0.0,0.0,0.0,0.0,666023,2022
David Fletcher,28,1453,Maj-AL,LAD,61,228,216,20,55,9,1,2,17,7,0,16,3,2,0,6,1,0,0.255,0.288,0.333,0.621,664058,2022
Estevan Florial,24,1475,Maj-AL,NYY,17,35,31,4,3,0,0,0,1,3,0,13,1,0,0,0,2,0,0.097,0.2,0.097,0.297,664314,2022
Mike Ford,29,1461,"Maj-AL,Maj-NL","ATL,LAD,San Francisco,SEA",49,149,131,9,27,5,0,3,10,17,0,40,1,0,0,1,0,0,0.206,0.302,0.313,0.615,645801,2022
Nick Fortes,25,1453,Maj-NL,MIA,72,240,217,41,50,6,1,9,24,18,0,45,5,0,0,5,5,3,0.23,0.304,0.392,0.696,663743,2022
Jake Fraley,27,1453,Maj-NL,CIN,68,247,216,33,56,9,0,12,28,26,1,54,3,0,2,1,4,1,0.259,0.344,0.468,0.812,641584,2022
Ty France,27,1443,Maj-AL,SEA,145,640,577,66,157,28,1,20,85,36,3,100,21,0,5,18,0,0,0.272,0.335,0.428,0.763,664034,2022
Wander Franco,21,1450,Maj-AL,TBR,85,354,323,46,88,20,3,6,33,27,1,35,0,0,4,5,8,0,0.272,0.325,0.409,0.734,677551,2022
Adam Frazier,30,1443,Maj-AL,SEA,161,626,564,64,134,23,4,3,43,47,1,78,5,4,6,16,11,6,0.238,0.299,0.309,0.608,624428,2022
Clint Frazier,27,1573,Maj-NL,CHC,19,45,37,4,8,3,0,0,1,7,0,11,1,0,0,1,1,0,0.216,0.356,0.297,0.653,640449,2022
Freddie Freeman,32,1443,Maj-NL,LAD,163,726,626,118,204,50,2,22,103,87,13,106,6,0,7,6,14,3,0.326,0.409,0.518,0.927,518692,2022
Tyler Freeman,23,1460,Maj-AL,CLE,24,86,77,9,19,3,0,0,3,4,0,11,4,0,1,2,1,0,0.247,0.314,0.286,0.6,671289,2022
TJ Friedl,26,1455,Maj-NL,CIN,71,258,225,33,54,10,5,8,25,20,0,40,7,0,6,3,7,2,0.24,0.314,0.436,0.75,670770,2022
Cam Gallagher,29,1523,Maj-AL,KCR,18,47,42,1,9,5,0,0,5,3,0,13,0,2,0,0,0,0,0.214,0.267,0.333,0.6,595956,2022
Joey Gallo,28,1453,"Maj-AL,Maj-NL","LAD,NYY",126,410,350,48,56,8,2,19,47,56,0,163,3,0,1,0,3,0,0.16,0.28,0.357,0.638,608336,2022
Adolis Garc\xc3\xada,29,1453,Maj-AL,TEX,156,657,605,88,151,34,5,27,101,40,2,183,6,0,6,9,25,6,0.25,0.3,0.456,0.756,666969,2022
Aramis Garcia,29,1453,Maj-NL,CIN,47,115,108,6,23,2,0,1,4,3,0,34,2,2,0,4,0,1,0.213,0.248,0.259,0.507,605244,2022
Avisa\xc3\xadl Garc\xc3\xada,31,1454,Maj-NL,MIA,98,380,357,31,80,9,0,8,35,17,0,109,4,0,2,12,4,0,0.224,0.266,0.317,0.582,541645,2022
Leury Garc\xc3\xada,31,1468,Maj-AL,CHC,97,315,300,38,63,8,0,3,20,7,0,65,3,2,3,6,2,0,0.21,0.233,0.267,0.5,544725,2022
Maikel Garcia,22,1502,Maj-AL,KCR,9,23,22,1,7,1,0,0,2,1,0,5,0,0,0,1,0,0,0.318,0.348,0.364,0.711,672580,2022
Kyle Garlick,30,1473,Maj-AL,MIN,66,162,150,23,35,3,0,9,18,8,0,48,3,0,1,2,0,0,0.233,0.284,0.433,0.717,664247,2022
Dustin Garneau,34,1611,Maj-AL,DET,8,11,10,1,3,1,0,0,1,1,0,4,0,0,0,0,0,0,0.3,0.364,0.4,0.764,572863,2022
Stone Garrett,26,1453,Maj-NL,ARI,27,84,76,13,21,8,0,4,10,3,0,27,1,0,1,1,3,1,0.276,0.309,0.539,0.848,656448,2022
Mitch Garver,31,1540,Maj-AL,TEX,54,215,188,23,39,7,0,10,24,23,0,53,2,0,2,3,1,1,0.207,0.298,0.404,0.702,641598,2022
Andr\xc3\xa9s Gim\xc3\xa9nez,23,1440,Maj-AL,CLE,153,586,519,67,151,27,3,17,70,35,4,126,25,4,3,9,21,3,0.291,0.363,0.453,0.815,665926,2022
Mychal Givens,32,1476,Maj-NL,NYM,1,0,0,0,0,0,0,0,0,0,0,0,0,0,0,0,0,0,,,,,571710,2022
Jos\xc3\xa9 Godoy,27,1458,"Maj-AL,Maj-NL","MIN,Pittsburgh",10,22,20,3,1,0,0,0,1,2,0,9,0,0,0,0,0,0,0.05,0.136,0.05,0.186,608422,2022
Paul Goldschmidt,34,1450,Maj-NL,STL,153,659,568,106,178,41,0,35,115,79,1,145,6,0,4,7,7,0,0.313,0.4,0.57,0.971,502671,2022
Yan Gomes,34,1455,Maj-NL,CHC,86,293,277,23,65,12,0,8,31,8,0,47,3,1,4,15,2,0,0.235,0.26,0.365,0.625,543228,2022
Erik Gonz\xc3\xa1lez,30,1551,Maj-NL,MIA,16,41,37,4,7,1,0,0,3,4,0,12,0,0,0,1,1,0,0.189,0.268,0.216,0.485,570481,2022
Marwin Gonz\xc3\xa1lez,33,1440,Maj-AL,NYY,86,208,185,20,34,7,0,6,18,14,0,55,4,3,2,8,3,0,0.184,0.254,0.319,0.573,503556,2022
Oscar Gonz\xc3\xa1lez,24,1440,Maj-AL,CLE,98,414,393,41,114,27,0,12,47,15,2,84,4,0,2,6,1,2,0.29,0.321,0.45,0.772,660757,2022
Romy Gonzalez,25,1453,Maj-AL,CHC,32,109,105,15,25,4,1,2,11,2,0,39,1,0,1,3,0,1,0.238,0.257,0.352,0.609,663853,2022
Niko Goodrum,30,1597,Maj-AL,HOU,15,45,43,2,5,2,0,0,1,2,0,23,0,0,0,0,1,0,0.116,0.156,0.163,0.318,592348,2022
Nick Gordon,26,1453,Maj-AL,MIN,136,443,405,45,110,28,4,9,50,19,1,105,10,3,6,8,6,4,0.272,0.316,0.427,0.743,624503,2022
Terrance Gore,31,1453,Maj-NL,NYM,10,8,7,1,1,0,0,0,0,0,0,3,0,1,0,0,3,0,0.143,0.143,0.143,0.286,605253,2022
Nolan Gorman,22,1451,Maj-NL,STL,90,314,284,44,65,13,0,14,36,28,0,103,2,0,0,2,1,0,0.229,0.303,0.423,0.725,669357,2022
Phil Gosselin,33,1495,"Maj-AL,Maj-NL","ATL,LAD",33,77,74,6,11,0,1,0,2,2,0,24,1,0,0,1,0,0,0.149,0.182,0.176,0.357,594838,2022
Yasmani Grandal,33,1454,Maj-AL,CHC,99,376,327,15,66,7,0,5,27,45,1,79,2,0,2,8,1,0,0.202,0.301,0.269,0.57,518735,2022
Riley Greene,21,1453,Maj-AL,DET,93,418,376,46,95,18,4,5,42,36,0,120,3,0,3,8,1,4,0.253,0.321,0.362,0.682,682985,2022
Didi Gregorius,32,1516,Maj-NL,PHI,63,232,214,17,45,9,4,1,19,13,0,36,3,0,2,0,1,0,0.21,0.263,0.304,0.567,544369,2022
Grayson Greiner,29,1588,Maj-NL,ARI,2,8,6,0,1,0,0,0,0,2,0,3,0,0,0,0,0,0,0.167,0.375,0.167,0.542,606988,2022
Trent Grisham,25,1435,Maj-NL,SDP,164,570,491,66,91,16,2,20,58,61,2,165,9,7,2,3,7,1,0.185,0.286,0.348,0.634,663757,2022
Vaughn Grissom,21,1444,Maj-NL,ATL,43,159,144,24,41,6,0,5,18,11,1,37,3,0,1,0,5,2,0.285,0.346,0.431,0.776,687093,2022
Jordan Groshans,22,1453,Maj-NL,MIA,17,65,61,9,16,0,0,1,2,4,0,13,0,0,0,2,0,0,0.262,0.308,0.311,0.619,677954,2022
Robbie Grossman,32,1444,"Maj-AL,Maj-NL","ATL,DET",131,480,414,40,86,19,1,7,45,56,0,131,6,0,4,3,6,2,0.208,0.308,0.309,0.618,543257,2022
Vladimir Guerrero Jr.,23,1450,Maj-AL,TOR,162,715,646,91,176,35,0,32,98,59,7,117,6,0,4,26,8,3,0.272,0.337,0.475,0.812,665489,2022
Luis Guillorme,27,1451,Maj-NL,NYM,103,336,298,33,81,12,1,2,17,34,1,47,2,2,0,15,1,0,0.272,0.35,0.339,0.689,641645,2022
Lourdes Gurriel Jr.,28,1481,Maj-AL,TOR,121,493,453,52,132,32,1,5,52,31,1,83,6,0,2,11,3,4,0.291,0.343,0.4,0.743,666971,2022
Yuli Gurriel,38,1424,Maj-AL,HOU,158,634,594,57,149,41,0,10,57,31,0,74,6,0,3,13,10,0,0.251,0.293,0.37,0.664,493329,2022
Dalton Guthrie,26,1453,Maj-NL,PHI,14,28,21,3,7,0,0,1,5,6,0,7,1,0,0,0,1,0,0.333,0.5,0.476,0.976,656495,2022
Kelvin Guti\xc3\xa9rrez,27,1610,Maj-AL,BAL,12,33,28,2,4,1,0,0,3,4,0,8,0,0,0,1,1,0,0.143,0.25,0.179,0.429,642721,2022
Ronald Guzm\xc3\xa1n,27,1479,Maj-AL,NYY,3,6,6,0,0,0,0,0,0,0,0,5,0,0,0,1,0,0,0.0,0.0,0.0,0.0,608597,2022
Eric Haase,29,1453,Maj-AL,DET,110,351,323,41,82,17,1,14,44,24,1,97,1,0,3,9,0,0,0.254,0.305,0.443,0.748,606992,2022
Jake Hager,29,1544,Maj-NL,ARI,27,59,50,4,12,2,0,0,3,8,0,17,0,1,0,0,0,0,0.24,0.345,0.28,0.625,606993,2022
Sam Haggerty,28,1455,Maj-AL,SEA,83,201,176,29,45,9,1,5,23,18,3,53,4,1,2,4,13,1,0.256,0.335,0.403,0.738,664059,2022
Darick Hall,26,1453,Maj-NL,PHI,41,142,136,19,34,8,1,9,16,5,0,44,1,0,0,3,0,0,0.25,0.282,0.522,0.804,669742,2022
Billy Hamilton,31,1454,"Maj-AL,Maj-NL","MIA,MIN",37,23,20,13,1,0,0,0,0,2,0,12,0,1,0,0,10,1,0.05,0.136,0.05,0.186,571740,2022
Caleb Hamilton,27,1453,Maj-AL,MIN,22,23,18,5,1,0,0,1,1,4,0,14,0,1,0,0,0,0,0.056,0.227,0.222,0.449,643348,2022
Mitch Haniger,31,1443,Maj-AL,SEA,62,271,245,33,60,10,0,11,34,22,1,70,2,0,2,7,0,0,0.245,0.31,0.42,0.73,571745,2022
Ian Happ,27,1453,Maj-NL,CHC,158,641,573,72,155,42,2,17,72,58,4,149,6,0,4,11,9,4,0.271,0.342,0.44,0.781,664023,2022
Bryce Harper,29,1422,Maj-NL,PHI,116,497,433,75,128,35,1,24,78,52,10,101,4,1,7,16,12,4,0.296,0.371,0.547,0.918,547180,2022
Michael Harris II,21,1443,Maj-NL,ATL,118,455,428,75,124,27,3,19,65,21,0,109,5,1,0,7,21,2,0.29,0.33,0.5,0.83,671739,2022
Josh Harrison,34,1453,Maj-AL,CHC,118,425,386,50,99,19,2,7,27,21,0,71,14,2,2,9,2,1,0.256,0.317,0.37,0.687,543281,2022
Monte Harrison,26,1538,Maj-AL,LAD,9,14,11,5,2,0,0,1,3,2,0,8,1,0,0,1,1,0,0.182,0.357,0.455,0.812,656509,2022
Adam Haseley,26,1484,Maj-AL,CHC,14,25,21,4,5,0,0,0,2,3,0,7,0,1,0,0,0,0,0.238,0.333,0.238,0.571,656514,2022
Austin Hays,26,1453,Maj-AL,BAL,145,582,535,66,134,35,2,16,60,34,0,114,10,0,3,11,2,4,0.25,0.306,0.413,0.719,669720,2022
Austin Hedges,29,1440,Maj-AL,CLE,112,356,309,27,50,4,0,7,30,28,0,83,6,10,3,12,2,0,0.162,0.243,0.243,0.485,595978,2022
Jonah Heim,27,1453,Maj-AL,TEX,127,450,406,51,92,20,1,16,48,41,0,87,1,0,2,10,2,0,0.227,0.298,0.399,0.697,641680,2022
Tyler Heineman,31,1453,"Maj-AL,Maj-NL","Pittsburgh,TOR",62,174,157,16,34,8,0,0,9,8,0,17,5,4,0,3,1,0,0.217,0.276,0.268,0.544,623168,2022
Gunnar Henderson,21,1453,Maj-AL,BAL,34,132,116,12,30,7,1,4,18,16,1,34,0,0,0,1,1,1,0.259,0.348,0.44,0.788,683002,2022
Payton Henry,25,1590,Maj-NL,MIA,15,35,28,2,4,0,0,0,4,5,0,8,2,0,0,0,0,0,0.143,0.314,0.143,0.457,668721,2022
David Hensley,26,1424,Maj-AL,HOU,20,43,37,7,12,2,1,1,5,5,0,10,1,0,0,3,0,0,0.324,0.419,0.514,0.932,682073,2022
Guillermo Heredia,31,1453,Maj-NL,ATL,74,82,76,12,12,3,1,3,8,6,0,32,0,0,0,1,0,0,0.158,0.22,0.342,0.562,628338,2022
Michael Hermosillo,27,1463,Maj-NL,CHC,31,73,61,7,7,2,0,0,4,7,0,27,4,1,0,0,1,0,0.115,0.25,0.148,0.398,641684,2022
Elier Hernandez,27,1504,Maj-AL,TEX,14,35,33,4,6,2,0,0,3,1,0,15,0,0,1,1,0,0,0.182,0.2,0.242,0.442,609274,2022
Enrique Hern\xc3\xa1ndez,30,1453,Maj-AL,BOS,93,402,361,48,80,24,0,6,45,34,0,71,3,0,4,11,0,2,0.222,0.291,0.338,0.629,571771,2022
Teoscar Hern\xc3\xa1ndez,29,1450,Maj-AL,TOR,133,544,507,74,135,35,1,27,81,34,0,153,3,0,0,19,7,3,0.266,0.316,0.499,0.815,606192,2022
Yonny Hern\xc3\xa1ndez,24,1590,Maj-NL,ARI,12,28,24,2,2,0,0,0,0,2,0,4,0,2,0,0,2,0,0.083,0.154,0.083,0.237,660634,2022
Iv\xc3\xa1n Herrera,22,1548,Maj-NL,STL,11,22,18,0,2,0,0,0,1,2,0,8,0,1,1,0,0,0,0.111,0.19,0.111,0.302,671056,2022
Jos\xc3\xa9 Herrera,25,1512,Maj-NL,ARI,47,124,111,9,21,2,0,0,5,9,0,34,0,4,0,1,0,0,0.189,0.25,0.207,0.457,645444,2022
Od\xc3\xbabel Herrera,30,1519,Maj-NL,PHI,62,197,185,23,44,9,1,5,21,11,0,42,0,0,1,3,6,0,0.238,0.279,0.378,0.658,546318,2022
Jason Heyward,32,1556,Maj-NL,CHC,47,151,137,15,28,5,1,1,10,11,0,32,3,0,0,3,1,0,0.204,0.278,0.277,0.556,518792,2022
Brewer Hicklen,26,1533,Maj-AL,KCR,6,4,4,1,0,0,0,0,0,0,0,4,0,0,0,0,0,0,0.0,0.0,0.0,0.0,676551,2022
Aaron Hicks,32,1440,Maj-AL,NYY,132,457,387,54,83,9,2,8,40,63,3,109,4,1,2,10,10,3,0.214,0.329,0.31,0.639,543305,2022
Kyle Higashioka,32,1438,Maj-AL,NYY,86,255,235,27,52,7,0,10,31,13,0,57,1,2,4,5,0,1,0.221,0.261,0.379,0.64,543309,2022
P.J. Higgins,29,1453,Maj-NL,CHC,74,229,201,23,46,11,1,6,30,22,0,58,2,3,1,2,0,0,0.229,0.31,0.383,0.693,664731,2022
Derek Hill,26,1570,Maj-AL,DET,31,92,83,8,19,2,0,1,3,5,0,28,0,3,1,0,3,0,0.229,0.27,0.289,0.559,656537,2022
Keston Hiura,25,1453,Maj-NL,MIL,80,266,234,34,53,8,1,14,32,23,0,111,8,0,1,3,5,2,0.226,0.316,0.449,0.765,669374,2022
Nico Hoerner,25,1453,Maj-NL,CHC,135,517,481,60,135,22,5,10,55,28,4,57,6,0,2,11,20,2,0.281,0.327,0.41,0.736,663538,2022
Rhys Hoskins,29,1422,Maj-NL,PHI,173,745,658,90,156,34,2,36,91,76,0,193,6,0,4,14,2,1,0.237,0.32,0.459,0.779,656555,2022
Eric Hosmer,32,1453,"Maj-AL,Maj-NL","BOS,SDP",104,419,380,38,102,19,0,8,44,37,5,64,1,0,1,12,0,0,0.268,0.334,0.382,0.716,543333,2022
Sam Huff,24,1454,Maj-AL,TEX,44,132,121,9,29,4,0,4,10,11,1,42,0,0,0,1,1,0,0.24,0.303,0.372,0.675,669087,2022
Cooper Hummel,27,1455,Maj-NL,ARI,66,201,176,20,31,8,3,3,17,23,0,64,1,0,1,4,4,1,0.176,0.274,0.307,0.58,669450,2022
Andy Ib\xc3\xa1\xc3\xb1ez,29,1573,Maj-AL,TEX,40,128,119,13,26,4,0,1,9,9,0,21,0,0,0,0,3,0,0.218,0.273,0.277,0.551,628451,2022
Ender Inciarte,31,1537,Maj-NL,NYM,11,8,8,1,1,0,0,0,0,0,0,0,0,0,0,0,0,0,0.125,0.125,0.125,0.25,542255,2022
Jonathan India,25,1454,Maj-NL,CIN,103,431,386,48,96,16,2,10,41,31,1,94,14,0,0,5,3,4,0.249,0.327,0.378,0.705,663697,2022
Kyle Isbel,25,1453,Maj-AL,KCR,106,278,256,32,54,10,4,5,28,16,0,75,3,1,2,5,9,6,0.211,0.264,0.34,0.603,664728,2022
Alex Jackson,26,1576,Maj-NL,MIL,5,12,12,0,3,0,0,0,0,0,0,7,0,0,0,0,0,0,0.25,0.25,0.25,0.5,656577,2022
Travis Jankowski,31,1517,"Maj-AL,Maj-NL","NYM,SEA",44,64,55,11,9,0,0,0,2,8,0,10,1,0,0,0,3,0,0.164,0.281,0.164,0.445,608671,2022
Danny Jansen,27,1450,Maj-AL,TOR,74,256,223,34,59,11,0,15,46,25,1,48,3,0,5,1,1,0,0.265,0.34,0.516,0.856,643376,2022
Ryan Jeffers,25,1453,Maj-AL,MIN,67,236,212,25,44,10,1,7,27,23,0,62,0,1,0,6,0,0,0.208,0.285,0.363,0.648,680777,2022
Eloy Jim\xc3\xa9nez,25,1454,Maj-AL,CHC,84,327,292,40,86,12,0,16,54,28,0,72,3,0,4,8,0,0,0.295,0.358,0.5,0.858,650391,2022
Nolan Jones,24,1500,Maj-AL,CLE,28,94,86,10,21,5,0,2,13,8,1,31,0,0,0,2,0,0,0.244,0.309,0.372,0.681,666134,2022
Taylor Jones,28,1518,Maj-AL,HOU,1,1,1,0,0,0,0,0,0,0,0,0,0,0,0,0,0,0,0.0,0.0,0.0,0.0,622100,2022
Aaron Judge,30,1435,Maj-AL,NYY,166,734,606,138,182,28,0,64,134,113,19,190,6,0,5,14,17,3,0.3,0.412,0.663,1.076,592450,2022
Josh Jung,24,1453,Maj-AL,TEX,26,102,98,9,20,4,1,5,14,4,0,39,0,0,0,2,2,0,0.204,0.235,0.418,0.654,673962,2022
Gosuke Katoh,27,1613,Maj-AL,TOR,8,11,7,2,1,1,0,0,0,3,0,1,0,1,0,0,0,0,0.143,0.4,0.286,0.686,641741,2022
Jarred Kelenic,22,1443,Maj-AL,SEA,59,199,180,21,25,5,1,7,18,16,0,68,1,0,2,3,5,3,0.139,0.211,0.294,0.505,672284,2022
Carson Kelly,27,1453,Maj-NL,ARI,104,354,317,40,67,18,0,7,35,29,0,71,4,0,4,10,2,0,0.211,0.282,0.334,0.617,608348,2022
Buddy Kennedy,23,1457,Maj-NL,ARI,30,94,83,10,18,2,2,1,12,8,0,23,1,0,2,1,0,0,0.217,0.287,0.325,0.613,671083,2022
Max Kepler,29,1477,Maj-AL,MIN,115,446,388,54,88,18,1,9,43,49,1,66,5,0,4,7,3,2,0.227,0.318,0.348,0.666,596146,2022
Kevin Kiermaier,32,1541,Maj-AL,TBR,63,221,206,28,47,8,0,7,22,14,0,61,1,0,0,2,6,1,0.228,0.281,0.369,0.649,595281,2022
Ha-Seong Kim,26,1435,Maj-NL,SDP,162,631,560,66,138,32,3,11,62,57,0,114,7,3,4,9,13,3,0.246,0.322,0.373,0.695,673490,2022
Isiah Kiner-Falefa,27,1435,Maj-AL,NYY,148,551,501,68,131,21,0,4,48,36,2,76,6,3,5,15,23,4,0.261,0.316,0.327,0.643,643396,2022
Scott Kingery,28,1572,Maj-NL,PHI,1,0,0,0,0,0,0,0,0,0,0,0,0,0,0,0,0,0,,,,,664068,2022
Alex Kirilloff,24,1518,Maj-AL,MIN,45,156,144,14,36,7,0,3,21,5,0,36,4,0,2,5,0,0,0.25,0.29,0.361,0.651,666135,2022
Alejandro Kirk,23,1450,Maj-AL,TOR,141,550,478,61,137,20,0,14,63,64,2,59,4,0,4,11,0,0,0.287,0.373,0.416,0.789,672386,2022
Andrew Knapp,30,1484,"Maj-AL,Maj-NL","Pittsburgh,San Francisco,SEA",16,46,39,4,5,1,0,0,4,5,0,12,1,0,1,0,0,0,0.128,0.239,0.154,0.393,595284,2022
Andrew Knizner,27,1453,Maj-NL,STL,96,293,260,28,56,10,0,4,25,26,0,62,6,1,0,9,0,1,0.215,0.301,0.3,0.601,668800,2022
Mark Kolozsvary,26,1517,Maj-NL,CIN,10,21,20,3,4,2,0,1,3,1,0,9,0,0,0,1,0,0,0.2,0.238,0.45,0.688,656627,2022
Ryan Kreidler,24,1453,Maj-AL,DET,26,84,73,8,13,1,0,1,6,6,0,22,1,2,2,0,0,1,0.178,0.244,0.233,0.477,668952,2022
Steven Kwan,24,1440,Maj-AL,CLE,154,670,593,93,177,26,7,7,54,64,2,62,7,2,4,9,20,5,0.298,0.371,0.401,0.773,680757,2022
Juan Lagares,33,1558,Maj-AL,LAD,20,62,60,4,11,2,1,0,0,2,0,15,0,0,0,0,0,0,0.183,0.21,0.25,0.46,501571,2022
Jake Lamb,31,1469,"Maj-AL,Maj-NL","LAD,SEA",41,111,97,13,21,6,1,3,6,11,0,38,3,0,0,4,0,1,0.216,0.315,0.392,0.707,571875,2022
Trevor Larnach,25,1557,Maj-AL,MIN,51,180,160,22,37,13,0,5,18,18,1,57,0,0,2,1,0,0,0.231,0.306,0.406,0.712,663616,2022
Jack Larsen,27,1519,Maj-AL,SEA,1,1,1,0,0,0,0,0,0,0,0,1,0,0,0,0,0,0,0.0,0.0,0.0,0.0,677223,2022
Bryan Lavastida,23,1617,Maj-AL,CLE,6,15,12,0,1,0,0,0,0,3,0,4,0,0,0,0,0,0,0.083,0.267,0.083,0.35,681526,2022
Charles Leblanc,26,1453,Maj-NL,MIA,48,169,156,18,41,10,0,4,11,12,0,53,1,0,0,0,4,2,0.263,0.32,0.404,0.723,641779,2022
Khalil Lee,24,1569,Maj-NL,NYM,2,2,2,1,1,0,0,1,3,0,0,0,0,0,0,0,0,0,0.5,0.5,2.0,2.5,666137,2022
Korey Lee,23,1519,Maj-AL,HOU,12,26,25,1,4,2,0,0,4,1,0,9,0,0,0,1,0,0,0.16,0.192,0.24,0.432,686676,2022
DJ LeMahieu,33,1453,Maj-AL,NYY,125,541,467,74,122,18,0,12,46,67,0,71,4,1,2,12,4,2,0.261,0.357,0.377,0.734,518934,2022
Sandy Le\xc3\xb3n,33,1467,Maj-AL,"CLE,MIN",33,86,71,6,12,3,0,0,4,13,0,27,0,2,0,2,0,0,0.169,0.298,0.211,0.509,506702,2022
Josh Lester,27,1482,Maj-AL,DET,2,5,5,0,0,0,0,0,0,0,0,3,0,0,0,0,0,0,0.0,0.0,0.0,0.0,623507,2022
Kyle Lewis,26,1511,Maj-AL,SEA,18,62,56,6,8,0,0,3,5,5,0,19,1,0,0,2,0,0,0.143,0.226,0.304,0.529,641786,2022
Royce Lewis,23,1582,Maj-AL,MIN,12,41,40,5,12,4,0,2,5,1,0,5,0,0,0,2,0,0,0.3,0.317,0.55,0.867,668904,2022
Luis Liberato,26,1466,Maj-NL,SDP,7,5,5,0,0,0,0,0,0,0,0,3,0,0,0,0,0,0,0.0,0.0,0.0,0.0,642451,2022
Francisco Lindor,28,1449,Maj-NL,NYM,164,718,640,100,172,25,5,27,108,60,2,135,11,0,7,11,17,6,0.269,0.338,0.45,0.788,596019,2022
Tim Locastro,29,1444,Maj-AL,NYY,39,47,44,13,8,1,0,2,4,2,0,7,1,0,0,0,9,2,0.182,0.234,0.341,0.575,641796,2022
Alejo Lopez,26,1453,Maj-NL,CIN,58,156,145,15,38,5,1,1,10,9,1,21,2,0,0,1,3,1,0.262,0.314,0.331,0.645,664670,2022
Nicky Lopez,27,1454,Maj-AL,KCR,141,480,436,51,99,12,4,0,20,29,0,63,4,10,1,8,13,3,0.227,0.281,0.273,0.554,670032,2022
Otto Lopez,23,1453,Maj-AL,TOR,8,10,9,0,6,0,0,0,3,1,0,1,0,0,0,0,0,1,0.667,0.7,0.667,1.367,672640,2022
Brandon Lowe,27,1477,Maj-AL,TBR,65,266,235,31,52,10,2,8,25,27,0,61,3,0,1,1,1,0,0.221,0.308,0.383,0.691,664040,2022
Josh Lowe,24,1520,Maj-AL,TBR,52,198,181,24,40,12,2,2,13,15,1,66,1,1,0,1,3,0,0.221,0.284,0.343,0.627,666139,2022
Nathaniel Lowe,26,1453,Maj-AL,TEX,157,645,593,74,179,26,3,27,76,48,2,147,4,0,0,10,2,2,0.302,0.358,0.492,0.851,663993,2022
Jordan Luplow,28,1454,Maj-NL,ARI,83,234,205,26,36,5,0,11,28,25,1,60,3,0,1,5,5,1,0.176,0.274,0.361,0.634,656669,2022
Gavin Lux,24,1443,Maj-NL,LAD,133,484,434,66,119,21,7,6,43,47,0,100,0,0,3,4,7,2,0.274,0.343,0.396,0.739,666158,2022
Manny Machado,29,1435,Maj-NL,SDP,162,696,626,104,185,40,1,36,109,67,10,150,1,0,2,12,9,1,0.296,0.364,0.535,0.899,592518,2022
David MacKinnon,27,1493,Maj-AL,"LAD,Oakland",22,57,50,2,7,0,0,0,6,6,0,17,0,0,1,2,0,0,0.14,0.228,0.14,0.368,676950,2022
Nick Madrigal,25,1479,Maj-NL,CHC,59,228,209,19,52,7,0,0,7,14,0,27,3,2,0,6,3,1,0.249,0.305,0.282,0.588,663611,2022
Luke Maile,31,1440,Maj-AL,CLE,80,210,184,19,41,10,0,3,17,20,0,54,3,0,3,6,0,0,0.223,0.305,0.326,0.631,571912,2022
Mart\xc3\xadn Maldonado,35,1422,Maj-AL,HOU,124,412,373,42,70,13,0,15,47,24,0,127,9,4,2,6,0,0,0.188,0.252,0.343,0.596,455117,2022
Trey Mancini,30,1422,Maj-AL,"BAL,HOU",151,611,540,56,125,23,1,18,64,54,2,143,11,0,6,12,0,0,0.231,0.311,0.378,0.689,641820,2022
Manuel Margot,27,1450,Maj-AL,TBR,91,372,344,36,93,18,2,4,47,25,1,69,2,0,1,8,7,4,0.27,0.323,0.369,0.692,622534,2022
Deven Marrero,31,1478,Maj-NL,NYM,5,6,6,0,0,0,0,0,0,0,0,3,0,0,0,0,1,0,0.0,0.0,0.0,0.0,571918,2022
Brandon Marsh,24,1422,"Maj-AL,Maj-NL","LAD,PHI",149,506,463,54,111,21,4,13,57,32,1,175,4,4,3,5,11,4,0.24,0.293,0.387,0.679,669016,2022
Ketel Marte,28,1460,Maj-NL,ARI,137,558,492,68,118,42,2,12,52,55,3,101,6,0,5,12,5,1,0.24,0.321,0.407,0.727,606466,2022
Starling Marte,33,1449,Maj-NL,NYM,121,518,478,76,138,24,5,16,63,27,0,98,13,0,0,19,20,9,0.289,0.344,0.46,0.804,516782,2022
Richie Martin,27,1547,Maj-AL,BAL,13,33,30,4,5,0,2,0,3,3,0,10,0,0,0,0,3,1,0.167,0.242,0.3,0.542,621006,2022
J.D. Martinez,34,1453,Maj-AL,BOS,139,596,533,76,146,43,1,16,62,52,1,145,5,0,5,20,0,0,0.274,0.341,0.448,0.79,502110,2022
Michael Massey,24,1453,Maj-AL,KCR,52,194,173,16,42,9,1,4,17,9,0,46,8,2,2,1,3,0,0.243,0.307,0.376,0.683,686681,2022
Miles Mastrobuoni,26,1456,Maj-AL,TBR,8,17,16,1,3,0,0,0,0,1,0,6,0,0,0,0,1,0,0.188,0.235,0.188,0.423,670156,2022
Jorge Mateo,27,1453,Maj-AL,BAL,150,533,494,63,109,25,7,13,50,27,0,147,5,3,2,8,35,9,0.221,0.267,0.379,0.646,622761,2022
Mark Mathias,27,1453,"Maj-AL,Maj-NL","MIL,TEX",30,91,81,13,20,3,0,6,20,9,0,30,0,0,1,0,3,0,0.247,0.319,0.506,0.825,664029,2022
J.J. Matijevic,26,1479,Maj-AL,HOU,32,71,67,7,14,2,0,2,5,2,0,25,2,0,0,1,1,0,0.209,0.254,0.328,0.582,656695,2022
Nick Maton,25,1429,Maj-NL,PHI,35,86,73,13,18,2,1,5,17,10,0,29,1,0,2,0,0,0,0.247,0.337,0.507,0.844,665155,2022
Jack Mayfield,31,1563,Maj-AL,LAD,23,74,70,8,13,1,1,1,6,3,0,17,1,0,0,1,1,0,0.186,0.23,0.271,0.501,608686,2022
Nomar Mazara,27,1500,Maj-NL,SDP,54,171,159,16,42,8,0,2,18,10,0,40,2,0,0,3,0,0,0.264,0.316,0.352,0.668,608577,2022
Patrick Mazeika,28,1516,Maj-NL,NYM,24,72,68,4,13,4,0,1,6,2,0,9,0,2,0,0,0,0,0.191,0.214,0.294,0.508,664850,2022
James McCann,32,1453,Maj-NL,NYM,61,191,174,19,34,6,0,3,18,11,0,46,4,0,2,5,3,0,0.195,0.257,0.282,0.538,543510,2022
Jake McCarthy,24,1453,Maj-NL,ARI,99,354,321,53,91,16,3,8,43,23,0,76,6,3,1,3,23,3,0.283,0.342,0.427,0.769,664983,2022
Chas McCormick,27,1422,Maj-AL,HOU,131,453,398,52,97,12,2,16,47,51,0,121,2,1,1,5,4,3,0.244,0.332,0.405,0.736,676801,2022
Andrew McCutchen,35,1455,Maj-NL,MIL,134,580,515,66,122,25,0,17,69,57,1,124,4,0,4,10,8,6,0.237,0.316,0.384,0.7,457705,2022
Reese McGuire,27,1453,Maj-AL,"BOS,CHC",89,274,249,25,67,14,1,3,22,12,0,56,3,6,3,6,1,0,0.269,0.307,0.369,0.677,624512,2022
Ryan McKenna,25,1453,Maj-AL,BAL,104,172,156,23,37,10,0,2,11,11,1,55,2,2,1,3,2,1,0.237,0.294,0.34,0.634,663630,2022
Zach McKinstry,27,1453,Maj-NL,"CHC,LAD",57,185,166,21,33,6,3,5,14,16,0,52,1,2,0,0,7,0,0.199,0.273,0.361,0.635,656716,2022
Jeff McNeil,30,1449,Maj-NL,NYM,151,600,544,74,176,40,1,9,64,40,1,62,11,0,5,6,4,0,0.324,0.378,0.45,0.829,643446,2022
Austin Meadows,27,1565,Maj-AL,DET,36,147,128,9,32,6,2,0,11,16,0,17,3,0,0,2,0,1,0.25,0.347,0.328,0.675,640457,2022
Francisco Mejia,26,1450,Maj-AL,TBR,94,302,292,32,70,22,0,6,31,7,0,67,2,0,1,6,0,0,0.24,0.262,0.377,0.638,642336,2022
MJ Melendez,23,1453,Maj-AL,KCR,129,534,460,57,100,21,3,18,62,66,1,131,1,0,7,2,2,3,0.217,0.313,0.393,0.706,669004,2022
Danny Mendick,28,1558,Maj-AL,CHC,31,106,97,22,28,4,1,3,15,7,0,23,1,1,0,2,1,0,0.289,0.343,0.443,0.786,664901,2022
\xc3\x93scar Mercado,27,1541,"Maj-AL,Maj-NL","CLE,PHI",55,128,121,17,25,6,1,4,16,5,0,29,1,0,1,4,2,2,0.207,0.242,0.372,0.614,640458,2022
Whit Merrifield,33,1450,Maj-AL,"KCR,TOR",141,556,509,70,127,28,1,11,58,38,0,85,1,0,8,12,16,5,0.25,0.299,0.373,0.672,593160,2022
Jake Meyers,26,1445,Maj-AL,HOU,53,162,152,13,34,6,2,1,15,7,0,56,2,0,1,1,2,1,0.224,0.265,0.309,0.575,676694,2022
Brad Miller,32,1488,Maj-AL,TEX,81,241,222,20,47,3,0,7,32,18,0,70,0,0,1,3,4,2,0.212,0.27,0.32,0.59,543543,2022
Owen Miller,25,1440,Maj-AL,CLE,135,483,433,53,104,26,1,6,51,33,1,97,8,0,9,9,2,0,0.24,0.3,0.346,0.647,680911,2022
Jos\xc3\xa9 Miranda,24,1453,Maj-AL,MIN,125,483,444,45,119,25,0,15,66,28,0,91,10,0,1,19,1,1,0.268,0.325,0.426,0.751,669304,2022
Garrett Mitchell,23,1453,Maj-NL,MIL,28,68,61,9,19,3,0,2,9,6,0,28,0,1,0,0,8,0,0.311,0.373,0.459,0.832,669003,2022
Yadier Molina,39,1450,Maj-NL,STL,80,278,270,19,57,8,0,5,24,5,0,42,2,0,1,10,2,0,0.211,0.23,0.296,0.527,425877,2022
Yo\xc3\xa1n Moncada,27,1453,Maj-AL,CHC,104,433,397,41,84,18,1,12,51,32,2,114,2,1,1,5,2,0,0.212,0.273,0.353,0.626,660162,2022
Adalberto Mondes\xc3\xad,26,1615,Maj-AL,KCR,15,54,50,3,7,0,0,0,3,4,0,20,0,0,0,2,5,0,0.14,0.204,0.14,0.344,609275,2022
Mickey Moniak,24,1460,"Maj-AL,Maj-NL","LAD,PHI",37,112,106,13,18,3,1,3,8,4,0,44,1,1,0,0,1,0,0.17,0.207,0.302,0.509,666160,2022
Dylan Moore,29,1443,Maj-AL,SEA,107,264,212,41,47,11,2,6,25,36,2,79,13,1,1,5,21,8,0.222,0.366,0.377,0.744,664238,2022
Colin Moran,29,1484,Maj-NL,CIN,42,128,109,11,23,3,0,5,23,16,0,30,0,0,3,4,0,0,0.211,0.305,0.376,0.681,592567,2022
Christopher Morel,23,1453,Maj-NL,CHC,113,425,379,55,89,19,4,16,47,38,0,137,3,3,2,6,10,7,0.235,0.308,0.433,0.741,666624,2022
Gabriel Moreno,22,1453,Maj-AL,TOR,25,73,69,10,22,1,0,1,7,4,0,8,0,0,0,2,0,0,0.319,0.356,0.377,0.733,672515,2022
Taylor Motter,32,1589,Maj-NL,CIN,2,6,6,0,1,0,0,0,0,0,0,3,0,0,0,0,0,0,0.167,0.167,0.167,0.333,600301,2022
Ryan Mountcastle,25,1453,Maj-AL,BAL,145,609,555,62,139,28,1,22,85,43,1,154,4,0,7,12,4,1,0.25,0.305,0.423,0.729,663624,2022
Mike Moustakas,33,1496,Maj-NL,CIN,78,285,252,30,54,12,0,7,25,24,0,75,6,0,3,8,2,0,0.214,0.295,0.345,0.64,519058,2022
Cedric Mullins,27,1453,Maj-AL,BAL,156,672,608,89,157,32,4,16,64,47,2,126,9,1,5,4,34,10,0.258,0.318,0.403,0.721,656775,2022
Max Muncy,31,1443,Maj-NL,LAD,140,581,478,71,95,23,1,22,71,92,1,147,5,0,6,2,2,0,0.199,0.33,0.389,0.72,571970,2022
Yairo Mu\xc3\xb1oz,27,1463,Maj-NL,PHI,29,60,57,7,12,2,0,3,7,3,0,10,0,0,0,0,1,0,0.211,0.25,0.404,0.654,622168,2022
Tom Murphy,31,1605,Maj-AL,SEA,14,42,33,9,10,2,0,1,1,8,0,13,0,0,0,1,0,0,0.303,0.439,0.455,0.894,608596,2022
S\xc3\xadmon Muzziotti,23,1621,Maj-NL,PHI,9,9,7,0,1,0,0,0,0,0,0,2,1,1,0,0,0,0,0.143,0.25,0.143,0.393,665922,2022
Wil Myers,31,1435,Maj-NL,SDP,86,316,290,30,71,15,0,8,42,22,1,99,1,0,3,8,2,1,0.245,0.297,0.379,0.677,571976,2022
Tyler Naquin,31,1453,Maj-NL,"CIN,NYM",105,334,310,47,71,19,4,11,46,19,2,93,4,1,0,3,4,2,0.229,0.282,0.423,0.705,571980,2022
Omar Narv\xc3\xa1ez,30,1454,Maj-NL,MIL,84,296,262,21,54,12,1,4,23,29,1,57,3,1,1,4,0,0,0.206,0.292,0.305,0.597,553882,2022
Bo Naylor,22,1453,Maj-AL,CLE,5,8,8,0,0,0,0,0,0,0,0,5,0,0,0,0,0,0,0.0,0.0,0.0,0.0,666310,2022
Josh Naylor,25,1440,Maj-AL,CLE,129,529,480,49,121,29,0,21,82,38,4,86,6,0,5,15,6,1,0.252,0.312,0.444,0.756,647304,2022
Tyler Nevin,25,1453,Maj-AL,BAL,58,184,157,17,31,4,0,2,16,20,0,46,4,0,3,4,0,0,0.197,0.299,0.261,0.56,663527,2022
Tom\xc3\xa1s Nido,28,1449,Maj-NL,NYY,101,322,292,31,69,15,0,3,28,15,0,80,1,12,2,15,0,0,0.236,0.274,0.318,0.593,621512,2022
Brandon Nimmo,29,1449,Maj-NL,NYM,154,686,592,102,163,30,8,16,65,72,0,117,16,3,3,9,3,2,0.275,0.367,0.434,0.802,607043,2022
Austin Nola,32,1435,Maj-NL,SDP,122,443,387,43,96,17,0,4,45,37,1,70,6,3,10,5,2,1,0.248,0.316,0.323,0.639,543592,2022
Lars Nootbaar,24,1450,Maj-NL,STL,110,355,296,53,68,17,3,14,40,53,1,73,1,0,5,3,4,1,0.23,0.344,0.449,0.793,663457,2022
Ryan O\'Hearn,28,1454,Maj-AL,KCR,66,145,134,14,32,6,1,1,16,8,0,35,2,0,1,2,0,0,0.239,0.29,0.321,0.611,656811,2022
Logan O\'Hoppe,22,1453,Maj-AL,LAD,5,16,14,1,4,0,0,0,2,2,0,3,0,0,0,0,0,0,0.286,0.375,0.286,0.661,681351,2022
Brian O\'Keefe,28,1456,Maj-AL,SEA,2,4,3,0,1,0,0,0,0,1,0,2,0,0,0,0,0,0,0.333,0.5,0.333,0.833,657247,2022
Tyler O\'Neill,27,1472,Maj-NL,STL,96,383,334,56,76,11,1,14,58,38,0,103,4,0,7,9,14,4,0.228,0.308,0.392,0.7,641933,2022
Rougned Odor,28,1453,Maj-AL,BAL,133,472,426,49,88,19,3,13,53,32,1,109,10,0,4,9,6,1,0.207,0.275,0.357,0.632,596059,2022
Shohei Ohtani,27,1453,Maj-AL,LAD,157,666,586,90,160,30,6,34,95,72,14,161,5,0,3,6,11,9,0.273,0.356,0.519,0.875,660271,2022
Chris Okey,27,1555,Maj-NL,CIN,7,13,12,3,2,0,0,0,0,0,0,5,1,0,0,0,0,0,0.167,0.231,0.167,0.397,608360,2022
Edward Olivares,26,1453,Maj-AL,KCR,53,174,161,24,46,8,0,4,15,10,0,36,2,0,1,1,2,3,0.286,0.333,0.41,0.743,658668,2022
Matt Olson,28,1443,Maj-NL,ATL,166,716,628,90,152,44,0,36,108,80,6,174,4,0,4,13,0,0,0.242,0.33,0.484,0.814,621566,2022
Rafael Ortega,31,1475,Maj-NL,CHC,118,371,316,35,76,14,1,7,35,44,2,74,2,1,7,10,12,7,0.241,0.331,0.358,0.688,542364,2022
James Outman,25,1515,Maj-NL,LAD,4,16,13,6,6,2,0,1,3,2,0,7,1,0,0,0,0,0,0.462,0.563,0.846,1.409,681546,2022
Chris Owings,30,1578,Maj-AL,BAL,26,68,56,6,6,2,0,0,0,10,0,24,1,1,0,3,1,0,0.107,0.254,0.143,0.397,572008,2022
Marcell Ozuna,31,1444,Maj-NL,ATL,127,515,478,56,106,19,0,23,56,31,0,126,2,0,4,12,2,1,0.222,0.27,0.406,0.676,542303,2022
Kevin Padlo,25,1498,"Maj-AL,Maj-NL","Pittsburgh,San Francisco,SEA",13,34,33,0,4,1,0,0,3,1,0,10,0,0,0,2,0,0,0.121,0.147,0.152,0.299,656821,2022
Jermaine Palacios,25,1453,Maj-AL,MIN,30,77,70,8,10,0,0,2,6,4,0,27,0,1,2,2,0,0,0.143,0.184,0.229,0.413,650339,2022
Richie Palacios,25,1468,Maj-AL,CLE,54,123,112,7,26,6,0,0,10,9,1,20,1,0,1,2,2,0,0.232,0.293,0.286,0.578,680700,2022
Michael Papierski,26,1498,Maj-NL,"CIN,San Francisco",39,103,91,7,13,1,0,1,4,10,0,26,0,2,0,4,0,0,0.143,0.228,0.187,0.415,657709,2022
Isaac Paredes,23,1450,Maj-AL,TBR,113,385,334,48,70,16,0,20,45,45,0,67,4,0,2,12,0,1,0.21,0.309,0.437,0.746,670623,2022
Vinnie Pasquantino,24,1453,Maj-AL,KCR,72,298,258,25,76,10,0,10,26,35,1,34,3,0,2,5,1,0,0.295,0.383,0.45,0.832,686469,2022
Mark Payton,30,1453,Maj-AL,CHC,8,25,21,3,3,0,0,0,1,4,0,4,0,0,0,0,0,0,0.143,0.28,0.143,0.423,592622,2022
Jeremy Pe\xc3\xb1a,24,1422,Maj-AL,HOU,149,619,579,84,152,25,2,26,71,24,0,150,6,2,5,5,11,3,0.263,0.296,0.447,0.744,665161,2022
David Peralta,34,1450,"Maj-AL,Maj-NL","ARI,TBR",135,491,440,39,110,30,3,12,59,41,5,115,4,0,6,8,1,3,0.25,0.316,0.414,0.729,444482,2022
Oswald Peraza,22,1438,Maj-AL,NYY,19,60,52,8,15,3,0,1,2,6,0,11,2,0,0,3,2,0,0.288,0.383,0.404,0.787,672724,2022
Geraldo Perdomo,22,1453,Maj-NL,ARI,148,500,431,58,84,10,2,5,40,50,0,103,5,12,2,3,9,2,0.195,0.285,0.262,0.547,672695,2022
Carlos P\xc3\xa9rez,25,1453,Maj-AL,CHC,7,18,18,0,4,2,0,0,2,0,0,2,0,0,0,1,0,0,0.222,0.222,0.333,0.556,656024,2022
Joe Perez,22,1633,Maj-AL,HOU,1,1,1,0,0,0,0,0,0,0,0,1,0,0,0,0,0,0,0.0,0.0,0.0,0.0,669309,2022
Michael P\xc3\xa9rez,29,1498,Maj-NL,"NYY,Pittsburgh",45,132,121,10,18,0,0,6,14,10,0,32,0,1,0,2,1,0,0.149,0.214,0.298,0.511,605421,2022
Salvador Perez,32,1457,Maj-AL,KCR,114,473,445,48,113,23,1,23,76,18,2,109,7,0,3,9,0,0,0.254,0.292,0.465,0.757,521692,2022
Jace Peterson,32,1453,Maj-NL,MIL,112,328,288,44,68,14,2,8,34,33,2,85,2,2,3,8,12,1,0.236,0.316,0.382,0.698,607054,2022
Tommy Pham,34,1454,"Maj-AL,Maj-NL","BOS,CIN",144,622,554,89,131,23,1,17,63,56,0,167,7,0,5,20,8,3,0.236,0.312,0.374,0.686,502054,2022
Brett Phillips,28,1504,Maj-AL,"BAL,TBR",83,225,201,22,29,6,0,5,15,16,0,94,3,4,1,0,7,0,0.144,0.217,0.249,0.466,621433,2022
Evan Phillips,27,1585,Maj-NL,LAD,1,1,0,0,0,0,0,0,0,1,0,0,0,0,0,0,0,0,,1.0,,,623465,2022
Kevin Pillar,33,1579,Maj-NL,LAD,4,13,12,1,1,1,0,0,0,1,0,4,0,0,0,1,0,0,0.083,0.154,0.167,0.321,607680,2022
Manny Pi\xc3\xb1a,35,1617,Maj-NL,ATL,5,17,14,1,2,0,0,0,2,1,0,1,1,0,1,0,0,0,0.143,0.235,0.143,0.378,444489,2022
Ren\xc3\xa9 Pinto,25,1453,Maj-AL,TBR,25,83,80,5,17,3,0,2,10,2,0,35,1,0,0,3,0,0,0.213,0.241,0.325,0.566,650907,2022
Kevin Plawecki,31,1454,Maj-AL,"BOS,TEX",63,186,168,15,37,8,0,1,13,14,0,32,2,1,1,6,0,0,0.22,0.286,0.286,0.572,608700,2022
Nick Plummer,25,1561,Maj-NL,NYM,14,31,29,4,4,1,0,2,6,1,0,12,1,0,0,1,0,0,0.138,0.194,0.379,0.573,663911,2022
Jorge Polanco,28,1492,Maj-AL,MIN,104,445,375,54,88,16,0,16,56,64,1,95,2,0,4,4,3,3,0.235,0.346,0.405,0.751,593871,2022
AJ Pollock,34,1454,Maj-AL,CHC,138,527,489,61,120,26,1,14,56,32,0,98,2,0,4,13,3,1,0.245,0.292,0.389,0.681,572041,2022
Nick Pratto,23,1473,Maj-AL,KCR,49,182,158,18,29,9,1,7,20,19,0,66,1,1,3,6,0,0,0.184,0.271,0.386,0.657,668472,2022
Jurickson Profar,29,1435,Maj-NL,SDP,164,710,619,88,151,36,2,16,63,81,0,111,4,3,3,12,5,1,0.244,0.334,0.386,0.72,595777,2022
Albert Pujols,42,1450,Maj-NL,STL,111,359,315,42,85,14,0,24,68,28,1,56,10,0,6,14,1,2,0.27,0.343,0.543,0.885,405395,2022
Roman Quinn,29,1500,"Maj-AL,Maj-NL","PHI,TBR",44,87,79,15,17,3,2,0,7,7,0,36,1,0,0,0,4,3,0.215,0.287,0.304,0.591,596451,2022
Esteban Quiroz,30,1453,Maj-NL,CHC,14,47,40,3,11,0,0,0,3,4,0,9,2,1,0,0,1,1,0.275,0.37,0.275,0.645,606019,2022
Cal Raleigh,25,1443,Maj-AL,SEA,124,439,392,50,83,21,1,28,67,40,0,130,2,0,5,5,1,0,0.212,0.285,0.485,0.769,663728,2022
Luke Raley,27,1505,Maj-AL,TBR,22,72,61,7,12,2,0,1,4,7,0,24,3,0,1,1,0,0,0.197,0.306,0.279,0.584,670042,2022
Harold Ram\xc3\xadrez,27,1450,Maj-AL,TBR,122,444,412,46,122,24,0,6,58,19,1,75,9,0,4,6,3,5,0.296,0.338,0.398,0.736,623912,2022
Jos\xc3\xa9 Ram\xc3\xadrez,29,1440,Maj-AL,CLE,164,717,631,92,178,46,5,30,130,70,20,89,6,0,10,5,20,7,0.282,0.354,0.513,0.868,608070,2022
J.T. Realmuto,31,1422,Maj-NL,PHI,156,634,569,86,153,27,5,25,90,47,1,143,13,0,5,7,21,1,0.269,0.336,0.466,0.802,592663,2022
Rob Refsnyder,31,1457,Maj-AL,BOS,57,177,153,25,47,11,0,6,21,15,0,46,6,0,3,1,1,1,0.307,0.384,0.497,0.881,608701,2022
Zach Reks,28,1562,Maj-AL,TEX,16,34,34,3,9,1,0,0,3,0,0,10,0,0,0,0,0,1,0.265,0.265,0.294,0.559,676646,2022
Anthony Rendon,32,1454,Maj-AL,LAD,47,193,166,15,38,10,0,5,24,23,0,35,2,0,2,7,2,0,0.229,0.326,0.38,0.706,543685,2022
Hunter Renfroe,30,1454,Maj-NL,MIL,125,522,474,62,121,23,1,29,72,39,1,121,4,2,3,11,1,1,0.255,0.315,0.492,0.807,592669,2022
Luis Rengifo,25,1453,Maj-AL,LAD,127,511,489,45,129,22,4,17,52,17,0,79,4,1,0,11,6,2,0.264,0.294,0.429,0.724,650859,2022
Franmil Reyes,26,1453,"Maj-AL,Maj-NL","CHC,CLE",118,473,438,43,97,17,2,14,47,30,0,157,2,0,3,12,2,1,0.221,0.273,0.365,0.638,614177,2022
Pablo Reyes,28,1496,Maj-NL,MIL,5,16,15,1,4,0,0,0,0,1,0,2,0,0,0,0,0,0,0.267,0.313,0.267,0.579,622569,2022
V\xc3\xadctor Reyes,27,1454,Maj-AL,DET,92,336,315,27,80,19,3,3,34,13,0,77,4,0,4,7,2,2,0.254,0.289,0.362,0.651,622682,2022
Matt Reynolds,31,1453,Maj-NL,"CIN,NYM",93,272,244,31,60,10,1,3,23,26,0,78,1,0,1,7,5,0,0.246,0.32,0.332,0.652,608703,2022
JT Riddle,30,1617,Maj-NL,CIN,2,4,4,0,1,0,0,0,0,0,0,1,0,0,0,0,0,0,0.25,0.25,0.25,0.5,595375,2022
Austin Riley,25,1443,Maj-NL,ATL,163,709,630,90,169,39,2,38,94,58,1,173,17,0,4,13,2,0,0.268,0.344,0.517,0.862,663586,2022
Edwin R\xc3\xados,28,1578,Maj-NL,LAD,27,92,86,12,21,1,0,7,17,5,1,36,1,0,0,2,0,1,0.244,0.293,0.5,0.793,621458,2022
Alfonso Rivas III,25,1453,Maj-NL,CHC,101,287,251,27,59,5,2,3,25,29,1,87,4,1,2,1,6,1,0.235,0.322,0.307,0.628,663845,2022
Emmanuel Rivera,26,1458,"Maj-AL,Maj-NL","ARI,KCR",102,359,330,46,77,16,3,12,40,23,0,83,5,0,1,8,1,2,0.233,0.292,0.409,0.702,656896,2022
Sebasti\xc3\xa1n Rivero,23,1453,Maj-AL,KCR,17,29,26,2,4,0,0,0,1,2,0,10,0,1,0,0,0,0,0.154,0.214,0.154,0.368,665861,2022
Anthony Rizzo,32,1435,Maj-AL,NYY,139,585,494,81,112,23,1,34,83,63,6,109,26,0,2,13,6,6,0.227,0.344,0.484,0.827,519203,2022
Luis Robert Jr.,24,1465,Maj-AL,CHC,98,401,380,54,108,18,0,12,56,17,1,77,3,0,1,6,11,3,0.284,0.319,0.426,0.746,673357,2022
David Robertson,37,1558,Maj-NL,CHC,1,1,1,0,0,0,0,0,0,0,0,1,0,0,0,0,0,0,0.0,0.0,0.0,0.0,502085,2022
Kramer Robertson,27,1600,Maj-NL,STL,2,1,1,0,0,0,0,0,1,0,0,0,0,0,0,0,0,0,0.0,0.0,0.0,0.0,670298,2022
Chuckie Robinson,27,1454,Maj-NL,CIN,25,60,59,3,8,2,0,2,5,0,0,17,0,1,0,5,0,0,0.136,0.136,0.271,0.407,642020,2022
Julio Rodr\xc3\xadguez,21,1443,Maj-AL,SEA,137,588,534,89,150,28,4,28,77,43,5,152,10,0,1,7,26,7,0.281,0.345,0.506,0.851,677594,2022
Jose Rojas,29,1494,Maj-AL,LAD,22,57,56,1,7,2,0,0,1,0,0,19,1,0,0,1,0,0,0.125,0.14,0.161,0.301,670351,2022
Josh Rojas,28,1453,Maj-NL,ARI,124,510,443,66,119,25,1,9,56,55,2,98,2,5,5,7,23,3,0.269,0.349,0.391,0.739,668942,2022
Miguel Rojas,33,1455,Maj-NL,MIA,140,507,471,34,111,19,2,6,36,26,1,61,6,1,3,12,9,3,0.236,0.283,0.323,0.605,500743,2022
Austin Romine,33,1453,"Maj-AL,Maj-NL","CIN,LAD,STL",51,136,129,10,20,3,0,3,9,4,0,46,1,2,0,2,0,0,0.155,0.187,0.248,0.435,519222,2022
Brent Rooker,27,1485,"Maj-AL,Maj-NL","KCR,SDP",16,36,32,1,4,1,0,0,2,3,0,11,1,0,0,2,0,0,0.125,0.222,0.156,0.378,667670,2022
Amed Rosario,26,1440,Maj-AL,CLE,160,702,666,89,187,26,9,12,73,26,0,121,6,0,4,20,19,4,0.281,0.312,0.401,0.713,642708,2022
Eddie Rosario,30,1443,Maj-NL,ATL,83,278,258,27,53,12,1,5,24,17,0,69,0,0,3,3,3,0,0.205,0.252,0.318,0.57,592696,2022
Eguy Rosario,22,1477,Maj-NL,SDP,7,6,5,0,1,0,0,0,0,1,0,2,0,0,0,0,0,0,0.2,0.333,0.2,0.533,666703,2022
Darin Ruf,35,1450,Maj-NL,"NYM,San Francisco",119,391,335,52,68,12,0,11,45,46,0,106,7,0,3,11,2,0,0.203,0.309,0.337,0.647,573131,2022
Esteury Ruiz,23,1484,Maj-NL,"MIL,SDP",17,36,35,3,6,1,1,0,2,1,0,7,0,0,0,0,1,2,0.171,0.194,0.257,0.452,665923,2022
Adley Rutschman,24,1453,Maj-AL,BAL,113,470,398,70,101,35,1,13,42,65,0,86,4,0,3,4,4,0,0.254,0.362,0.445,0.806,668939,2022
Gary S\xc3\xa1nchez,29,1453,Maj-AL,MIN,128,471,419,42,86,24,0,16,61,40,0,136,7,0,5,12,2,0,0.205,0.282,0.377,0.659,596142,2022
Jes\xc3\xbas S\xc3\xa1nchez,24,1453,Maj-NL,MIA,98,343,313,38,67,14,3,13,36,26,0,92,3,0,1,7,1,0,0.214,0.28,0.403,0.682,660821,2022
Yolmer Sanchez,30,1494,"Maj-AL,Maj-NL","BOS,NYY",17,44,37,1,4,0,0,0,2,5,0,13,0,2,0,0,0,2,0.108,0.214,0.108,0.322,570560,2022
Donny Sands,26,1465,Maj-NL,PHI,3,4,3,0,0,0,0,0,0,1,0,1,0,0,0,1,0,0,0.0,0.25,0.0,0.25,664848,2022
Reiver Sanmartin,26,1622,Maj-NL,CIN,1,2,2,0,0,0,0,0,0,0,0,1,0,0,0,0,0,0,0.0,0.0,0.0,0.0,665665,2022
Miguel San\xc3\xb3,29,1521,Maj-AL,MIN,20,71,60,1,5,0,0,1,3,9,0,25,1,0,1,0,1,0,0.083,0.211,0.133,0.345,593934,2022
Carlos Santana,36,1443,Maj-AL,"KCR,SEA",136,530,453,53,92,20,0,20,64,73,3,96,2,0,2,9,0,0,0.203,0.315,0.38,0.695,467793,2022
Anthony Santander,27,1453,Maj-AL,BAL,152,647,574,78,138,24,0,33,89,55,1,122,13,0,5,14,0,2,0.24,0.318,0.455,0.773,623993,2022
Jonathan Schoop,30,1453,Maj-AL,DET,131,510,481,48,97,23,1,11,38,19,1,107,6,0,4,15,5,0,0.202,0.239,0.322,0.561,570731,2022
Max Schrock,27,1534,Maj-NL,CIN,13,27,26,1,4,0,0,0,1,1,0,6,0,0,0,0,0,0,0.154,0.185,0.154,0.339,621011,2022
Kyle Schwarber,29,1422,Maj-NL,PHI,172,743,632,113,138,21,3,52,104,101,6,218,6,0,4,10,13,1,0.218,0.33,0.508,0.838,656941,2022
Frank Schwindel,30,1512,Maj-NL,CHC,75,292,271,23,62,11,0,8,36,19,1,58,0,0,2,12,0,0,0.229,0.277,0.358,0.635,643524,2022
Corey Seager,28,1454,Maj-AL,TEX,151,663,593,91,145,24,1,33,83,58,7,103,7,0,5,14,3,0,0.245,0.317,0.455,0.772,608369,2022
Jean Segura,32,1422,Maj-NL,PHI,115,448,410,49,110,11,0,10,40,27,1,72,8,1,2,16,14,6,0.268,0.324,0.368,0.693,516416,2022
Marcus Semien,31,1453,Maj-AL,TEX,161,724,657,101,163,31,5,26,83,53,0,120,4,0,10,7,25,8,0.248,0.304,0.429,0.733,543760,2022
Nick Senzel,27,1468,Maj-NL,CIN,110,420,373,45,86,13,0,5,25,30,0,76,5,2,1,7,8,5,0.231,0.296,0.306,0.601,669222,2022
Pedro Severino,28,1517,Maj-NL,MIL,8,21,18,0,4,2,0,0,1,3,0,7,0,0,0,0,0,0,0.222,0.333,0.333,0.667,600474,2022
Travis Shaw,32,1613,Maj-AL,BOS,7,19,19,0,0,0,0,0,0,0,0,7,0,0,0,0,0,0,0.0,0.0,0.0,0.0,543768,2022
Gavin Sheets,26,1453,Maj-AL,CHC,123,410,377,34,91,19,0,15,53,27,0,86,3,0,3,9,0,0,0.241,0.295,0.411,0.706,657757,2022
Zack Short,27,1489,Maj-AL,DET,6,13,9,2,0,0,0,0,2,2,0,5,0,0,2,0,1,0,0.0,0.154,0.0,0.154,670097,2022
Michael Siani,22,1453,Maj-NL,CIN,9,24,24,1,4,0,0,0,0,0,0,7,0,0,0,1,0,1,0.167,0.167,0.167,0.333,672279,2022
Magneuris Sierra,26,1466,Maj-AL,LAD,45,96,91,7,15,1,3,0,5,4,0,25,0,1,0,0,6,1,0.165,0.2,0.242,0.442,642423,2022
Andrelton Simmons,32,1540,Maj-NL,CHC,34,85,75,8,13,1,0,0,7,7,0,13,0,3,0,5,4,0,0.173,0.244,0.187,0.431,592743,2022
Jose Siri,26,1450,Maj-AL,"HOU,TBR",106,334,310,54,65,13,2,8,25,20,0,113,3,0,1,3,14,2,0.21,0.263,0.342,0.605,642350,2022
Dominic Smith,27,1534,Maj-NL,NYM,58,152,134,11,26,10,1,0,17,12,0,37,4,0,2,0,0,0,0.194,0.276,0.284,0.56,642086,2022
Josh Smith,24,1453,Maj-AL,TEX,73,253,213,23,42,5,0,2,16,28,0,50,7,2,3,1,4,3,0.197,0.307,0.249,0.556,669701,2022
Pavin Smith,26,1453,Maj-NL,ARI,75,277,245,24,54,9,0,9,33,28,1,67,1,0,3,2,1,0,0.22,0.3,0.367,0.667,656976,2022
Will Smith,27,1443,Maj-NL,LAD,141,595,524,70,135,28,3,24,89,56,4,98,10,0,5,11,1,0,0.258,0.338,0.46,0.798,669257,2022
Nick Solak,27,1474,Maj-AL,TEX,35,95,82,14,17,1,0,3,4,7,0,19,5,1,0,1,3,2,0.207,0.309,0.329,0.638,669256,2022
Donovan Solano,34,1453,Maj-NL,CIN,80,304,278,22,79,16,0,4,24,19,1,61,5,0,2,5,0,0,0.284,0.339,0.385,0.724,456781,2022
Jorge Soler,30,1528,Maj-NL,MIA,72,306,270,32,56,13,0,13,34,31,1,90,3,0,1,9,0,2,0.207,0.295,0.4,0.695,624585,2022
Edmundo Sosa,26,1422,Maj-NL,"PHI,STL",82,200,184,27,42,12,4,2,23,6,0,54,7,1,2,6,6,1,0.228,0.276,0.37,0.646,624641,2022
Lenyn Sosa,22,1501,Maj-AL,CHC,11,36,35,3,4,1,0,1,1,1,0,12,0,0,0,2,0,0,0.114,0.139,0.229,0.367,672820,2022
Juan Soto,23,1435,Maj-NL,"SDP,Washington",165,716,570,100,138,27,2,29,69,139,6,106,5,1,0,12,7,3,0.242,0.395,0.449,0.844,665742,2022
Livan Soto,22,1453,Maj-AL,LAD,18,59,55,9,22,5,1,1,9,2,0,13,0,1,1,1,1,1,0.4,0.414,0.582,0.996,670869,2022
Steven Souza Jr.,33,1592,Maj-AL,SEA,6,19,19,0,3,0,0,0,1,0,0,8,0,0,0,2,0,0,0.158,0.158,0.158,0.316,519306,2022
Cory Spangenberg,31,1524,Maj-NL,STL,1,0,0,0,0,0,0,0,0,0,0,0,0,0,0,0,0,0,,,,,605486,2022
George Springer,32,1450,Maj-AL,TOR,135,591,520,89,139,22,4,25,76,54,1,103,8,0,5,7,14,2,0.267,0.342,0.469,0.812,543807,2022
Jacob Stallings,32,1454,Maj-NL,MIA,114,384,346,25,77,12,0,4,34,29,0,83,6,1,2,15,0,1,0.223,0.292,0.292,0.584,607732,2022
Giancarlo Stanton,32,1435,Maj-AL,NYY,119,487,430,56,90,9,0,33,85,52,2,146,0,0,4,8,0,0,0.209,0.292,0.46,0.753,519317,2022
Max Stassi,31,1453,Maj-AL,LAD,102,375,333,32,60,12,1,9,30,38,0,112,2,1,1,12,0,0,0.18,0.267,0.303,0.571,545358,2022
Spencer Steer,24,1453,Maj-NL,CIN,28,108,95,12,20,5,0,2,8,11,0,26,2,0,0,2,0,1,0.211,0.306,0.326,0.632,668715,2022
Michael Stefanic,26,1457,Maj-AL,LAD,25,69,61,5,12,2,0,0,0,5,0,12,2,1,0,1,0,0,0.197,0.279,0.23,0.509,683021,2022
Tyler Stephenson,25,1528,Maj-NL,CIN,50,183,166,24,53,9,0,6,35,12,0,47,3,0,2,4,1,0,0.319,0.372,0.482,0.854,663886,2022
DJ Stewart,28,1631,Maj-AL,BAL,3,3,3,0,0,0,0,0,0,0,0,2,0,0,0,0,0,0,0.0,0.0,0.0,0.0,621466,2022
Trevor Story,29,1477,Maj-AL,BOS,94,396,357,53,85,22,0,16,66,32,4,122,3,0,4,9,13,0,0.238,0.303,0.434,0.737,596115,2022
Bryson Stott,24,1422,Maj-NL,PHI,143,517,471,61,106,23,2,10,52,43,0,101,1,1,1,4,12,4,0.225,0.291,0.346,0.637,681082,2022
Kyle Stowers,24,1453,Maj-AL,BAL,34,98,91,11,23,4,1,3,11,5,0,29,2,0,0,3,0,0,0.253,0.306,0.418,0.724,669065,2022
Myles Straw,27,1440,Maj-AL,CLE,159,623,560,73,122,23,3,0,32,56,0,90,1,2,4,4,22,1,0.218,0.288,0.27,0.558,664702,2022
Garrett Stubbs,29,1453,Maj-NL,PHI,46,121,106,19,28,4,1,5,16,14,0,30,0,1,0,2,2,0,0.264,0.35,0.462,0.812,596117,2022
Eugenio Su\xc3\xa1rez,30,1443,Maj-AL,SEA,155,650,563,81,135,26,2,32,90,74,0,201,8,0,5,13,0,0,0.24,0.334,0.464,0.797,553993,2022
Kurt Suzuki,38,1457,Maj-AL,LAD,50,159,139,10,25,4,0,4,15,15,0,29,2,1,2,3,0,0,0.18,0.266,0.295,0.561,435559,2022
Seiya Suzuki,27,1453,Maj-NL,CHC,111,446,397,54,104,22,2,14,46,42,3,110,4,0,3,8,9,5,0.262,0.336,0.433,0.77,673548,2022
Dansby Swanson,28,1443,Maj-NL,ATL,166,713,656,102,179,33,1,25,96,50,0,189,3,0,4,12,18,7,0.273,0.325,0.441,0.766,621020,2022
Raimel Tapia,28,1450,Maj-AL,TOR,130,439,417,47,109,20,3,7,52,16,0,82,0,3,1,12,8,2,0.261,0.288,0.374,0.662,606132,2022
Leody Taveras,23,1453,Maj-AL,TEX,99,341,314,39,82,14,2,5,34,21,0,88,2,1,3,2,11,5,0.261,0.309,0.366,0.675,665750,2022
Chris Taylor,31,1443,Maj-NL,LAD,120,461,409,45,89,25,3,10,43,44,2,165,5,0,3,4,10,1,0.218,0.299,0.367,0.666,621035,2022
Michael A. Taylor,31,1455,Maj-AL,KCR,124,456,414,49,105,10,3,9,43,35,0,109,2,2,3,6,4,2,0.254,0.313,0.357,0.67,572191,2022
Tyrone Taylor,28,1453,Maj-NL,MIL,120,405,373,49,87,21,3,17,51,22,0,102,7,0,3,11,3,2,0.233,0.286,0.442,0.729,621438,2022
Rowdy Tellez,27,1453,Maj-NL,MIL,153,599,529,67,116,23,0,35,89,62,9,121,5,0,3,20,2,1,0.219,0.306,0.461,0.767,642133,2022
Matt Thaiss,27,1455,Maj-AL,LAD,29,81,69,9,15,1,0,2,8,11,1,24,0,0,1,2,1,0,0.217,0.321,0.319,0.64,642136,2022
Alek Thomas,22,1463,Maj-NL,ARI,113,411,381,45,88,17,1,8,39,22,0,74,3,0,5,6,4,3,0.231,0.275,0.344,0.619,677950,2022
Dillon Thomas,29,1517,Maj-AL,LAD,8,14,11,1,1,0,0,0,0,2,0,6,1,0,0,0,0,0,0.091,0.286,0.091,0.377,605504,2022
Bubba Thompson,24,1453,Maj-AL,TEX,55,181,170,18,45,5,0,1,9,7,0,56,2,2,0,2,18,3,0.265,0.302,0.312,0.613,669352,2022
Trayce Thompson,31,1443,Maj-NL,"LAD,SDP",84,271,232,37,58,14,1,13,41,35,0,99,2,0,2,2,4,1,0.25,0.351,0.487,0.838,572204,2022
Spencer Torkelson,22,1453,Maj-AL,DET,110,404,360,38,73,16,1,8,28,37,0,99,5,0,2,12,0,1,0.203,0.285,0.319,0.604,679529,2022
Abraham Toro,25,1453,Maj-AL,SEA,109,352,324,36,60,13,1,10,35,22,1,65,2,0,4,4,2,0,0.185,0.239,0.324,0.563,647351,2022
Luis Torrens,26,1453,Maj-AL,SEA,55,166,151,13,34,2,0,3,15,12,0,50,1,0,2,5,0,0,0.225,0.283,0.298,0.581,620443,2022
Gleyber Torres,25,1435,Maj-AL,NYY,149,609,560,77,141,28,1,24,78,42,2,139,3,1,3,13,12,5,0.252,0.306,0.434,0.74,650402,2022
Taylor Trammell,24,1453,Maj-AL,SEA,43,117,102,15,20,9,0,4,10,13,0,33,0,1,1,2,2,1,0.196,0.284,0.402,0.686,666211,2022
Jose Trevino,29,1435,Maj-AL,NYY,122,376,357,39,84,12,1,11,44,15,0,68,2,0,2,5,2,1,0.235,0.269,0.367,0.636,624431,2022
Chadwick Tromp,27,1506,Maj-NL,ATL,1,4,4,0,3,2,0,0,3,0,0,0,0,0,0,0,0,0,0.75,0.75,1.25,2.0,644433,2022
Mike Trout,30,1453,Maj-AL,LAD,119,499,438,85,124,28,2,40,80,54,8,139,6,0,1,6,1,0,0.283,0.369,0.63,0.999,545361,2022
Kyle Tucker,25,1422,Maj-AL,HOU,163,666,593,75,150,29,1,33,113,66,4,109,1,0,3,12,26,4,0.253,0.327,0.472,0.799,663656,2022
Justin Turner,37,1443,Maj-NL,LAD,132,548,481,61,132,36,0,13,81,53,1,92,6,0,8,13,3,0,0.274,0.349,0.43,0.779,457759,2022
Trea Turner,29,1443,Maj-NL,LAD,164,726,670,105,200,41,4,23,102,45,1,136,3,0,6,9,28,3,0.299,0.343,0.475,0.817,607208,2022
Justin Upton,34,1535,Maj-AL,SEA,17,57,48,2,6,1,0,1,3,6,0,23,3,0,0,1,0,0,0.125,0.263,0.208,0.471,457708,2022
Luis Ur\xc3\xadas,25,1453,Maj-NL,MIL,119,472,406,54,97,17,1,16,47,50,0,99,11,0,5,9,1,2,0.239,0.335,0.404,0.739,649966,2022
Ram\xc3\xb3n Ur\xc3\xadas,28,1461,Maj-AL,BAL,118,445,403,50,100,17,1,16,51,30,1,98,5,3,4,7,1,0,0.248,0.305,0.414,0.72,602104,2022
Gio Urshela,30,1453,Maj-AL,MIN,144,551,501,61,143,27,3,13,64,41,2,96,2,0,7,21,1,0,0.285,0.338,0.429,0.767,570482,2022
Ildemaro Vargas,30,1453,Maj-NL,"CHC,Washington",63,222,209,19,55,13,1,4,23,8,0,23,3,1,1,6,3,1,0.263,0.299,0.392,0.691,545121,2022
Miguel Vargas,22,1453,Maj-NL,LAD,18,50,47,4,8,1,0,1,8,2,0,13,0,0,1,0,1,0,0.17,0.2,0.255,0.455,678246,2022
Daulton Varsho,25,1453,Maj-NL,ARI,151,592,531,79,125,23,3,27,74,46,0,145,7,2,5,8,16,6,0.235,0.302,0.443,0.745,662139,2022
Andrew Vaughn,24,1453,Maj-AL,CHC,134,555,510,60,138,28,1,17,76,31,0,96,9,0,5,13,0,0,0.271,0.321,0.429,0.75,683734,2022
Terrin Vavra,25,1453,Maj-AL,BAL,40,103,89,14,23,2,1,1,12,12,0,19,0,0,2,2,0,1,0.258,0.34,0.337,0.677,679631,2022
Christian V\xc3\xa1zquez,31,1422,Maj-AL,"BOS,HOU",125,445,415,42,113,23,0,9,55,23,0,75,4,0,3,11,1,4,0.272,0.315,0.393,0.707,543877,2022
Andrew Velazquez,27,1475,Maj-AL,LAD,125,349,322,37,63,8,0,9,28,15,0,119,3,6,3,3,17,1,0.196,0.236,0.304,0.54,623205,2022
Nelson Vel\xc3\xa1zquez,23,1453,Maj-NL,CHC,77,206,185,20,38,7,3,6,26,19,0,65,2,0,0,5,5,2,0.205,0.286,0.373,0.659,676369,2022
Alex Verdugo,26,1453,Maj-AL,BOS,152,644,593,75,166,39,1,11,74,42,2,86,3,0,6,14,1,3,0.28,0.328,0.405,0.732,657077,2022
Mark Vientos,22,1453,Maj-NL,NYM,16,41,36,3,6,1,0,1,3,5,0,12,0,0,0,1,0,0,0.167,0.268,0.278,0.546,668901,2022
Matt Vierling,25,1422,Maj-NL,PHI,123,372,338,42,82,13,2,6,33,24,0,74,3,1,6,8,7,4,0.243,0.294,0.346,0.64,663837,2022
Jonathan Villar,31,1527,"Maj-AL,Maj-NL","CHC,LAD",59,220,202,25,42,6,2,3,18,15,0,59,0,1,2,4,7,0,0.208,0.26,0.302,0.562,542340,2022
Meibrys Viloria,25,1485,Maj-AL,TEX,26,75,63,10,10,1,0,2,5,11,0,29,0,0,1,0,0,0,0.159,0.28,0.27,0.55,650619,2022
Daniel Vogelbach,29,1449,Maj-NL,"NYM,Pittsburgh",133,469,393,47,92,19,1,18,60,73,2,115,1,0,2,11,0,0,0.234,0.354,0.425,0.779,596129,2022
Luke Voit,31,1453,Maj-NL,"SDP,Washington",135,568,500,55,113,22,0,22,69,55,1,179,7,0,6,9,1,1,0.226,0.308,0.402,0.71,572228,2022
Joey Votto,38,1503,Maj-NL,CIN,91,376,322,31,66,18,1,11,41,44,0,97,10,0,0,8,0,0,0.205,0.319,0.37,0.689,458015,2022
Tyler Wade,27,1549,Maj-AL,LAD,67,163,147,22,32,5,0,1,8,10,0,33,1,5,0,3,8,5,0.218,0.272,0.272,0.544,642180,2022
Christian Walker,31,1453,Maj-NL,ARI,160,667,583,84,141,25,2,36,94,69,2,131,8,0,7,15,2,2,0.242,0.327,0.477,0.804,572233,2022
Steele Walker,25,1570,Maj-AL,TEX,5,16,14,1,1,0,0,1,1,2,0,4,0,0,0,0,0,0,0.071,0.188,0.286,0.473,667727,2022
Chad Wallach,30,1482,Maj-AL,LAD,12,40,35,3,5,1,0,1,4,4,0,9,0,1,0,1,0,0,0.143,0.231,0.257,0.488,595453,2022
Matt Wallner,24,1453,Maj-AL,MIN,18,65,57,4,13,3,0,2,10,6,1,25,2,0,0,0,1,0,0.228,0.323,0.386,0.709,670242,2022
Taylor Walls,25,1450,Maj-AL,TBR,144,471,412,53,71,18,2,8,33,52,0,122,2,2,2,6,10,3,0.172,0.267,0.284,0.551,670764,2022
Jared Walsh,28,1495,Maj-AL,LAD,118,454,423,41,91,18,2,15,44,27,4,138,4,0,0,6,2,1,0.215,0.269,0.374,0.642,665120,2022
Donovan Walton,28,1546,"Maj-AL,Maj-NL","San Francisco,SEA",25,78,76,9,12,8,0,1,8,1,0,16,1,0,0,1,0,0,0.158,0.179,0.303,0.482,622268,2022
Taylor Ward,28,1453,Maj-AL,LAD,135,564,495,73,139,22,2,23,65,60,0,120,4,0,5,5,5,3,0.281,0.36,0.473,0.833,621493,2022
Drew Waters,23,1453,Maj-AL,KCR,32,109,96,14,23,6,1,5,18,12,0,40,0,0,0,1,0,0,0.24,0.324,0.479,0.803,671221,2022
Luke Weaver,28,1559,Maj-NL,ARI,1,0,0,0,0,0,0,0,0,0,0,0,0,0,0,0,0,0,,,,,596133,2022
Joey Wendle,32,1454,Maj-NL,MIA,101,371,347,27,90,24,1,3,32,15,0,50,5,1,3,7,12,3,0.259,0.297,0.36,0.658,621563,2022
Eli White,28,1568,Maj-AL,TEX,47,117,105,16,21,2,0,3,10,11,0,41,0,0,1,0,12,1,0.2,0.274,0.305,0.578,642201,2022
Aaron Whitefield,25,1597,Maj-AL,LAD,5,11,11,0,0,0,0,0,0,0,0,5,0,0,0,0,0,0,0.0,0.0,0.0,0.0,664334,2022
Luke Williams,25,1461,Maj-NL,"MIA,San Francisco",79,136,127,21,30,5,1,1,6,9,1,44,0,0,0,1,11,4,0.236,0.287,0.315,0.602,663897,2022
Marcus Wilson,25,1546,Maj-AL,SEA,3,6,5,1,1,0,0,0,0,1,0,4,0,0,0,0,0,0,0.2,0.333,0.2,0.533,657129,2022
Jesse Winker,28,1456,Maj-AL,SEA,136,547,456,51,100,15,0,14,53,84,1,103,4,0,3,8,0,0,0.219,0.344,0.344,0.688,608385,2022
Patrick Wisdom,30,1453,Maj-NL,CHC,134,534,469,67,97,28,0,25,66,53,1,183,9,1,2,8,8,4,0.207,0.298,0.426,0.725,621550,2022
Bobby Witt Jr.,22,1453,Maj-AL,KCR,150,632,591,82,150,31,6,20,80,30,2,135,6,0,5,12,30,7,0.254,0.294,0.428,0.722,677951,2022
Tony Wolters,30,1505,Maj-NL,LAD,2,4,4,0,0,0,0,0,0,0,0,3,0,0,0,0,0,0,0.0,0.0,0.0,0.0,547172,2022
Connor Wong,26,1453,Maj-AL,BOS,27,56,48,8,9,3,0,1,7,5,0,16,1,1,1,0,0,0,0.188,0.273,0.313,0.585,657136,2022
Kolten Wong,31,1454,Maj-NL,MIL,134,497,430,65,108,24,4,15,47,46,2,88,14,2,5,5,17,6,0.251,0.339,0.43,0.77,543939,2022
Christian Yelich,30,1453,Maj-NL,MIL,154,671,575,99,145,25,4,14,57,88,5,162,5,1,2,9,19,3,0.252,0.355,0.383,0.738,592885,2022
Juan Yepez,24,1450,Maj-NL,STL,78,279,258,28,66,13,0,13,32,16,0,61,1,0,4,6,0,0,0.256,0.297,0.457,0.755,660766,2022
Jared Young,26,1464,Maj-NL,CHC,6,22,19,2,5,2,0,0,0,3,0,7,0,0,0,0,1,0,0.263,0.364,0.368,0.732,676724,2022
Seby Zavala,28,1463,Maj-AL,CHC,61,205,178,22,48,14,0,2,21,19,0,64,3,3,2,1,0,0,0.27,0.347,0.382,0.729,664874,2022
Bradley Zimmer,29,1453,"Maj-AL,Maj-NL","PHI,TOR",109,117,105,18,13,5,0,2,5,5,0,45,6,1,0,0,3,2,0.124,0.207,0.229,0.435,605548,2022
Mike Zunino,31,1571,Maj-AL,TBR,36,123,115,7,17,3,0,5,16,6,0,46,1,0,1,2,0,0,0.148,0.195,0.304,0.499,572287,2022
Jos\xc3\xa9 Abreu,36,1070,Maj-AL,HOU,152,642,584,68,141,24,1,22,103,46,1,138,6,0,6,16,1,1,0.241,0.301,0.399,0.7,547989,2023
Wilyer Abreu,24,1092,Maj-AL,BOS,28,85,76,10,24,6,0,2,14,9,0,23,0,0,0,0,3,1,0.316,0.388,0.474,0.862,677800,2023
Ronald Acu\xc3\xb1a Jr.,25,1081,Maj-NL,ATL,163,752,657,152,219,36,4,41,106,82,3,86,10,0,3,15,74,14,0.333,0.414,0.588,1.001,660670,2023
Willy Adames,27,1089,Maj-NL,MIL,151,646,560,73,124,30,2,24,81,72,1,167,6,0,6,12,5,3,0.221,0.314,0.411,0.724,642715,2023
Jordyn Adams,23,1107,Maj-AL,LAD,17,40,39,1,5,0,0,0,1,0,0,16,0,0,1,0,1,2,0.128,0.125,0.128,0.253,677941,2023
Jo Adell,24,1092,Maj-AL,LAD,17,62,58,7,12,3,1,3,6,4,0,25,0,0,0,1,1,0,0.207,0.258,0.448,0.706,666176,2023
Ehire Adrianza,33,1245,Maj-NL,ATL,5,11,10,0,0,0,0,0,0,1,0,4,0,0,0,0,0,0,0.0,0.091,0.0,0.091,501303,2023
Nick Ahmed,33,1118,Maj-NL,ARI,72,210,198,14,42,10,1,2,17,12,0,52,0,0,0,0,5,1,0.212,0.257,0.303,0.56,605113,2023
Hanser Alberto,30,1215,Maj-AL,CHC,30,90,82,11,18,5,0,3,16,4,0,13,1,2,1,1,0,0,0.22,0.261,0.39,0.652,593643,2023
Ozzie Albies,26,1081,Maj-NL,ATL,152,677,611,96,171,30,5,33,110,48,2,110,8,0,8,10,13,2,0.28,0.336,0.507,0.844,645277,2023
Jorge Alfaro,30,1154,"Maj-AL,Maj-NL","BOS,Colorado",18,52,48,2,7,4,0,1,4,2,0,15,2,0,0,3,0,0,0.146,0.212,0.292,0.503,595751,2023
Greg Allen,30,1134,Maj-AL,NYY,22,28,23,6,5,1,1,1,1,2,0,10,2,1,0,0,3,1,0.217,0.333,0.478,0.812,656185,2023
Abraham Almonte,34,1128,Maj-NL,NYY,8,16,15,1,1,1,0,0,0,1,0,8,0,0,0,0,0,0,0.067,0.125,0.133,0.258,501659,2023
Pete Alonso,28,1092,Maj-NL,NYY,154,658,568,92,123,21,2,46,118,65,6,151,21,0,4,17,4,1,0.217,0.318,0.504,0.821,624413,2023
Jose Altuve,33,1070,Maj-AL,HOU,101,461,409,87,126,24,2,21,57,46,0,75,5,0,1,9,15,2,0.308,0.384,0.531,0.915,514888,2023
Francisco Alvarez,21,1092,Maj-NL,NYY,123,423,382,51,80,12,0,25,63,34,0,110,6,0,1,14,2,0,0.209,0.284,0.437,0.721,682626,2023
Yordan Alvarez,26,1070,Maj-AL,HOU,125,545,453,89,140,26,2,37,112,73,7,106,14,0,5,7,0,0,0.309,0.417,0.62,1.037,670541,2023
Jacob Amaya,24,1190,Maj-NL,MIA,4,9,9,1,2,0,0,0,2,0,0,1,0,0,0,0,1,0,0.222,0.222,0.222,0.444,676070,2023
Miguel Amaya,24,1092,Maj-NL,CHC,53,156,131,17,28,4,0,5,18,12,0,40,11,1,1,2,0,0,0.214,0.329,0.359,0.688,665804,2023
Brian Anderson,30,1096,Maj-NL,MIL,96,361,318,38,72,12,3,9,40,36,0,108,4,0,3,10,1,3,0.226,0.31,0.368,0.678,605119,2023
Tim Anderson,30,1093,Maj-AL,CHC,123,524,493,52,121,18,2,1,25,26,0,122,3,0,2,15,13,2,0.245,0.286,0.296,0.582,641313,2023
Elvis Andrus,34,1092,Maj-AL,CHC,112,406,374,39,94,20,1,6,44,25,1,71,4,1,2,11,12,4,0.251,0.304,0.358,0.662,462101,2023
Jonathan Aranda,25,1090,Maj-AL,TBR,35,104,88,13,20,4,1,2,13,13,1,32,2,0,1,1,0,0,0.227,0.337,0.364,0.7,666018,2023
Jonathan Ara\xc3\xbaz,24,1106,Maj-NL,NYY,27,66,59,3,8,0,0,3,9,5,0,18,0,2,0,1,0,0,0.136,0.203,0.288,0.491,660620,2023
Orlando Arcia,28,1081,Maj-NL,ATL,143,547,501,66,131,25,0,17,66,40,0,106,3,0,3,14,1,0,0.261,0.318,0.413,0.731,606115,2023
Nolan Arenado,32,1102,Maj-NL,STL,144,612,560,71,149,26,2,26,93,41,5,101,3,0,8,21,3,3,0.266,0.315,0.459,0.774,571448,2023
Gabriel Arias,23,1097,Maj-AL,CLE,122,345,315,36,66,15,0,10,26,28,0,113,1,0,1,9,3,4,0.21,0.275,0.352,0.628,672356,2023
Randy Arozarena,28,1089,Maj-AL,TBR,153,662,559,95,143,20,3,23,83,80,1,158,18,0,5,10,22,10,0.256,0.364,0.426,0.79,668227,2023
Luis Arraez,26,1089,Maj-NL,MIA,149,625,582,71,204,30,3,10,69,35,10,34,4,1,3,18,3,2,0.351,0.389,0.464,0.853,650333,2023
Christian Arroyo,28,1152,Maj-AL,BOS,66,206,195,23,47,16,0,3,24,7,0,45,1,1,2,8,1,3,0.241,0.268,0.369,0.638,624414,2023
Jos\xc3\xa9 Az\xc3\xb3car,27,1092,Maj-NL,SDP,55,102,91,16,21,6,0,2,9,4,0,24,2,5,0,2,8,2,0.231,0.278,0.363,0.641,640492,2023
Akil Baddoo,24,1092,Maj-AL,DET,112,357,312,40,68,13,1,11,34,42,2,89,0,2,1,4,14,3,0.218,0.31,0.372,0.682,668731,2023
Harrison Bader,29,1106,"Maj-AL,Maj-NL","CIN,NYY",98,344,319,44,74,12,2,7,40,17,0,59,3,1,4,7,20,3,0.232,0.274,0.348,0.622,664056,2023
Javier B\xc3\xa1ez,30,1092,Maj-AL,DET,136,547,510,58,113,18,4,9,59,24,0,125,9,0,3,12,12,0,0.222,0.267,0.325,0.593,595879,2023
Luken Baker,26,1092,Maj-NL,STL,33,99,86,9,18,3,0,2,10,13,0,31,0,0,0,1,0,0,0.209,0.313,0.314,0.627,663609,2023
Rylan Bannon,27,1246,Maj-AL,HOU,2,6,6,0,0,0,0,0,0,0,0,3,0,0,0,0,0,0,0.0,0.0,0.0,0.0,676625,2023
Austin Barnes,33,1082,Maj-NL,LAD,60,201,179,15,32,5,0,2,11,17,0,43,2,1,2,7,2,1,0.179,0.255,0.24,0.495,605131,2023
Tucker Barnhart,32,1138,Maj-NL,CHC,43,123,109,6,22,3,0,1,9,12,0,42,1,0,1,4,1,0,0.202,0.285,0.257,0.541,571466,2023
Tres Barrera,28,1222,Maj-NL,STL,6,2,2,0,0,0,0,0,0,0,0,0,0,0,0,0,0,0,0.0,0.0,0.0,0.0,668663,2023
Jose Barrero,25,1201,Maj-NL,CIN,46,149,133,15,29,8,0,2,17,15,0,44,0,0,1,1,3,2,0.218,0.295,0.323,0.619,676480,2023
Osleivis Basabe,22,1092,Maj-AL,TBR,31,94,87,15,19,5,0,1,12,6,0,25,1,0,0,2,0,1,0.218,0.277,0.31,0.587,678545,2023
Matthew Batten,28,1092,Maj-NL,SDP,43,139,120,19,31,6,0,2,11,17,0,30,1,1,0,0,2,2,0.258,0.355,0.358,0.713,676946,2023
Brett Baty,23,1092,Maj-NL,NYY,108,389,353,41,75,12,0,9,34,29,0,109,2,1,1,8,2,0,0.212,0.275,0.323,0.598,683146,2023
Jake Bauers,27,1093,Maj-AL,NYY,84,272,242,28,49,15,0,12,30,27,0,95,0,0,3,3,3,2,0.202,0.279,0.413,0.693,641343,2023
Matt Beaty,30,1117,"Maj-AL,Maj-NL","KCR,San Francisco",30,72,61,8,14,4,0,0,4,6,0,14,5,0,0,1,0,0,0.23,0.347,0.295,0.642,607461,2023
Josh Bell,30,1089,"Maj-AL,Maj-NL","CLE,MIA",152,625,555,53,139,30,0,22,75,63,2,135,2,0,3,13,0,1,0.25,0.327,0.423,0.751,605137,2023
Cody Bellinger,27,1093,Maj-NL,CHC,130,556,499,95,153,29,1,26,97,40,3,87,5,0,12,7,20,6,0.307,0.356,0.525,0.881,641355,2023
Brandon Belt,35,1089,Maj-AL,TOR,105,412,347,53,86,23,0,19,43,61,1,146,2,0,2,5,0,0,0.248,0.362,0.478,0.84,474832,2023
Anthony Bemboom,33,1183,Maj-AL,BAL,6,13,11,0,2,0,0,0,0,2,0,2,0,0,0,0,0,0,0.182,0.308,0.182,0.49,621532,2023
Andrew Benintendi,28,1094,Maj-AL,CHC,151,621,562,72,147,34,2,5,45,52,5,89,3,1,3,12,13,2,0.262,0.326,0.356,0.682,643217,2023
Will Benson,25,1092,Maj-NL,CIN,108,329,287,51,79,15,8,11,31,40,0,103,1,0,1,3,19,3,0.275,0.365,0.498,0.863,666181,2023
Jon Berti,33,1089,Maj-NL,MIA,135,430,393,53,115,17,3,7,33,29,2,80,3,2,3,10,16,7,0.293,0.343,0.405,0.748,542932,2023
Christian Bethancourt,31,1093,Maj-AL,TBR,104,332,315,49,71,16,0,11,33,13,0,91,0,1,3,6,1,0,0.225,0.254,0.381,0.635,542194,2023
Mookie Betts,30,1082,Maj-NL,LAD,155,705,595,127,179,40,1,39,107,97,3,109,8,0,5,5,14,3,0.301,0.403,0.568,0.971,605141,2023
Bo Bichette,25,1089,Maj-AL,TOR,137,609,579,70,179,30,3,20,73,27,0,117,2,0,1,14,5,3,0.309,0.342,0.475,0.817,666182,2023
Cavan Biggio,28,1089,Maj-AL,TOR,113,346,297,54,69,12,0,9,40,40,0,91,7,0,2,0,5,2,0.232,0.335,0.364,0.699,624415,2023
Dairon Blanco,30,1092,Maj-AL,KCR,69,138,124,19,32,7,4,3,18,10,0,33,2,2,0,2,24,5,0.258,0.324,0.452,0.775,680118,2023
Xander Bogaerts,30,1092,Maj-NL,SDP,155,665,596,83,170,31,2,19,58,56,0,110,7,0,6,21,19,2,0.285,0.35,0.44,0.79,593428,2023
Alec Bohm,26,1069,Maj-NL,PHI,158,664,604,79,164,34,0,21,103,48,1,103,6,0,6,25,4,1,0.272,0.328,0.432,0.76,664761,2023
Jackie Bradley Jr.,33,1208,Maj-AL,KCR,43,113,105,10,14,5,0,1,6,5,0,29,2,1,0,3,0,0,0.133,0.188,0.21,0.397,598265,2023
Michael Brantley,36,1070,Maj-AL,HOU,23,89,82,8,20,3,0,3,9,6,0,8,0,0,1,4,1,0,0.244,0.292,0.39,0.682,488726,2023
Alex Bregman,29,1070,Maj-AL,HOU,172,773,663,113,172,29,5,29,105,99,1,97,9,0,2,22,3,1,0.259,0.362,0.449,0.812,608324,2023
Will Brennan,25,1092,Maj-AL,CLE,138,455,432,41,115,24,0,5,41,16,2,57,5,0,2,4,13,5,0.266,0.299,0.356,0.655,686823,2023
Mike Brosseau,29,1211,Maj-NL,MIL,29,78,73,4,15,2,0,4,8,4,0,20,1,0,0,2,0,0,0.205,0.256,0.397,0.654,670712,2023
Vidal Bruj\xc3\xa1n,25,1110,Maj-AL,TBR,37,84,76,14,13,2,0,0,6,5,0,21,2,1,0,1,3,2,0.171,0.241,0.197,0.438,660644,2023
Peyton Burdick,26,1225,Maj-NL,MIA,14,37,33,4,6,2,0,1,2,3,0,18,1,0,0,0,1,0,0.182,0.27,0.333,0.604,680814,2023
Jake Burger,27,1089,"Maj-AL,Maj-NL","CHC,MIA",143,547,499,71,125,28,1,34,80,32,0,149,12,0,4,4,1,1,0.251,0.309,0.515,0.824,669394,2023
Alec Burleson,24,1104,Maj-NL,STL,107,347,315,34,77,20,1,8,36,23,0,45,3,1,2,13,3,1,0.244,0.3,0.39,0.691,676475,2023
Michael Busch,25,1116,Maj-NL,LAD,27,81,72,9,12,3,0,2,7,8,0,27,0,0,1,0,1,0,0.167,0.247,0.292,0.539,683737,2023
Byron Buxton,29,1082,Maj-AL,MIN,86,348,305,49,63,17,1,17,42,35,2,109,4,0,4,3,9,0,0.207,0.293,0.436,0.729,621439,2023
Jos\xc3\xa9 Caballero,26,1092,Maj-AL,SEA,104,280,231,37,51,9,1,4,26,28,0,66,17,0,4,0,26,3,0.221,0.343,0.32,0.663,676609,2023
Trey Cabbage,26,1114,Maj-AL,LAD,22,56,53,5,11,3,0,1,7,2,0,26,0,0,1,1,1,1,0.208,0.232,0.321,0.553,663550,2023
Miguel Cabrera,40,1092,Maj-AL,DET,98,370,334,21,86,20,0,4,34,31,0,74,2,0,3,11,0,0,0.257,0.322,0.353,0.675,408234,2023
Oswaldo Cabrera,24,1092,Maj-AL,NYY,114,330,298,35,63,11,0,5,29,25,1,72,2,3,2,6,8,0,0.211,0.275,0.299,0.574,665828,2023
Kole Calhoun,35,1093,Maj-AL,CLE,43,174,157,18,34,7,0,6,25,13,0,37,2,0,2,3,0,1,0.217,0.282,0.376,0.657,594777,2023
Willie Calhoun,28,1194,Maj-AL,NYY,44,149,134,16,32,7,0,5,16,14,1,20,0,0,1,2,0,0,0.239,0.309,0.403,0.712,641432,2023
Junior Caminero,19,1089,Maj-AL,TBR,9,38,36,4,8,1,0,1,7,2,0,9,0,0,0,2,0,0,0.222,0.263,0.333,0.596,691406,2023
Luis Campusano,24,1099,Maj-NL,SDP,49,174,163,27,52,7,0,7,30,7,0,21,3,0,1,8,0,0,0.319,0.356,0.491,0.847,669134,2023
Alexander Canario,23,1092,Maj-NL,CHC,6,17,17,1,5,1,1,1,6,0,0,8,0,0,0,0,0,0,0.294,0.294,0.647,0.941,672744,2023
Jeimer Candelario,29,1092,Maj-NL,"CHC,Washington",140,576,505,77,127,39,3,22,70,53,1,127,13,0,4,11,8,1,0.251,0.336,0.471,0.807,600869,2023
Mark Canha,34,1089,Maj-NL,"MIL,NYY",141,516,443,51,117,25,1,11,62,49,1,81,18,0,6,11,11,1,0.264,0.357,0.4,0.756,592192,2023
Dominic Canzone,25,1092,"Maj-AL,Maj-NL","ARI,SEA",59,182,173,23,38,13,0,6,21,8,0,32,1,0,0,5,1,0,0.22,0.258,0.399,0.657,686527,2023
Victor Caratini,29,1092,Maj-NL,MIL,62,226,201,23,52,4,0,7,25,19,0,45,3,0,3,8,1,1,0.259,0.327,0.383,0.711,605170,2023
Dylan Carlson,24,1145,Maj-NL,STL,76,255,219,27,48,8,1,5,27,26,0,49,7,0,3,4,3,0,0.219,0.318,0.333,0.651,666185,2023
Kerry Carpenter,25,1092,Maj-AL,DET,118,459,418,57,116,17,2,20,64,32,3,115,8,0,1,5,6,0,0.278,0.34,0.471,0.811,681481,2023
Matt Carpenter,37,1113,Maj-NL,SDP,76,237,188,18,33,12,0,5,31,41,0,67,2,0,5,2,1,0,0.176,0.322,0.319,0.641,572761,2023
Corbin Carroll,22,1061,Maj-NL,ARI,172,723,631,127,179,31,11,27,86,66,2,138,14,7,5,7,59,6,0.284,0.362,0.496,0.858,682998,2023
Evan Carter,20,1061,Maj-AL,TEX,40,147,122,24,37,13,1,6,18,22,1,43,2,0,1,1,6,0,0.303,0.415,0.574,0.989,694497,2023
Curt Casali,34,1167,Maj-NL,CIN,40,96,80,8,14,2,0,0,6,11,0,23,2,3,0,1,0,0,0.175,0.29,0.2,0.49,592200,2023
Triston Casas,23,1109,Maj-AL,BOS,132,502,429,66,113,21,2,24,65,70,2,126,1,0,2,7,0,0,0.263,0.367,0.49,0.856,671213,2023
Nick Castellanos,31,1069,Maj-NL,PHI,170,723,673,86,180,39,2,34,113,40,1,199,3,0,7,17,12,2,0.267,0.308,0.483,0.791,592206,2023
Diego Castillo,25,1154,Maj-NL,ARI,1,1,1,0,0,0,0,0,0,0,0,0,0,0,0,0,0,0,0.0,0.0,0.0,0.0,660636,2023
Rodolfo Castro,24,1095,Maj-NL,"PHI,Pittsburgh",92,256,227,21,48,7,0,6,24,23,1,74,5,0,1,4,1,4,0.211,0.297,0.322,0.618,666801,2023
Willi Castro,26,1082,Maj-AL,MIN,130,426,373,61,95,18,5,9,35,36,1,105,12,2,3,6,33,5,0.255,0.337,0.402,0.739,650489,2023
Jake Cave,30,1069,Maj-NL,PHI,68,206,187,18,40,9,1,5,21,15,0,56,1,1,2,3,3,0,0.214,0.273,0.353,0.626,595909,2023
Yu Chang,27,1148,Maj-AL,BOS,39,112,105,12,17,2,0,6,18,3,0,34,2,2,0,2,4,0,0.162,0.2,0.352,0.552,644374,2023
Matt Chapman,30,1089,Maj-AL,TOR,142,589,516,66,123,39,2,17,54,63,1,168,8,0,2,5,4,2,0.238,0.329,0.421,0.75,656305,2023
Jazz Chisholm Jr.,25,1089,Maj-NL,MIA,99,391,360,50,88,12,2,19,51,26,0,122,2,1,2,4,22,3,0.244,0.297,0.447,0.745,665862,2023
Jiman Choi,32,1092,Maj-NL,"Pittsburgh,SDP",39,117,104,12,17,5,0,6,13,10,0,35,1,0,2,2,0,0,0.163,0.239,0.385,0.624,596847,2023
Kody Clemens,27,1184,Maj-NL,PHI,47,148,139,15,32,7,0,4,13,8,0,40,1,0,0,1,0,0,0.23,0.277,0.367,0.644,665019,2023
Ernie Clement,27,1104,Maj-AL,TOR,29,52,50,7,19,1,1,1,10,1,0,4,0,0,1,0,1,0,0.38,0.385,0.5,0.885,676391,2023
Oscar Col\xc3\xa1s,24,1113,Maj-AL,CHC,75,263,245,32,53,9,0,5,19,12,1,71,2,2,2,5,4,3,0.216,0.257,0.314,0.571,693049,2023
Zack Collins,28,1134,Maj-AL,CLE,2,6,4,0,2,0,0,0,0,2,0,2,0,0,0,0,0,0,0.5,0.667,0.5,1.167,641470,2023
William Contreras,25,1089,Maj-NL,MIL,143,621,549,86,159,38,1,17,78,64,2,129,5,1,2,23,6,1,0.29,0.368,0.455,0.823,661388,2023
Willson Contreras,31,1103,Maj-NL,STL,125,495,428,55,113,27,0,20,67,51,0,111,13,1,2,12,6,3,0.264,0.358,0.467,0.826,575929,2023
Garrett Cooper,32,1092,Maj-NL,"MIA,SDP",123,457,422,42,106,18,1,17,61,31,0,132,2,0,2,15,0,0,0.251,0.304,0.419,0.724,643265,2023
Franchy Cordero,28,1163,Maj-AL,NYY,24,71,69,9,13,2,0,6,13,2,0,25,0,0,0,0,0,0,0.188,0.211,0.478,0.69,614173,2023
Carlos Correa,28,1082,Maj-AL,MIN,141,604,536,61,127,32,2,18,69,60,3,136,5,0,3,30,0,0,0.237,0.318,0.405,0.723,621043,2023
Colton Cowser,23,1143,Maj-AL,BAL,26,77,61,15,7,2,0,0,4,13,0,22,2,0,1,1,1,0,0.115,0.286,0.148,0.433,681297,2023
J.P. Crawford,28,1092,Maj-AL,SEA,145,638,534,94,142,35,0,19,65,94,1,125,5,3,2,7,2,0,0.266,0.38,0.438,0.818,641487,2023
Kutter Crawford,27,1258,Maj-AL,BOS,1,0,0,1,0,0,0,0,0,0,0,0,0,0,0,0,0,0,,,,,676710,2023
C.J. Cron,33,1102,"Maj-AL,Maj-NL","Colorado,LAD",71,278,258,38,64,12,0,12,37,17,0,65,1,0,2,13,0,0,0.248,0.295,0.434,0.729,543068,2023
Jake Cronenworth,29,1129,Maj-NL,SDP,127,522,458,54,105,24,7,10,48,46,2,97,11,1,5,8,6,1,0.229,0.312,0.378,0.689,630105,2023
Tyler Cropley,27,1100,Maj-AL,KCR,2,7,6,0,1,0,0,0,1,0,0,2,0,0,1,0,0,0,0.167,0.143,0.167,0.31,680418,2023
Pete Crow-Armstrong,21,1092,Maj-NL,CHC,13,19,14,3,0,0,0,0,1,3,0,7,0,2,0,0,2,2,0.0,0.176,0.0,0.176,691718,2023
Nelson Cruz,42,1182,Maj-NL,SDP,49,152,143,9,35,5,1,5,23,6,1,46,2,0,1,2,1,0,0.245,0.283,0.399,0.681,443558,2023
Charlie Culberson,34,1169,Maj-NL,ATL,1,1,1,0,1,0,0,0,0,0,0,0,0,0,0,0,0,0,1.0,1.0,1.0,2.0,518586,2023
Travis d\'Arnaud,34,1081,Maj-NL,ATL,77,300,274,32,61,13,0,12,41,22,0,69,3,0,1,6,0,0,0.223,0.287,0.401,0.688,518595,2023
David Dahl,29,1272,Maj-NL,SDP,4,9,9,1,1,0,0,1,1,0,0,2,0,0,0,0,0,0,0.111,0.111,0.444,0.556,621311,2023
Bobby Dalbec,28,1092,Maj-AL,BOS,20,53,49,6,10,2,0,1,1,4,0,28,0,0,0,0,1,0,0.204,0.264,0.306,0.57,666915,2023
Jonathan Davis,31,1181,Maj-NL,MIA,34,104,90,22,22,4,1,2,10,7,0,29,2,2,2,1,1,2,0.244,0.307,0.378,0.685,641505,2023
Bryan De La Cruz,26,1089,Maj-NL,MIA,155,633,585,60,150,32,0,19,79,41,0,142,1,0,5,18,4,1,0.256,0.304,0.409,0.712,650559,2023
Elly De La Cruz,21,1092,Maj-NL,CIN,98,427,388,67,91,15,7,13,44,35,3,144,2,1,1,6,35,8,0.235,0.3,0.41,0.71,682829,2023
Paul DeJong,29,1103,"Maj-AL,Maj-NL","San Francisco,STL,TOR",112,400,372,41,77,13,0,14,38,21,0,121,5,0,2,10,4,4,0.207,0.258,0.355,0.612,657557,2023
Jonny DeLuca,24,1160,Maj-NL,LAD,24,45,42,5,11,1,0,2,6,3,0,8,0,0,0,0,1,0,0.262,0.311,0.429,0.74,676356,2023
Rafael Devers,26,1092,Maj-AL,BOS,153,656,580,90,157,34,0,33,100,62,10,126,11,0,3,15,5,1,0.271,0.351,0.5,0.851,646240,2023
Isan D\xc3\xadaz,27,1139,"Maj-AL,Maj-NL","DET,San Francisco",8,26,24,0,1,0,0,0,1,2,0,9,0,0,0,0,0,0,0.042,0.115,0.042,0.157,656371,2023
Yainer Diaz,24,1070,Maj-AL,HOU,111,391,369,52,101,22,0,23,60,11,0,79,5,0,6,12,0,0,0.274,0.299,0.52,0.82,673237,2023
Yandy D\xc3\xadaz,31,1089,Maj-AL,TBR,139,608,533,95,174,35,0,22,78,65,0,95,8,0,2,16,0,1,0.326,0.406,0.516,0.922,650490,2023
Brandon Dixon,31,1169,Maj-NL,SDP,33,86,79,10,16,4,0,2,9,1,0,31,4,0,2,1,1,0,0.203,0.244,0.329,0.573,641525,2023
Jasson Dom\xc3\xadnguez,20,1114,Maj-AL,NYY,8,33,31,6,8,1,0,4,7,2,0,8,0,0,0,1,1,0,0.258,0.303,0.677,0.98,691176,2023
Josh Donaldson,37,1089,"Maj-AL,Maj-NL","MIL,NYY",52,197,172,19,27,5,0,13,26,22,0,50,1,0,2,8,0,0,0.157,0.254,0.413,0.667,518626,2023
Brendan Donovan,26,1156,Maj-NL,STL,95,371,327,48,93,10,1,11,34,33,2,53,9,1,1,4,5,1,0.284,0.365,0.422,0.787,680977,2023
Hunter Dozier,31,1227,Maj-AL,KCR,29,91,82,8,15,2,1,2,9,8,0,29,0,0,1,0,2,0,0.183,0.253,0.305,0.558,641531,2023
Brandon Drury,30,1092,Maj-AL,LAD,125,523,485,61,127,30,3,26,83,25,0,136,8,0,5,14,0,2,0.262,0.306,0.497,0.803,592273,2023
Mauricio Dub\xc3\xb3n,28,1071,Maj-AL,HOU,138,518,492,79,138,26,3,10,48,19,0,74,3,0,4,10,7,2,0.28,0.309,0.407,0.715,643289,2023
Matt Duffy,32,1092,Maj-AL,KCR,78,209,191,17,48,8,0,2,16,12,0,39,4,0,2,4,1,0,0.251,0.306,0.325,0.631,622110,2023
Ezequiel Duran,24,1094,Maj-AL,TEX,122,439,406,55,112,22,2,14,46,23,1,120,7,1,2,7,8,4,0.276,0.324,0.443,0.768,677649,2023
Jarren Duran,26,1134,Maj-AL,BOS,101,362,332,46,98,34,2,8,40,24,1,90,3,0,2,3,24,2,0.295,0.346,0.482,0.828,680776,2023
Adam Duvall,34,1093,Maj-AL,BOS,92,353,320,45,79,24,2,21,58,22,1,110,6,0,5,0,4,0,0.247,0.303,0.531,0.834,594807,2023
Nate Eaton,26,1192,Maj-AL,KCR,28,56,53,2,4,0,0,0,1,2,0,21,1,0,0,0,3,0,0.075,0.125,0.075,0.2,681987,2023
Cam Eden,25,1092,Maj-AL,TOR,5,6,6,1,1,0,0,0,0,0,0,2,0,0,0,0,0,0,0.167,0.167,0.167,0.333,686490,2023
Tommy Edman,28,1092,Maj-NL,STL,137,528,479,69,119,25,4,13,47,35,1,84,7,3,4,9,27,4,0.248,0.307,0.399,0.705,669242,2023
Xavier Edwards,23,1089,Maj-NL,MIA,31,85,79,13,24,3,0,0,3,3,0,14,1,2,0,1,5,0,0.304,0.337,0.342,0.679,669364,2023
Drew Ellis,27,1169,Maj-NL,PHI,12,29,23,4,5,0,0,2,4,6,0,7,0,0,0,0,0,1,0.217,0.379,0.478,0.858,656403,2023
Christian Encarnacion-Strand,23,1092,Maj-NL,CIN,63,241,222,29,60,7,0,13,37,14,0,69,5,0,0,5,2,0,0.27,0.328,0.477,0.805,687952,2023
Adam Engel,31,1227,Maj-NL,SDP,5,6,6,0,0,0,0,0,0,0,0,2,0,0,0,0,0,1,0.0,0.0,0.0,0.0,641553,2023
Eduardo Escobar,34,1092,"Maj-AL,Maj-NL","LAD,NYY",99,309,288,32,65,6,5,6,31,18,0,78,0,1,2,7,2,1,0.226,0.269,0.344,0.613,500871,2023
Santiago Espinal,28,1089,Maj-AL,TOR,94,256,232,30,59,14,0,2,25,18,1,36,3,2,1,5,2,1,0.254,0.315,0.341,0.655,669289,2023
Stuart Fairchild,27,1092,Maj-NL,CIN,97,255,219,34,50,16,2,5,28,25,0,69,6,3,2,2,10,3,0.228,0.321,0.388,0.71,656413,2023
Kyle Farmer,32,1085,Maj-AL,MIN,122,373,340,50,87,14,2,12,48,23,0,88,8,0,2,7,2,4,0.256,0.316,0.415,0.731,571657,2023
Freddy Fermin,28,1115,Maj-AL,KCR,70,235,217,26,61,10,1,9,32,13,0,50,1,1,3,11,0,0,0.281,0.321,0.461,0.781,666023,2023
Jos\xc3\xa9 Ferm\xc3\xadn,24,1092,Maj-NL,STL,21,61,51,2,12,1,0,0,4,6,0,8,2,2,0,1,0,1,0.235,0.339,0.255,0.594,665877,2023
David Fletcher,29,1092,Maj-AL,LAD,33,97,89,7,22,1,0,2,12,7,1,9,0,1,0,2,0,0,0.247,0.302,0.326,0.628,664058,2023
Dominic Fletcher,25,1179,Maj-NL,ARI,28,102,93,10,28,5,1,2,14,7,1,22,0,2,0,0,0,2,0.301,0.35,0.441,0.791,666150,2023
Estevan Florial,25,1092,Maj-AL,NYY,19,71,61,5,14,3,1,0,8,7,0,20,2,0,1,0,3,0,0.23,0.324,0.311,0.635,664314,2023
Mike Ford,30,1092,Maj-AL,SEA,83,251,219,32,50,6,0,16,34,24,0,81,7,0,1,4,0,0,0.228,0.323,0.475,0.798,645801,2023
Nick Fortes,26,1090,Maj-NL,MIA,109,325,296,33,60,10,0,6,26,17,0,60,7,3,2,13,4,2,0.203,0.261,0.297,0.558,663743,2023
Jake Fraley,28,1096,Maj-NL,CIN,111,380,336,41,86,18,0,15,65,37,2,71,6,0,1,5,21,5,0.256,0.339,0.443,0.783,641584,2023
Ty France,28,1092,Maj-AL,SEA,158,665,587,79,147,32,0,12,58,43,0,117,34,0,1,25,1,0,0.25,0.337,0.366,0.703,664034,2023
Wander Franco,22,1142,Maj-AL,TBR,112,491,442,65,124,23,6,17,58,42,3,69,3,0,4,18,30,10,0.281,0.344,0.475,0.819,677551,2023
Adam Frazier,31,1083,Maj-AL,BAL,143,460,417,59,99,21,2,13,60,32,0,68,4,4,2,4,11,4,0.237,0.297,0.391,0.688,624428,2023
Clint Frazier,28,1183,Maj-AL,CHC,33,76,66,10,13,1,1,0,3,10,0,23,0,0,0,0,4,2,0.197,0.303,0.242,0.545,640449,2023
Freddie Freeman,33,1082,Maj-NL,LAD,164,742,647,132,212,59,2,29,102,74,12,123,16,0,5,15,23,1,0.328,0.407,0.56,0.967,518692,2023
Tyler Freeman,24,1092,Maj-AL,CLE,64,168,153,20,37,7,0,4,18,10,0,30,2,2,1,3,5,0,0.242,0.295,0.366,0.661,671289,2023
Sal Frelick,23,1089,Maj-NL,MIL,59,232,199,29,49,9,1,3,25,28,0,40,1,0,4,3,7,0,0.246,0.336,0.347,0.683,686217,2023
TJ Friedl,27,1093,Maj-NL,CIN,138,556,488,73,136,22,8,18,66,47,1,90,10,8,3,0,27,6,0.279,0.352,0.467,0.819,670770,2023
David Fry,27,1099,Maj-AL,CLE,57,113,101,12,24,6,0,4,15,8,0,30,4,0,0,3,2,0,0.238,0.319,0.416,0.734,681807,2023
Michael Fulmer,30,1182,Maj-NL,CHC,1,1,1,0,0,0,0,0,0,0,0,1,0,0,0,0,0,0,0.0,0.0,0.0,0.0,605242,2023
Cam Gallagher,30,1093,Maj-AL,CLE,56,149,143,6,18,6,0,0,7,4,0,46,1,0,1,3,0,0,0.126,0.154,0.168,0.322,595956,2023
Joey Gallo,29,1118,Maj-AL,MIN,111,332,282,39,50,9,1,21,40,48,1,142,2,0,0,3,1,1,0.177,0.301,0.44,0.741,608336,2023
Ben Gamel,31,1124,Maj-NL,SDP,6,15,15,2,3,1,0,0,2,0,0,2,0,0,0,0,0,0,0.2,0.2,0.267,0.467,592325,2023
Adolis Garc\xc3\xada,30,1063,Maj-AL,TEX,163,700,617,119,156,30,0,47,129,68,0,193,9,0,6,12,11,1,0.253,0.333,0.53,0.863,666969,2023
Avisa\xc3\xadl Garc\xc3\xada,32,1132,Maj-NL,MIA,37,118,108,8,20,3,1,3,12,6,1,39,2,0,0,1,2,0,0.185,0.241,0.315,0.556,541645,2023
Maikel Garcia,23,1092,Maj-AL,KCR,123,515,464,59,126,20,4,4,50,38,0,115,2,1,10,9,23,7,0.272,0.323,0.358,0.681,672580,2023
Kyle Garlick,31,1206,Maj-AL,MIN,14,30,28,2,5,1,0,2,4,2,0,11,0,0,0,0,0,0,0.179,0.233,0.429,0.662,664247,2023
Mitch Garver,32,1061,Maj-AL,TEX,101,404,349,53,92,13,0,22,64,50,2,94,4,0,0,12,0,0,0.264,0.362,0.49,0.852,641598,2023
Andr\xc3\xa9s Gim\xc3\xa9nez,24,1093,Maj-AL,CLE,153,616,557,76,140,27,5,15,62,32,3,112,20,4,3,10,30,6,0.251,0.314,0.399,0.712,665926,2023
Paul Goldschmidt,35,1093,Maj-NL,STL,154,687,593,89,159,31,0,25,80,87,6,161,3,0,3,12,11,2,0.268,0.363,0.447,0.81,502671,2023
Yan Gomes,35,1093,Maj-NL,CHC,116,419,382,44,102,20,2,10,63,21,1,81,9,0,7,9,1,0,0.267,0.315,0.408,0.723,543228,2023
Oscar Gonz\xc3\xa1lez,25,1092,Maj-AL,CLE,54,180,173,15,37,7,2,2,12,5,0,46,1,0,1,2,0,0,0.214,0.239,0.312,0.551,660757,2023
Romy Gonzalez,26,1198,Maj-AL,CHC,44,97,93,11,18,4,2,3,14,2,0,36,0,1,1,0,7,0,0.194,0.208,0.376,0.585,663853,2023
Nick Gordon,27,1229,Maj-AL,MIN,34,93,91,13,16,5,1,2,7,1,0,11,0,1,0,1,0,0,0.176,0.185,0.319,0.503,624503,2023
Nolan Gorman,23,1111,Maj-NL,STL,119,464,406,59,96,17,0,27,76,53,1,148,3,0,2,5,7,2,0.236,0.328,0.478,0.805,669357,2023
Yasmani Grandal,34,1092,Maj-AL,CHC,118,405,363,33,85,14,0,8,33,36,1,86,4,0,2,11,0,0,0.234,0.309,0.339,0.647,518735,2023
Tristan Gray,27,1106,Maj-AL,TBR,2,5,5,1,2,0,0,1,1,0,0,0,0,0,0,0,0,0,0.4,0.4,1.0,1.4,656484,2023
Riley Greene,22,1122,Maj-AL,DET,99,416,378,51,109,19,4,11,37,35,0,114,1,0,2,7,7,0,0.288,0.349,0.447,0.796,682985,2023
Randal Grichuk,31,1092,"Maj-AL,Maj-NL","Colorado,LAD",118,471,434,65,116,31,2,16,44,29,2,96,6,0,2,11,2,2,0.267,0.321,0.459,0.779,545341,2023
Trent Grisham,26,1092,Maj-NL,SDP,153,555,469,67,93,31,1,13,50,75,0,154,5,4,1,7,15,3,0.198,0.315,0.352,0.666,663757,2023
Vaughn Grissom,22,1081,Maj-NL,ATL,24,81,76,5,21,3,1,0,9,2,0,16,2,0,1,2,0,1,0.276,0.309,0.342,0.651,687093,2023
Robbie Grossman,33,1065,Maj-AL,TEX,121,440,372,57,86,24,1,10,49,58,0,108,2,0,8,8,1,0,0.231,0.332,0.382,0.714,543257,2023
Vladimir Guerrero Jr.,24,1089,Maj-AL,TOR,158,690,609,78,160,31,0,26,94,68,5,100,9,0,4,23,5,3,0.263,0.343,0.442,0.785,665489,2023
Luis Guillorme,28,1093,Maj-NL,NYY,54,120,107,12,24,6,1,1,9,10,1,28,0,2,1,4,0,0,0.224,0.288,0.327,0.615,641645,2023
Lourdes Gurriel Jr.,29,1061,Maj-NL,ARI,162,662,617,70,162,38,2,27,93,35,2,116,6,1,3,23,7,0,0.263,0.307,0.462,0.769,666971,2023
Yuli Gurriel,39,1090,Maj-NL,MIA,109,330,299,32,73,16,3,4,27,26,3,45,1,0,4,13,4,0,0.244,0.303,0.358,0.661,493329,2023
Dalton Guthrie,27,1202,Maj-NL,PHI,23,28,24,4,4,1,0,0,0,3,0,7,1,0,0,0,0,0,0.167,0.286,0.208,0.494,656495,2023
Eric Haase,30,1124,Maj-AL,"CLE,DET",89,293,274,22,55,8,1,4,26,17,1,81,0,1,1,11,4,1,0.201,0.247,0.281,0.528,606992,2023
Sam Haggerty,29,1093,Maj-AL,SEA,52,108,91,13,23,3,1,1,5,15,0,17,1,1,0,0,10,1,0.253,0.364,0.341,0.705,664059,2023
Darick Hall,27,1165,Maj-NL,PHI,18,56,54,2,9,1,0,1,3,2,0,18,0,0,0,2,0,0,0.167,0.196,0.241,0.437,669742,2023
Billy Hamilton,32,1242,Maj-AL,CHC,3,2,2,2,0,0,0,0,0,0,0,1,0,0,0,0,2,0,0.0,0.0,0.0,0.0,571740,2023
Caleb Hamilton,28,1184,Maj-AL,BOS,4,6,5,0,0,0,0,0,0,1,0,5,0,0,0,0,0,0,0.0,0.167,0.0,0.167,643348,2023
David Hamilton,25,1125,Maj-AL,BOS,15,39,33,2,4,2,0,0,0,6,0,10,0,0,0,1,2,1,0.121,0.256,0.182,0.438,666152,2023
Garrett Hampson,28,1090,Maj-NL,MIA,99,253,222,30,61,12,1,3,23,23,0,67,3,3,2,3,5,0,0.275,0.348,0.378,0.726,641658,2023
Ian Happ,28,1093,Maj-NL,CHC,158,691,580,86,144,35,4,21,84,99,2,153,6,0,6,12,14,3,0.248,0.36,0.431,0.791,664023,2023
Bryce Harper,30,1069,Maj-NL,PHI,139,601,499,98,146,29,1,26,80,93,10,130,5,0,4,12,14,4,0.293,0.406,0.511,0.917,547180,2023
Michael Harris II,22,1081,Maj-NL,ATL,142,552,518,76,148,33,3,18,57,25,1,104,5,1,3,8,20,4,0.286,0.323,0.465,0.788,671739,2023
Josh Harrison,35,1155,Maj-NL,PHI,40,114,103,8,21,3,0,2,10,3,0,20,6,0,2,2,0,0,0.204,0.263,0.291,0.554,543281,2023
Adam Haseley,27,1186,Maj-AL,CHC,28,39,36,6,8,2,0,0,2,3,0,8,0,0,0,1,1,0,0.222,0.282,0.278,0.56,656514,2023
Austin Hays,27,1083,Maj-AL,BAL,147,579,531,77,146,37,2,16,67,40,1,144,3,0,5,12,5,1,0.275,0.326,0.443,0.769,669720,2023
Austin Hedges,30,1066,"Maj-AL,Maj-NL","Pittsburgh,TEX",82,213,186,14,34,5,0,1,16,11,0,48,2,10,3,7,1,0,0.183,0.233,0.226,0.458,595978,2023
Jonah Heim,28,1061,Maj-AL,TEX,148,572,523,66,132,28,0,21,103,45,2,106,1,0,3,10,3,0,0.252,0.311,0.426,0.738,641680,2023
Tyler Heineman,32,1092,"Maj-AL,Maj-NL","Pittsburgh,TOR",22,47,38,5,9,1,1,0,3,8,0,8,1,0,0,0,1,0,0.237,0.383,0.316,0.699,623168,2023
Gunnar Henderson,22,1083,Maj-AL,BAL,153,635,572,103,149,29,9,29,84,57,1,163,3,0,3,10,10,4,0.26,0.329,0.495,0.824,683002,2023
David Hensley,27,1135,Maj-AL,HOU,30,94,84,12,10,1,0,1,3,10,0,35,0,0,0,0,1,0,0.119,0.213,0.167,0.379,682073,2023
Enrique Hern\xc3\xa1ndez,31,1082,"Maj-AL,Maj-NL","BOS,LAD",143,516,473,57,113,23,0,11,63,34,1,97,3,0,6,17,4,1,0.239,0.291,0.357,0.648,571771,2023
Teoscar Hern\xc3\xa1ndez,30,1093,Maj-AL,SEA,160,678,625,70,161,29,2,26,93,38,2,211,8,0,7,6,7,2,0.258,0.305,0.435,0.741,606192,2023
Yonny Hern\xc3\xa1ndez,25,1159,Maj-NL,LAD,13,27,22,5,3,1,0,0,4,2,0,8,1,1,1,0,0,0,0.136,0.231,0.182,0.413,660634,2023
Iv\xc3\xa1n Herrera,23,1093,Maj-NL,STL,13,44,37,6,11,2,0,0,4,5,0,11,2,0,0,1,0,0,0.297,0.409,0.351,0.76,671056,2023
Jos\xc3\xa9 Herrera,26,1082,Maj-NL,ARI,43,124,104,15,21,5,0,0,7,14,0,30,0,5,1,2,1,0,0.202,0.294,0.25,0.544,645444,2023
Jason Heyward,33,1082,Maj-NL,LAD,127,384,341,56,90,23,0,15,40,34,1,68,3,0,3,7,2,2,0.264,0.333,0.463,0.797,518792,2023
Aaron Hicks,33,1083,Maj-AL,"BAL,NYY",96,322,277,45,70,9,1,9,41,44,1,70,0,0,1,3,6,0,0.253,0.354,0.39,0.744,543305,2023
Kyle Higashioka,33,1092,Maj-AL,NYY,92,260,242,24,57,13,0,10,34,14,0,74,0,1,3,5,0,0,0.236,0.274,0.413,0.687,543309,2023
Sam Hilliard,29,1167,Maj-NL,ATL,40,78,72,15,17,5,0,3,6,6,0,33,0,0,0,1,4,0,0.236,0.295,0.431,0.725,656541,2023
Nico Hoerner,26,1094,Maj-NL,CHC,150,688,619,98,175,27,4,9,68,49,0,83,14,1,5,12,43,7,0.283,0.346,0.383,0.729,663538,2023
TJ Hopkins,26,1126,Maj-NL,CIN,25,44,41,7,7,0,0,0,1,2,0,17,1,0,0,1,1,0,0.171,0.227,0.171,0.398,686759,2023
Spencer Horwitz,25,1102,Maj-AL,TOR,15,44,39,5,10,2,0,1,7,4,0,12,1,0,0,1,0,0,0.256,0.341,0.385,0.726,687462,2023
Eric Hosmer,33,1230,Maj-NL,CHC,31,100,94,7,22,3,0,2,14,6,0,25,0,0,0,5,0,0,0.234,0.28,0.33,0.61,543333,2023
Sam Huff,25,1106,Maj-AL,TEX,21,45,43,5,11,2,0,3,6,2,0,17,0,0,0,1,0,0,0.256,0.289,0.512,0.801,669087,2023
Cooper Hummel,28,1258,Maj-AL,SEA,10,26,23,2,2,1,0,0,0,2,0,9,1,0,0,1,1,0,0.087,0.192,0.13,0.323,669450,2023
Andy Ib\xc3\xa1\xc3\xb1ez,30,1092,Maj-AL,DET,114,383,356,42,94,23,2,11,41,24,0,69,1,1,1,7,1,0,0.264,0.312,0.433,0.744,628451,2023
Jonathan India,26,1093,Maj-NL,CIN,119,529,454,78,111,23,0,17,61,52,0,109,16,0,7,13,14,2,0.244,0.338,0.407,0.746,663697,2023
Kyle Isbel,26,1094,Maj-AL,KCR,91,313,292,45,70,22,2,5,34,17,0,59,1,1,2,5,7,1,0.24,0.282,0.38,0.662,664728,2023
Travis Jankowski,32,1061,Maj-AL,TEX,111,297,256,36,68,13,1,1,32,36,0,42,2,1,2,6,19,1,0.266,0.358,0.336,0.694,608671,2023
Danny Jansen,28,1122,Maj-AL,TOR,86,301,268,38,61,15,0,17,53,23,1,62,10,0,0,3,0,0,0.228,0.312,0.474,0.786,643376,2023
Ryan Jeffers,26,1082,Maj-AL,MIN,102,358,305,47,81,15,2,14,43,35,1,101,12,4,2,7,3,2,0.266,0.362,0.466,0.827,680777,2023
Eloy Jim\xc3\xa9nez,26,1093,Maj-AL,CHC,120,489,456,50,124,23,0,18,64,30,2,93,1,0,2,13,0,0,0.272,0.317,0.441,0.758,650391,2023
Jahmai Jones,25,1160,Maj-NL,MIL,7,11,10,2,2,1,0,0,3,1,0,5,0,0,0,0,1,0,0.2,0.273,0.3,0.573,663330,2023
Aaron Judge,31,1093,Maj-AL,NYY,106,458,367,79,98,16,0,37,75,88,9,130,0,0,3,5,3,1,0.267,0.406,0.613,1.019,592450,2023
Edouard Julien,24,1082,Maj-AL,MIN,114,430,355,62,94,18,1,17,39,69,0,136,2,1,3,8,3,0,0.265,0.385,0.465,0.849,666397,2023
Corey Julks,27,1126,Maj-AL,HOU,93,323,298,35,73,14,0,6,33,22,0,75,1,0,2,6,15,3,0.245,0.297,0.352,0.65,667452,2023
Josh Jung,25,1061,Maj-AL,TEX,139,585,543,88,147,29,2,26,78,33,0,170,5,0,4,11,1,3,0.271,0.316,0.475,0.791,673962,2023
Jarred Kelenic,23,1092,Maj-AL,SEA,105,416,372,44,94,25,2,11,49,41,4,132,1,0,2,6,13,5,0.253,0.327,0.419,0.746,672284,2023
Carson Kelly,28,1093,"Maj-AL,Maj-NL","ARI,DET",50,151,136,13,28,5,0,2,13,14,0,40,0,0,1,2,1,0,0.206,0.278,0.287,0.565,608348,2023
Buddy Kennedy,24,1124,Maj-NL,ARI,10,29,24,1,4,1,0,0,1,4,0,6,1,0,0,0,0,0,0.167,0.31,0.208,0.519,671083,2023
Max Kepler,30,1082,Maj-AL,MIN,135,515,461,73,119,24,2,24,66,46,0,116,4,0,4,9,1,1,0.258,0.328,0.475,0.803,596146,2023
Grae Kessinger,25,1092,Maj-AL,HOU,26,45,40,3,8,2,0,1,1,5,0,12,0,0,0,0,0,1,0.2,0.289,0.325,0.614,666197,2023
Kevin Kiermaier,33,1089,Maj-AL,TOR,131,414,375,58,100,21,6,8,37,30,0,88,4,1,4,9,14,1,0.267,0.324,0.419,0.743,595281,2023
Ha-Seong Kim,27,1092,Maj-NL,SDP,152,626,538,84,140,23,0,17,60,75,1,124,3,5,5,7,38,9,0.26,0.351,0.398,0.749,673490,2023
Isiah Kiner-Falefa,28,1092,Maj-AL,NYY,113,361,326,39,79,12,1,6,37,28,0,70,3,1,3,12,14,5,0.242,0.306,0.34,0.646,643396,2023
Alex Kirilloff,25,1083,Maj-AL,MIN,93,330,290,35,76,14,1,11,41,30,1,84,7,0,3,2,1,0,0.262,0.342,0.431,0.773,666135,2023
Alejandro Kirk,24,1089,Maj-AL,TOR,125,430,378,34,95,16,0,8,43,43,1,46,7,0,2,21,0,0,0.251,0.337,0.357,0.694,672386,2023
Heston Kjerstad,24,1092,Maj-AL,BAL,13,33,30,3,7,1,0,2,3,2,0,10,0,0,0,0,0,0,0.233,0.281,0.467,0.748,677008,2023
Andrew Knizner,28,1092,Maj-NL,STL,70,241,224,30,54,11,0,10,31,12,0,62,3,1,1,8,2,0,0.241,0.288,0.424,0.712,668800,2023
Taylor Kohlwey,28,1157,Maj-NL,SDP,5,13,13,0,2,0,0,0,0,0,0,5,0,0,0,0,0,0,0.154,0.154,0.154,0.308,670128,2023
Mark Kolozsvary,27,1202,Maj-AL,BAL,1,0,0,0,0,0,0,0,0,0,0,0,0,0,0,0,0,0,,,,,656627,2023
Ryan Kreidler,25,1262,Maj-AL,DET,11,18,18,2,2,0,0,0,0,0,0,7,0,0,0,0,0,0,0.111,0.111,0.111,0.222,668952,2023
Steven Kwan,25,1092,Maj-AL,CLE,158,718,638,93,171,36,7,5,54,70,2,75,3,1,6,9,21,3,0.268,0.34,0.37,0.71,680757,2023
Tommy La Stella,34,1246,Maj-AL,SEA,12,24,21,2,4,1,0,0,2,3,0,5,0,0,0,0,0,0,0.19,0.292,0.238,0.53,600303,2023
Jake Lamb,32,1240,Maj-AL,LAD,18,54,51,7,11,1,0,2,5,3,0,15,0,0,0,1,0,0,0.216,0.259,0.353,0.612,571875,2023
Trevor Larnach,26,1092,Maj-AL,MIN,58,212,183,26,39,7,3,8,40,27,1,72,0,0,2,2,1,1,0.213,0.311,0.415,0.727,663616,2023
Ram\xc3\xb3n Laureano,28,1092,Maj-AL,"CLE,Oakland",105,404,361,46,81,18,4,9,35,33,0,114,9,0,1,9,12,1,0.224,0.304,0.371,0.676,657656,2023
Jordan Lawlar,20,1062,Maj-NL,ARI,16,36,32,3,4,0,0,0,0,3,0,11,1,0,0,0,1,1,0.125,0.222,0.125,0.347,691783,2023
Korey Lee,24,1092,Maj-AL,CHC,24,70,65,4,5,1,0,1,3,5,0,20,0,0,0,0,0,0,0.077,0.143,0.138,0.281,686676,2023
DJ LeMahieu,34,1092,Maj-AL,NYY,136,562,497,55,121,22,3,15,44,60,2,125,3,0,2,14,2,2,0.243,0.327,0.39,0.718,518934,2023
Sandy Le\xc3\xb3n,34,1202,Maj-AL,TEX,21,44,41,4,6,2,0,0,4,1,0,20,1,1,0,2,0,0,0.146,0.186,0.195,0.381,506702,2023
Josh Lester,28,1192,Maj-AL,BAL,11,23,22,0,4,0,0,0,4,1,0,7,0,0,0,1,0,0,0.182,0.217,0.182,0.399,623507,2023
Kyle Lewis,27,1135,Maj-NL,ARI,16,54,51,2,8,2,0,1,2,3,0,21,0,0,0,0,0,0,0.157,0.204,0.255,0.459,641786,2023
Royce Lewis,24,1082,Maj-AL,MIN,64,265,239,42,72,7,0,19,57,24,0,63,2,0,0,7,6,1,0.301,0.37,0.569,0.939,668904,2023
Francisco Lindor,29,1092,Maj-NL,NYY,160,687,602,108,153,33,2,31,98,66,1,137,12,0,7,8,31,4,0.254,0.336,0.47,0.806,596019,2023
Andre Lipcius,25,1095,Maj-AL,DET,13,38,35,3,10,1,0,1,4,3,0,8,0,0,0,1,0,0,0.286,0.342,0.4,0.742,686531,2023
Tim Locastro,30,1092,Maj-NL,NYY,43,67,56,13,13,3,0,2,3,3,0,22,6,2,0,0,6,0,0.232,0.338,0.393,0.731,641796,2023
Nick Loftin,24,1094,Maj-AL,KCR,19,68,62,10,20,5,1,0,10,4,0,12,1,0,1,0,2,0,0.323,0.368,0.435,0.803,679845,2023
Evan Longoria,37,1061,Maj-NL,ARI,90,291,259,28,55,12,0,11,32,26,0,94,1,1,4,9,0,0,0.212,0.283,0.386,0.669,446334,2023
Alejo Lopez,27,1114,Maj-NL,CIN,1,2,2,1,1,1,0,0,1,0,0,1,0,0,0,0,0,0,0.5,0.5,1.0,1.5,664670,2023
Irving Lopez,28,1092,Maj-NL,STL,5,12,11,0,0,0,0,0,1,0,0,5,0,0,1,0,0,0,0.0,0.0,0.0,0.0,676761,2023
Nicky Lopez,28,1092,"Maj-AL,Maj-NL","ATL,KCR",93,262,225,32,52,8,3,1,25,26,0,40,6,4,1,3,6,2,0.231,0.326,0.307,0.632,670032,2023
Brandon Lowe,28,1102,Maj-AL,TBR,109,436,377,58,87,15,1,21,68,50,0,119,6,0,3,8,7,0,0.231,0.328,0.443,0.771,664040,2023
Josh Lowe,25,1089,Maj-AL,TBR,137,506,470,72,137,33,2,20,83,32,2,124,1,0,3,6,32,3,0.291,0.336,0.498,0.834,666139,2023
Nathaniel Lowe,27,1061,Maj-AL,TEX,178,796,689,99,177,40,3,20,88,99,2,187,5,0,3,22,1,0,0.257,0.353,0.411,0.764,663993,2023
Nathan Lukes,28,1110,Maj-AL,TOR,29,31,26,4,5,1,1,0,2,4,0,9,0,0,1,1,0,0,0.192,0.29,0.308,0.598,664770,2023
Jordan Luplow,29,1092,Maj-AL,"MIN,TOR",39,90,77,11,16,3,0,2,5,12,1,27,1,0,0,1,2,0,0.208,0.322,0.325,0.647,656669,2023
Manny Machado,30,1094,Maj-NL,SDP,138,601,543,75,140,21,0,30,91,50,1,109,2,0,6,20,3,2,0.258,0.319,0.462,0.782,592518,2023
Nick Madrigal,26,1107,Maj-NL,CHC,91,294,270,34,71,16,1,2,28,10,0,24,9,5,0,3,10,2,0.263,0.311,0.352,0.663,663611,2023
Bligh Madris,27,1162,Maj-AL,HOU,11,30,26,4,4,1,0,0,0,4,0,7,0,0,0,0,0,0,0.154,0.267,0.192,0.459,676632,2023
Luke Maile,32,1092,Maj-NL,CIN,74,199,179,17,42,10,0,6,25,14,0,49,5,1,0,8,2,1,0.235,0.308,0.391,0.699,571912,2023
Mart\xc3\xadn Maldonado,36,1070,Maj-AL,HOU,127,441,390,35,73,12,0,15,38,34,0,150,4,13,0,12,0,0,0.187,0.259,0.333,0.593,455117,2023
Trey Mancini,31,1154,Maj-NL,CHC,79,263,235,31,55,12,0,4,28,21,1,78,2,0,3,5,0,0,0.234,0.299,0.336,0.635,641820,2023
Manuel Margot,28,1089,Maj-AL,TBR,101,343,317,39,83,21,1,4,38,18,0,57,4,1,3,6,9,3,0.262,0.307,0.372,0.679,622534,2023
Jake Marisnick,32,1167,"Maj-AL,Maj-NL","CHC,DET,LAD",46,83,76,10,18,3,2,2,10,3,0,21,2,1,1,4,2,3,0.237,0.28,0.408,0.688,545350,2023
Cade Marlowe,26,1115,Maj-AL,SEA,34,100,88,14,21,3,2,3,11,12,0,33,0,0,0,1,4,2,0.239,0.33,0.42,0.75,687799,2023
Brandon Marsh,25,1069,Maj-NL,PHI,145,514,442,60,125,29,6,13,64,63,2,159,4,1,4,5,12,2,0.283,0.374,0.464,0.838,669016,2023
Ketel Marte,29,1061,Maj-NL,ARI,167,729,642,100,181,33,10,27,93,77,2,127,5,0,5,17,11,3,0.282,0.361,0.491,0.851,606466,2023
Noelvi Marte,21,1092,Maj-NL,CIN,34,123,114,15,36,7,0,3,15,8,0,25,1,0,0,1,6,2,0.316,0.366,0.456,0.822,682622,2023
Starling Marte,34,1149,Maj-NL,NYY,86,341,315,38,78,7,1,5,28,16,1,69,8,2,0,8,24,4,0.248,0.301,0.324,0.625,516782,2023
J.D. Martinez,35,1082,Maj-NL,LAD,115,491,442,62,119,27,2,34,104,36,1,153,2,0,9,11,1,0,0.269,0.321,0.57,0.891,502110,2023
J.P. Martinez,27,1118,Maj-AL,TEX,17,44,40,7,9,1,0,1,4,2,0,16,0,0,2,0,0,0,0.225,0.25,0.325,0.575,679881,2023
Nick Martini,33,1092,Maj-NL,CIN,29,79,72,10,19,3,1,6,16,5,0,15,2,0,0,1,0,0,0.264,0.329,0.583,0.912,605361,2023
Michael Massey,25,1092,Maj-AL,KCR,129,461,428,42,98,18,1,15,55,24,0,99,4,1,4,3,6,2,0.229,0.274,0.381,0.655,686681,2023
Miles Mastrobuoni,27,1092,Maj-NL,CHC,60,149,133,24,32,5,0,1,5,13,0,32,0,3,0,1,13,1,0.241,0.308,0.301,0.609,670156,2023
Jorge Mateo,28,1083,Maj-AL,BAL,118,355,323,59,73,16,2,7,35,22,0,83,1,5,3,8,32,5,0.226,0.275,0.353,0.628,622761,2023
Nick Maton,26,1136,Maj-AL,DET,93,293,249,29,43,9,0,8,32,38,1,73,3,1,2,4,1,2,0.173,0.288,0.305,0.593,665155,2023
Ronny Mauricio,22,1092,Maj-NL,NYY,26,108,101,11,25,4,0,2,9,7,0,31,0,0,0,2,7,0,0.248,0.296,0.347,0.643,677595,2023
James McCann,33,1092,Maj-AL,BAL,69,226,207,25,46,14,0,6,26,9,0,57,5,3,2,5,3,1,0.222,0.269,0.377,0.646,543510,2023
Jake McCarthy,25,1092,Maj-NL,ARI,99,312,276,37,67,7,5,2,16,26,0,62,5,4,1,4,26,4,0.243,0.318,0.326,0.644,664983,2023
Chas McCormick,28,1070,Maj-AL,HOU,123,488,431,60,118,17,2,23,73,42,0,122,12,1,2,3,20,6,0.274,0.353,0.483,0.836,676801,2023
Mason McCoy,28,1118,Maj-AL,TOR,6,1,1,2,0,0,0,0,0,0,0,1,0,0,0,0,0,0,0.0,0.0,0.0,0.0,669200,2023
Reese McGuire,28,1092,Maj-AL,BOS,72,206,187,15,50,12,1,1,16,11,0,53,1,2,1,2,2,1,0.267,0.31,0.358,0.668,624512,2023
Ryan McKenna,26,1099,Maj-AL,BAL,88,139,122,23,31,7,0,2,18,9,0,40,3,3,2,4,5,0,0.254,0.316,0.361,0.677,663630,2023
Billy McKinney,28,1134,Maj-AL,NYY,48,147,128,19,29,3,1,6,14,17,1,39,1,0,1,1,1,0,0.227,0.32,0.406,0.726,641856,2023
Zach McKinstry,28,1093,Maj-AL,DET,148,518,464,60,107,21,4,9,35,44,0,113,5,2,3,3,16,6,0.231,0.302,0.351,0.654,656716,2023
Matt McLain,23,1127,Maj-NL,CIN,89,403,365,65,106,23,4,16,50,31,0,115,7,0,0,5,14,5,0.29,0.357,0.507,0.864,680574,2023
Jeff McNeil,31,1096,Maj-NL,NYY,156,648,585,75,158,25,4,10,55,39,0,65,18,3,3,5,10,0,0.27,0.333,0.378,0.711,643446,2023
Curtis Mead,22,1089,Maj-AL,TBR,26,99,89,12,23,3,1,1,6,7,0,23,2,0,0,3,0,0,0.258,0.327,0.348,0.675,678554,2023
Austin Meadows,28,1270,Maj-AL,DET,6,21,21,0,5,1,0,0,2,0,0,3,0,0,0,0,0,0,0.238,0.238,0.286,0.524,640457,2023
Parker Meadows,23,1092,Maj-AL,DET,37,145,125,19,29,4,2,3,13,17,1,37,2,0,1,0,8,1,0.232,0.331,0.368,0.699,678009,2023
Francisco Mejia,27,1165,Maj-AL,TBR,50,160,150,22,34,11,0,5,19,6,0,38,1,1,2,2,0,1,0.227,0.258,0.4,0.658,642336,2023
MJ Melendez,24,1092,Maj-AL,KCR,148,602,533,65,125,29,5,16,56,62,2,170,3,0,4,4,6,4,0.235,0.316,0.398,0.713,669004,2023
Danny Mendick,29,1093,Maj-NL,NYY,33,69,65,4,12,3,0,1,4,4,0,15,0,0,0,1,1,0,0.185,0.232,0.277,0.509,664901,2023
\xc3\x93scar Mercado,28,1184,Maj-NL,STL,20,32,31,3,9,3,0,0,5,1,0,4,0,0,0,0,2,1,0.29,0.313,0.387,0.7,640458,2023
Whit Merrifield,34,1090,Maj-AL,TOR,146,594,548,66,149,27,0,11,67,37,2,101,3,0,6,15,26,10,0.272,0.318,0.381,0.7,593160,2023
Matt Mervis,25,1201,Maj-NL,CHC,27,99,90,8,15,2,0,3,11,8,0,32,1,0,0,1,0,0,0.167,0.242,0.289,0.531,670223,2023
Jake Meyers,27,1092,Maj-AL,HOU,112,341,309,42,70,16,1,10,33,26,0,88,5,0,1,2,5,2,0.227,0.296,0.382,0.678,676694,2023
Brad Miller,33,1153,Maj-AL,TEX,27,67,56,8,12,4,0,1,6,10,0,11,0,0,1,1,0,0,0.214,0.328,0.339,0.668,543543,2023
Owen Miller,26,1114,Maj-NL,MIL,90,314,291,29,76,17,0,5,27,17,1,61,2,0,4,6,13,2,0.261,0.303,0.371,0.674,680911,2023
Shelby Miller,32,1245,Maj-NL,LAD,1,1,1,0,0,0,0,0,0,0,0,0,0,0,0,0,0,0,0.0,0.0,0.0,0.0,571946,2023
Jos\xc3\xa9 Miranda,25,1176,Maj-AL,MIN,40,152,142,12,30,4,0,3,13,9,0,24,1,0,0,8,0,0,0.211,0.263,0.303,0.566,669304,2023
Garrett Mitchell,24,1092,Maj-NL,MIL,19,73,65,10,16,2,1,3,7,7,0,26,0,0,1,0,1,1,0.246,0.315,0.446,0.761,669003,2023
Andruw Monasterio,26,1089,Maj-NL,MIL,93,316,283,38,73,14,1,3,27,28,0,67,3,0,2,9,7,2,0.258,0.329,0.346,0.675,655316,2023
Yo\xc3\xa1n Moncada,28,1093,Maj-AL,CHC,92,357,334,39,87,20,1,11,40,20,0,107,2,0,1,6,1,0,0.26,0.305,0.425,0.73,660162,2023
Mickey Moniak,25,1093,Maj-AL,LAD,85,323,311,35,87,21,2,14,45,9,1,113,3,0,0,4,6,3,0.28,0.307,0.495,0.802,666160,2023
Dylan Moore,30,1092,Maj-AL,SEA,67,165,145,18,30,9,1,7,19,16,0,56,4,0,0,1,7,3,0.207,0.303,0.428,0.731,664238,2023
Christopher Morel,24,1092,Maj-NL,CHC,107,429,388,62,96,17,3,26,70,36,0,133,2,1,2,7,6,2,0.247,0.313,0.508,0.821,666624,2023
Gabriel Moreno,23,1061,Maj-NL,ARI,128,450,404,39,112,20,1,11,62,35,0,95,3,1,7,18,6,2,0.277,0.334,0.413,0.747,672515,2023
Taylor Motter,33,1124,Maj-NL,STL,29,82,76,3,13,3,0,0,2,5,0,31,1,0,0,0,0,0,0.171,0.232,0.211,0.442,600301,2023
Ryan Mountcastle,26,1083,Maj-AL,BAL,118,483,434,65,116,22,1,18,70,38,1,111,3,0,8,13,3,1,0.267,0.325,0.447,0.772,663624,2023
Mike Moustakas,34,1093,"Maj-AL,Maj-NL","Colorado,LAD",112,386,352,43,87,15,0,12,48,23,1,95,3,0,8,7,0,0,0.247,0.293,0.392,0.685,519058,2023
Cedric Mullins,28,1083,Maj-AL,BAL,119,467,416,51,94,23,3,15,74,43,1,104,1,3,4,6,19,3,0.226,0.297,0.404,0.701,656775,2023
Max Muncy,32,1082,Maj-NL,LAD,138,591,493,97,104,17,1,36,105,86,4,157,6,0,6,8,1,2,0.211,0.332,0.469,0.8,571970,2023
Sean Murphy,28,1081,Maj-NL,ATL,110,445,377,65,95,21,0,21,68,49,0,100,18,0,1,18,0,0,0.252,0.364,0.475,0.839,669221,2023
Tom Murphy,32,1141,Maj-AL,SEA,47,159,145,19,42,12,0,8,17,10,0,44,1,0,2,4,0,0,0.29,0.335,0.538,0.873,608596,2023
Dane Myers,27,1107,Maj-NL,MIA,22,70,67,9,18,3,0,1,9,2,0,19,0,0,1,1,1,1,0.269,0.286,0.358,0.644,667472,2023
Wil Myers,32,1223,Maj-NL,CIN,36,141,127,11,24,3,0,3,12,12,0,48,0,1,1,3,2,1,0.189,0.257,0.283,0.541,571976,2023
Tyler Naquin,32,1092,Maj-AL,CHC,4,8,8,0,0,0,0,0,0,0,0,7,0,0,0,0,0,0,0.0,0.0,0.0,0.0,571980,2023
Omar Narv\xc3\xa1ez,31,1093,Maj-NL,NYY,49,146,128,12,27,5,0,2,7,14,0,27,0,1,3,1,0,0,0.211,0.283,0.297,0.58,553882,2023
Bo Naylor,23,1092,Maj-AL,CLE,67,230,198,33,47,13,0,11,32,30,1,53,1,0,1,2,5,0,0.237,0.339,0.47,0.809,666310,2023
Josh Naylor,26,1092,Maj-AL,CLE,121,495,452,52,139,31,0,17,97,33,9,68,3,0,7,11,10,3,0.308,0.354,0.489,0.842,647304,2023
Zach Neto,22,1092,Maj-AL,LAD,84,329,289,38,65,17,0,9,34,20,0,77,16,1,3,5,5,1,0.225,0.308,0.377,0.685,687263,2023
Tyler Nevin,26,1092,Maj-AL,DET,41,111,95,11,19,3,1,2,10,12,0,25,3,0,1,1,0,1,0.2,0.306,0.316,0.622,663527,2023
Kevin Newman,29,1139,Maj-NL,CIN,74,253,225,28,57,16,0,3,28,17,0,34,4,2,5,7,8,1,0.253,0.311,0.364,0.675,621028,2023
Tom\xc3\xa1s Nido,29,1212,Maj-NL,NYY,22,61,56,5,7,0,0,0,1,2,0,18,0,2,1,2,0,0,0.125,0.153,0.125,0.278,621512,2023
Brandon Nimmo,30,1095,Maj-NL,NYY,152,682,592,89,162,30,6,24,68,74,0,146,11,1,4,6,3,3,0.274,0.363,0.466,0.829,607043,2023
Austin Nola,33,1170,Maj-NL,SDP,52,154,130,9,19,3,0,1,8,18,0,31,2,4,0,5,0,0,0.146,0.26,0.192,0.452,543592,2023
Lars Nootbaar,25,1092,Maj-NL,STL,117,503,426,74,111,23,1,14,46,72,2,99,1,1,3,7,11,1,0.261,0.367,0.418,0.784,663457,2023
Ryan O\'Hearn,29,1083,Maj-AL,BAL,115,373,351,48,101,22,1,14,60,15,2,83,3,1,3,2,5,1,0.288,0.32,0.476,0.796,656811,2023
Logan O\'Hoppe,23,1092,Maj-AL,LAD,51,199,182,23,43,6,0,14,29,14,0,48,2,0,1,4,0,1,0.236,0.296,0.5,0.796,681351,2023
Brian O\'Keefe,29,1112,Maj-AL,SEA,8,21,19,0,2,2,0,0,2,2,0,7,0,0,0,2,0,0,0.105,0.19,0.211,0.401,657247,2023
Tyler O\'Neill,28,1107,Maj-NL,STL,72,266,238,27,55,14,0,9,21,28,0,67,0,0,0,5,5,0,0.231,0.312,0.403,0.715,641933,2023
Rougned Odor,29,1169,Maj-NL,SDP,59,157,138,21,28,9,0,4,18,17,0,37,2,0,0,2,2,1,0.203,0.299,0.355,0.654,596059,2023
Shohei Ohtani,28,1120,Maj-AL,LAD,135,599,497,102,151,26,8,44,95,91,21,143,3,0,3,9,20,6,0.304,0.412,0.654,1.066,660271,2023
Chris Okey,28,1232,Maj-AL,LAD,2,2,2,0,0,0,0,0,0,0,0,2,0,0,0,0,0,0,0.0,0.0,0.0,0.0,608360,2023
Edward Olivares,27,1092,Maj-AL,KCR,107,385,354,47,93,23,4,12,36,22,1,64,7,0,2,7,11,5,0.263,0.317,0.452,0.769,658668,2023
Matt Olson,29,1081,Maj-NL,ATL,166,737,624,128,176,27,3,54,139,105,8,168,4,0,4,13,1,0,0.282,0.387,0.595,0.981,621566,2023
Jonathan Ornelas,23,1106,Maj-AL,TEX,8,8,7,2,1,0,0,0,0,0,0,4,1,0,0,0,0,0,0.143,0.25,0.143,0.393,680716,2023
Rafael Ortega,32,1092,Maj-NL,NYY,47,136,114,16,25,3,0,1,8,20,0,33,1,1,0,0,6,1,0.219,0.341,0.272,0.613,542364,2023
Joey Ortiz,24,1192,Maj-AL,BAL,15,34,33,4,7,1,0,0,4,0,0,9,0,0,1,2,0,0,0.212,0.206,0.242,0.448,687401,2023
James Outman,26,1084,Maj-NL,LAD,153,573,488,86,120,16,3,23,70,69,1,184,12,0,4,4,16,3,0.246,0.351,0.432,0.783,681546,2023
Marcell Ozuna,32,1081,Maj-NL,ATL,148,607,543,85,147,29,1,40,100,59,1,138,3,0,2,10,0,0,0.271,0.344,0.549,0.893,542303,2023
Cristian Pache,24,1069,Maj-NL,PHI,52,105,91,13,21,7,1,2,12,13,0,30,0,1,0,1,3,3,0.231,0.327,0.396,0.723,665506,2023
Kevin Padlo,26,1191,Maj-AL,LAD,3,8,8,1,1,1,0,0,0,0,0,0,0,0,0,1,0,0,0.125,0.125,0.25,0.375,656821,2023
Richie Palacios,26,1092,Maj-NL,STL,32,102,93,9,24,6,0,6,16,6,0,11,1,1,1,1,2,0,0.258,0.307,0.516,0.823,680700,2023
Isaac Paredes,24,1089,Maj-AL,TBR,145,579,500,71,126,25,0,31,98,58,0,106,20,0,1,11,1,0,0.252,0.352,0.488,0.84,670623,2023
Kyren Paris,21,1107,Maj-AL,LAD,15,46,40,4,4,0,0,0,1,4,0,17,1,1,0,0,3,0,0.1,0.2,0.1,0.3,677347,2023
Vinnie Pasquantino,25,1206,Maj-AL,KCR,61,260,231,24,57,17,0,9,26,25,2,31,2,0,1,7,0,0,0.247,0.324,0.437,0.762,686469,2023
Jeremy Pe\xc3\xb1a,25,1070,Maj-AL,HOU,161,676,617,82,160,33,3,10,53,44,1,135,10,1,1,11,13,9,0.259,0.318,0.371,0.69,665161,2023
David Peralta,35,1082,Maj-NL,LAD,136,428,400,47,103,26,1,7,55,20,1,73,2,0,6,9,4,1,0.258,0.292,0.38,0.672,444482,2023
Oswald Peraza,23,1092,Maj-AL,NYY,52,191,173,15,33,8,0,2,14,13,0,50,5,0,0,1,4,3,0.191,0.267,0.272,0.539,672724,2023
Geraldo Perdomo,23,1061,Maj-NL,ARI,161,558,458,81,114,20,4,8,51,71,1,102,6,19,4,2,19,6,0.249,0.354,0.362,0.717,672695,2023
Everson Pereira,22,1092,Maj-AL,NYY,27,103,93,6,14,4,0,0,10,8,0,40,2,0,0,1,4,0,0.151,0.233,0.194,0.427,677592,2023
Carlos P\xc3\xa9rez,26,1092,Maj-AL,CHC,27,53,49,5,10,4,0,1,3,4,0,11,0,0,0,2,0,0,0.204,0.264,0.347,0.611,656024,2023
Michael P\xc3\xa9rez,30,1092,Maj-NL,NYY,3,8,8,1,4,1,0,0,0,0,0,1,0,0,0,0,0,0,0.5,0.5,0.625,1.125,605421,2023
Salvador Perez,33,1092,Maj-AL,KCR,140,580,538,59,137,21,0,23,80,19,6,135,13,0,8,11,0,0,0.255,0.292,0.422,0.714,521692,2023
Blake Perkins,26,1092,Maj-NL,MIL,67,168,143,28,31,7,0,4,20,23,0,46,0,2,0,3,5,2,0.217,0.325,0.35,0.675,663368,2023
Jace Peterson,33,1065,"Maj-AL,Maj-NL","ARI,Oakland",135,432,376,36,79,10,4,6,37,47,2,101,4,2,3,7,15,2,0.21,0.302,0.306,0.608,607054,2023
Tommy Pham,35,1061,Maj-NL,"ARI,NYY",145,545,487,65,126,30,3,19,72,49,1,125,2,0,7,13,24,3,0.259,0.325,0.45,0.774,502054,2023
Brett Phillips,29,1092,Maj-AL,LAD,39,71,63,9,11,1,0,3,6,8,0,36,0,0,0,0,3,1,0.175,0.268,0.333,0.601,621433,2023
Kevin Pillar,34,1081,Maj-NL,ATL,85,213,202,29,45,10,0,9,32,8,0,53,0,0,3,2,4,1,0.223,0.249,0.406,0.655,607680,2023
Ren\xc3\xa9 Pinto,26,1089,Maj-AL,TBR,40,110,108,10,26,3,0,6,16,2,0,38,0,0,0,2,0,0,0.241,0.255,0.435,0.69,650907,2023
Jorge Polanco,29,1082,Maj-AL,MIN,86,369,323,40,81,18,0,15,51,40,0,96,2,1,3,2,5,0,0.251,0.334,0.446,0.78,593871,2023
AJ Pollock,35,1146,"Maj-AL,Maj-NL","San Francisco,SEA",54,144,133,15,22,4,0,5,15,9,0,32,0,0,2,1,0,1,0.165,0.215,0.308,0.524,572041,2023
Logan Porter,27,1093,Maj-AL,KCR,11,38,31,4,6,1,0,1,3,5,0,11,1,1,0,2,0,0,0.194,0.324,0.323,0.647,682515,2023
Nick Pratto,24,1092,Maj-AL,KCR,95,345,306,33,71,16,0,7,35,29,0,138,6,0,4,3,1,1,0.232,0.307,0.353,0.66,668472,2023
Jurickson Profar,30,1092,Maj-NL,"Colorado,SDP",125,521,459,55,111,27,2,9,46,50,0,90,6,0,5,11,1,0,0.242,0.321,0.368,0.689,595777,2023
Juniel Querecuto,30,1092,Maj-NL,STL,9,21,20,2,2,1,0,0,0,1,0,6,0,0,0,0,0,0,0.1,0.143,0.15,0.293,578570,2023
Ceddanne Rafaela,22,1092,Maj-AL,BOS,28,89,83,11,20,6,0,2,5,4,0,28,1,0,1,2,3,1,0.241,0.281,0.386,0.666,678882,2023
Cal Raleigh,26,1092,Maj-AL,SEA,145,569,513,78,119,23,1,30,75,54,1,158,1,0,1,6,0,0,0.232,0.306,0.456,0.762,663728,2023
Luke Raley,28,1103,Maj-AL,TBR,118,406,357,56,89,23,3,19,49,28,0,128,18,1,2,2,14,3,0.249,0.333,0.49,0.824,670042,2023
Harold Ram\xc3\xadrez,28,1089,Maj-AL,TBR,124,442,408,58,126,19,2,12,68,22,0,81,6,0,6,8,5,3,0.309,0.348,0.453,0.802,623912,2023
Jos\xc3\xa9 Ram\xc3\xadrez,30,1092,Maj-AL,CLE,156,691,611,87,172,36,5,24,80,73,22,73,1,0,6,8,28,6,0.282,0.356,0.475,0.831,608070,2023
Henry Ramos,31,1135,Maj-NL,CIN,23,86,74,9,18,3,1,0,5,11,0,21,1,0,0,2,2,1,0.243,0.349,0.311,0.66,592656,2023
J.T. Realmuto,32,1069,Maj-NL,PHI,148,592,538,77,136,32,5,23,75,36,3,151,10,0,5,12,16,6,0.253,0.309,0.459,0.768,592663,2023
Rob Refsnyder,32,1092,Maj-AL,BOS,88,243,202,31,50,9,1,1,28,33,0,47,5,1,1,8,7,2,0.248,0.365,0.317,0.682,608701,2023
Zach Remillard,29,1092,Maj-AL,CHC,54,160,147,16,37,7,0,1,18,8,1,48,1,4,0,3,4,3,0.252,0.295,0.32,0.615,621545,2023
Anthony Rendon,33,1181,Maj-AL,LAD,43,183,148,23,35,6,0,2,22,25,0,27,6,0,4,6,2,0,0.236,0.361,0.318,0.678,543685,2023
Hunter Renfroe,31,1106,"Maj-AL,Maj-NL","CIN,LAD",140,548,498,60,116,31,0,20,60,44,0,125,3,0,3,15,0,0,0.233,0.297,0.416,0.713,592669,2023
Luis Rengifo,26,1116,Maj-AL,LAD,126,445,394,55,104,15,4,16,51,41,0,82,6,0,4,3,6,4,0.264,0.339,0.444,0.783,650859,2023
Franmil Reyes,27,1246,Maj-AL,KCR,19,65,59,5,11,0,0,2,7,4,0,24,0,0,2,3,0,0,0.186,0.231,0.288,0.519,614177,2023
Pablo Reyes,29,1092,Maj-AL,BOS,64,185,167,27,48,9,0,2,20,14,0,21,0,2,2,3,7,2,0.287,0.339,0.377,0.716,622569,2023
Matt Reynolds,32,1244,Maj-NL,CIN,2,5,5,1,1,0,0,0,0,0,0,3,0,0,0,0,0,0,0.2,0.2,0.2,0.4,608703,2023
Austin Riley,26,1081,Maj-NL,ATL,163,732,653,119,185,32,3,39,100,59,4,178,9,0,11,18,3,1,0.283,0.346,0.521,0.866,663586,2023
Edwin R\xc3\xados,29,1212,Maj-NL,CHC,18,34,28,3,2,1,0,1,2,5,0,16,1,0,0,0,0,0,0.071,0.235,0.214,0.45,621458,2023
Alfonso Rivas III,26,1092,Maj-NL,"Pittsburgh,SDP",48,123,109,8,25,10,1,3,15,9,0,36,3,1,1,1,1,0,0.229,0.303,0.422,0.725,663845,2023
Emmanuel Rivera,27,1062,Maj-NL,ARI,93,301,274,35,71,14,0,4,32,23,0,58,0,0,4,10,1,0,0.259,0.312,0.354,0.666,656896,2023
Anthony Rizzo,33,1153,Maj-AL,NYY,99,421,373,45,91,14,0,12,41,35,1,97,12,0,1,10,0,3,0.244,0.328,0.378,0.706,519203,2023
Luis Robert Jr.,25,1099,Maj-AL,CHC,145,595,546,90,144,36,1,38,80,30,5,172,12,0,2,10,20,4,0.264,0.315,0.542,0.857,673357,2023
Brayan Rocchio,22,1092,Maj-AL,CLE,23,86,81,9,20,6,0,0,8,4,0,27,0,0,1,4,0,0,0.247,0.279,0.321,0.6,677587,2023
Jos\xc3\xa9 Rodriguez,22,1195,Maj-AL,CHC,1,0,0,1,0,0,0,0,0,0,0,0,0,0,0,0,0,0,,,,,679563,2023
Julio Rodr\xc3\xadguez,22,1092,Maj-AL,SEA,155,714,654,102,180,37,2,32,103,47,6,175,11,0,2,14,37,10,0.275,0.333,0.485,0.818,677594,2023
Jake Rogers,28,1092,Maj-AL,DET,107,365,331,47,73,11,0,21,49,28,0,118,3,1,2,6,1,1,0.221,0.286,0.444,0.73,668670,2023
Johan Rojas,22,1069,Maj-NL,PHI,72,209,192,26,49,10,3,2,23,6,0,57,4,7,0,1,14,1,0.255,0.292,0.37,0.662,679032,2023
Josh Rojas,29,1092,"Maj-AL,Maj-NL","ARI,SEA",105,350,314,47,77,17,0,4,40,27,0,81,1,2,4,3,12,0,0.245,0.303,0.338,0.641,668942,2023
Miguel Rojas,34,1082,Maj-NL,LAD,127,429,391,49,93,16,1,5,31,26,0,48,5,2,5,12,8,3,0.238,0.29,0.322,0.613,500743,2023
Ben Rortvedt,25,1096,Maj-AL,NYY,32,79,68,6,8,1,0,2,4,11,0,19,0,0,0,1,0,0,0.118,0.241,0.221,0.461,666163,2023
Amed Rosario,27,1092,"Maj-AL,Maj-NL","CLE,LAD",142,545,510,70,134,25,8,6,58,29,0,99,3,0,3,15,15,2,0.263,0.305,0.378,0.683,642708,2023
Eddie Rosario,31,1081,Maj-NL,ATL,146,523,485,64,123,24,3,21,74,34,1,125,1,1,2,13,3,4,0.254,0.303,0.445,0.748,592696,2023
Eguy Rosario,23,1092,Maj-NL,SDP,11,37,36,6,9,1,1,2,6,1,0,12,0,0,0,1,0,0,0.25,0.27,0.5,0.77,666703,2023
Darin Ruf,36,1213,Maj-NL,"MIL,San Francisco",20,57,49,3,11,3,0,0,3,8,0,16,0,0,0,0,0,0,0.224,0.333,0.286,0.619,573131,2023
Adley Rutschman,25,1083,Maj-AL,BAL,157,700,600,84,164,32,1,20,80,93,6,103,2,0,5,14,1,2,0.273,0.37,0.43,0.8,668939,2023
C\xc3\xa9sar Salazar,27,1196,Maj-AL,HOU,13,19,18,1,2,0,0,0,0,1,0,6,0,0,0,1,0,0,0.111,0.158,0.111,0.269,663967,2023
Gary S\xc3\xa1nchez,30,1117,Maj-NL,"NYY,SDP",75,267,240,33,52,9,0,19,47,21,0,67,4,0,2,3,0,0,0.217,0.288,0.492,0.78,596142,2023
Jes\xc3\xbas S\xc3\xa1nchez,25,1089,Maj-NL,MIA,127,407,365,43,92,23,3,14,52,38,1,108,2,1,1,13,3,1,0.252,0.325,0.447,0.772,660821,2023
Carlos Santana,37,1089,Maj-NL,"MIL,Pittsburgh",148,628,557,79,134,33,1,23,87,67,0,106,0,0,4,11,6,0,0.241,0.32,0.427,0.747,467793,2023
Anthony Santander,28,1083,Maj-AL,BAL,156,669,602,83,155,41,1,29,96,57,1,152,6,0,4,12,5,1,0.257,0.326,0.473,0.799,623993,2023
Josh Sborz,29,1254,Maj-AL,TEX,1,1,1,0,0,0,0,0,0,0,0,1,0,0,0,0,0,0,0.0,0.0,0.0,0.0,622250,2023
Nolan Schanuel,21,1093,Maj-AL,LAD,29,132,109,19,30,3,0,1,6,20,1,19,3,0,0,1,0,0,0.275,0.402,0.33,0.732,694384,2023
Davis Schneider,24,1092,Maj-AL,TOR,35,141,116,23,32,12,1,8,20,21,0,43,4,0,0,2,1,0,0.276,0.404,0.603,1.008,676914,2023
Jonathan Schoop,31,1179,Maj-AL,DET,55,151,136,15,29,8,0,0,7,13,0,37,0,0,2,6,0,0,0.213,0.278,0.272,0.55,570731,2023
Kyle Schwarber,30,1069,Maj-NL,PHI,173,777,632,117,127,23,1,52,110,135,7,232,7,0,3,5,0,2,0.201,0.346,0.487,0.834,656941,2023
Corey Seager,29,1061,Maj-AL,TEX,136,618,543,106,177,48,0,39,108,64,11,100,5,0,6,9,2,1,0.326,0.398,0.63,1.028,608369,2023
Chandler Seagle,27,1093,Maj-NL,SDP,1,1,1,0,0,0,0,0,0,0,0,0,0,0,0,0,0,0,0.0,0.0,0.0,0.0,676882,2023
Jean Segura,33,1154,Maj-NL,MIA,85,326,301,25,66,5,2,3,21,22,1,47,2,1,0,12,6,2,0.219,0.277,0.279,0.556,516416,2023
Marcus Semien,32,1061,Maj-AL,TEX,179,835,746,134,202,42,5,31,110,78,1,122,5,0,5,6,14,3,0.271,0.342,0.465,0.807,543760,2023
Nick Senzel,28,1092,Maj-NL,CIN,104,330,301,49,71,10,0,13,42,26,0,74,1,0,2,9,6,2,0.236,0.297,0.399,0.696,669222,2023
Gavin Sheets,27,1092,Maj-AL,CHC,117,344,311,24,63,10,0,10,43,28,2,66,1,0,4,6,1,0,0.203,0.267,0.331,0.599,657757,2023
Braden Shewmake,25,1240,Maj-NL,ATL,2,4,4,0,0,0,0,0,0,0,0,1,0,0,0,0,0,0,0.0,0.0,0.0,0.0,669699,2023
Zack Short,28,1092,Maj-AL,DET,109,253,221,17,45,9,0,7,33,28,0,66,0,3,1,3,5,0,0.204,0.292,0.339,0.631,670097,2023
Michael Siani,23,1094,Maj-NL,"CIN,STL",8,6,5,1,0,0,0,0,0,1,0,1,0,0,0,0,1,1,0.0,0.167,0.0,0.167,672279,2023
Jon Singleton,31,1071,"Maj-AL,Maj-NL","HOU,MIL",38,107,92,11,15,3,0,2,12,14,0,24,0,0,1,2,0,0,0.163,0.271,0.261,0.532,572138,2023
Jose Siri,27,1090,Maj-AL,TBR,102,367,341,58,75,13,2,25,56,20,0,130,2,1,3,5,12,3,0.22,0.265,0.49,0.755,642350,2023
Josh Smith,25,1094,Maj-AL,TEX,90,232,195,29,36,8,1,6,15,25,0,55,9,2,1,3,1,0,0.185,0.304,0.328,0.633,669701,2023
Pavin Smith,27,1061,Maj-NL,ARI,73,239,201,27,39,5,0,7,30,36,0,48,1,0,0,3,1,1,0.194,0.319,0.323,0.643,656976,2023
Will Smith,28,1082,Maj-NL,LAD,129,566,476,81,126,22,3,19,78,63,2,90,15,0,12,8,3,0,0.265,0.36,0.443,0.804,669257,2023
Nick Solak,28,1205,"Maj-AL,Maj-NL","ATL,DET",2,0,0,1,0,0,0,0,0,0,0,0,0,0,0,0,0,0,,,,,669256,2023
Donovan Solano,35,1082,Maj-AL,MIN,139,463,404,44,112,26,1,5,38,43,1,104,15,0,1,9,0,0,0.277,0.367,0.384,0.751,456781,2023
Jorge Soler,31,1089,Maj-NL,MIA,139,588,512,77,127,24,0,36,75,66,4,146,6,0,4,20,1,0,0.248,0.338,0.506,0.844,624585,2023
Edmundo Sosa,27,1076,Maj-NL,PHI,105,301,280,34,70,15,2,10,30,8,0,74,9,2,1,10,4,2,0.25,0.292,0.425,0.717,624641,2023
Lenyn Sosa,23,1092,Maj-AL,CHC,52,173,164,12,33,6,0,6,14,5,1,40,0,3,1,3,0,1,0.201,0.224,0.348,0.571,672820,2023
Juan Soto,24,1092,Maj-NL,SDP,162,708,568,97,156,32,1,35,109,132,11,129,2,1,5,18,12,5,0.275,0.41,0.519,0.93,665742,2023
Livan Soto,23,1212,Maj-AL,LAD,4,12,9,2,2,0,0,0,0,3,0,2,0,0,0,0,0,0,0.222,0.417,0.222,0.639,670869,2023
George Springer,33,1089,Maj-AL,TOR,156,692,622,87,160,25,1,21,72,60,1,125,5,0,3,20,20,5,0.257,0.326,0.402,0.728,543807,2023
Jacob Stallings,33,1089,Maj-NL,MIA,89,278,243,22,46,14,0,3,20,27,0,67,3,3,2,10,0,0,0.189,0.276,0.284,0.56,607732,2023
Giancarlo Stanton,33,1095,Maj-AL,NYY,101,415,371,43,71,13,0,24,60,41,3,124,2,0,1,11,0,0,0.191,0.275,0.42,0.695,519317,2023
Spencer Steer,25,1093,Maj-NL,CIN,156,665,582,74,158,37,3,23,86,68,0,139,11,0,4,9,15,3,0.271,0.356,0.464,0.82,668715,2023
Michael Stefanic,27,1092,Maj-AL,LAD,25,71,62,5,18,2,1,0,6,8,0,8,1,0,0,0,0,1,0.29,0.38,0.355,0.735,683021,2023
Tyler Stephenson,26,1092,Maj-NL,CIN,142,517,465,59,113,20,2,13,56,47,2,135,4,0,1,16,0,1,0.243,0.317,0.378,0.696,663886,2023
Andrew Stevenson,29,1092,Maj-AL,MIN,25,40,37,4,7,1,0,0,1,2,0,8,1,0,0,0,4,1,0.189,0.25,0.216,0.466,664057,2023
DJ Stewart,29,1092,Maj-NL,NYY,58,185,160,21,39,9,0,11,26,15,0,56,7,1,1,3,1,1,0.244,0.333,0.506,0.84,621466,2023
Trevor Story,30,1092,Maj-AL,BOS,43,168,158,12,32,9,0,3,14,9,0,55,1,0,0,2,10,3,0.203,0.25,0.316,0.566,596115,2023
Bryson Stott,25,1069,Maj-NL,PHI,164,691,631,83,175,33,2,16,71,43,1,114,7,1,9,11,36,3,0.277,0.326,0.412,0.738,681082,2023
Kyle Stowers,25,1232,Maj-AL,BAL,14,33,30,1,2,0,0,0,0,3,0,12,0,0,0,1,0,0,0.067,0.152,0.067,0.218,669065,2023
Myles Straw,28,1093,Maj-AL,CLE,147,518,462,52,110,18,3,1,29,42,0,97,2,6,6,10,20,6,0.238,0.301,0.297,0.597,664702,2023
Garrett Stubbs,30,1092,Maj-NL,PHI,41,125,113,15,23,4,1,1,12,9,0,29,2,1,0,0,2,0,0.204,0.274,0.283,0.557,596117,2023
Eugenio Su\xc3\xa1rez,31,1092,Maj-AL,SEA,162,694,598,68,139,29,0,22,96,70,0,214,15,0,11,10,2,1,0.232,0.323,0.391,0.714,553993,2023
Brett Sullivan,29,1092,Maj-NL,SDP,33,86,81,7,17,3,0,1,6,4,0,19,0,0,1,1,0,0,0.21,0.244,0.284,0.528,664954,2023
Seiya Suzuki,28,1093,Maj-NL,CHC,138,583,515,75,147,31,6,20,74,59,3,130,2,0,7,8,6,7,0.285,0.357,0.485,0.842,673548,2023
Dansby Swanson,29,1093,Maj-NL,CHC,147,638,565,81,138,25,3,22,80,66,0,154,5,0,2,9,9,1,0.244,0.328,0.416,0.744,621020,2023
Raimel Tapia,29,1092,"Maj-AL,Maj-NL","BOS,MIL,TBR",63,169,148,28,35,4,1,3,13,17,0,40,1,1,1,2,10,2,0.236,0.317,0.338,0.655,606132,2023
Fernando Tatis Jr.,24,1092,Maj-NL,SDP,141,635,575,91,148,33,1,25,78,53,0,141,3,1,3,17,29,4,0.257,0.322,0.449,0.77,665487,2023
Mike Tauchman,32,1092,Maj-NL,CHC,108,401,337,64,85,18,0,8,48,56,1,86,4,1,3,3,7,1,0.252,0.363,0.377,0.739,643565,2023
Leody Taveras,24,1061,Maj-AL,TEX,160,621,568,75,146,32,4,15,70,45,0,130,1,3,4,3,18,4,0.257,0.311,0.407,0.717,665750,2023
Chris Taylor,32,1082,Maj-NL,LAD,120,391,344,51,81,15,1,15,57,42,2,127,4,0,1,3,16,3,0.235,0.325,0.416,0.741,621035,2023
Michael A. Taylor,32,1082,Maj-AL,MIN,134,402,368,49,80,14,1,21,51,26,0,135,4,3,1,8,13,1,0.217,0.276,0.432,0.708,572191,2023
Samad Taylor,24,1120,Maj-AL,KCR,31,69,60,11,12,2,1,0,4,7,0,22,0,1,1,1,8,0,0.2,0.279,0.267,0.546,669392,2023
Tyrone Taylor,29,1089,Maj-NL,MIL,83,251,239,37,55,17,1,11,37,8,0,57,3,0,1,10,9,0,0.23,0.263,0.448,0.711,621438,2023
Rowdy Tellez,28,1092,Maj-NL,MIL,105,351,311,26,67,9,1,13,47,35,2,86,0,0,5,11,0,0,0.215,0.291,0.376,0.667,642133,2023
Jos\xc3\xa9 Tena,22,1092,Maj-AL,CLE,18,34,31,2,7,2,0,0,3,3,0,13,0,0,0,0,0,0,0.226,0.294,0.29,0.584,677588,2023
Matt Thaiss,28,1110,Maj-AL,LAD,95,307,262,32,56,6,0,9,31,36,1,83,6,0,3,4,2,0,0.214,0.319,0.34,0.659,642136,2023
Alek Thomas,23,1061,Maj-NL,ARI,142,461,428,60,98,18,5,13,45,23,1,99,4,2,4,6,11,1,0.229,0.272,0.386,0.658,677950,2023
Bubba Thompson,25,1155,Maj-AL,TEX,37,60,53,10,9,4,1,0,4,4,0,16,1,1,1,0,4,2,0.17,0.237,0.283,0.52,669352,2023
Trayce Thompson,32,1092,"Maj-AL,Maj-NL","CHC,LAD",72,179,153,17,25,2,0,6,17,24,0,77,2,0,0,1,2,0,0.163,0.285,0.294,0.579,572204,2023
Spencer Torkelson,23,1092,Maj-AL,DET,159,684,606,88,141,34,1,31,94,67,1,171,6,0,5,15,3,0,0.233,0.313,0.446,0.758,679529,2023
Abraham Toro,26,1138,Maj-NL,MIL,9,21,18,4,8,0,0,2,9,2,0,5,1,0,0,0,0,0,0.444,0.524,0.778,1.302,647351,2023
Luis Torrens,27,1092,"Maj-AL,Maj-NL","CHC,SEA",17,30,28,1,7,3,0,0,4,1,0,9,1,0,0,0,0,0,0.25,0.3,0.357,0.657,620443,2023
Gleyber Torres,26,1093,Maj-AL,NYY,158,672,596,90,163,28,2,25,68,67,0,98,3,0,6,19,13,6,0.273,0.347,0.453,0.8,650402,2023
Taylor Trammell,25,1161,Maj-AL,SEA,22,56,46,7,6,0,0,3,11,9,0,22,1,0,0,2,0,1,0.13,0.286,0.326,0.612,666211,2023
Jose Trevino,30,1168,Maj-AL,NYY,55,168,157,15,33,4,0,4,15,8,0,22,2,1,0,6,0,0,0.21,0.257,0.312,0.57,624431,2023
Chadwick Tromp,28,1239,Maj-NL,ATL,6,16,16,1,2,1,0,0,1,0,0,7,0,0,0,0,0,0,0.125,0.125,0.188,0.313,644433,2023
Mike Trout,31,1132,Maj-AL,LAD,82,362,308,54,81,14,1,18,44,45,2,104,7,0,2,4,2,0,0.263,0.367,0.49,0.858,545361,2023
Kyle Tucker,26,1070,Maj-AL,HOU,168,722,614,101,169,40,5,29,113,88,9,102,3,0,10,11,30,5,0.275,0.364,0.498,0.862,663656,2023
Brice Turang,23,1089,Maj-NL,MIL,139,453,407,46,88,9,3,6,34,39,1,96,1,4,2,9,26,4,0.216,0.285,0.297,0.582,668930,2023
Justin Turner,38,1092,Maj-AL,BOS,146,626,558,86,154,31,0,23,96,51,0,110,11,0,6,10,4,1,0.276,0.345,0.455,0.8,457759,2023
Trea Turner,30,1069,Maj-NL,PHI,168,746,688,111,187,40,5,29,81,50,2,158,6,0,2,12,34,1,0.272,0.326,0.471,0.797,607208,2023
Luis Ur\xc3\xadas,26,1103,"Maj-AL,Maj-NL","BOS,MIL",52,177,144,18,28,6,0,3,18,21,0,41,10,0,0,4,0,0,0.194,0.337,0.299,0.636,649966,2023
Ram\xc3\xb3n Ur\xc3\xadas,29,1086,Maj-AL,BAL,117,398,362,45,96,22,3,4,42,27,0,101,8,0,1,10,3,1,0.265,0.329,0.376,0.705,602104,2023
Gio Urshela,31,1200,Maj-AL,LAD,62,228,214,22,64,8,1,2,24,10,0,36,1,0,3,9,3,2,0.299,0.329,0.374,0.703,570482,2023
Enmanuel Valdez,24,1092,Maj-AL,BOS,49,149,139,17,37,8,0,6,19,8,0,37,1,0,0,4,5,1,0.266,0.311,0.453,0.764,665839,2023
Miguel Vargas,23,1177,Maj-NL,LAD,81,304,256,36,50,15,4,7,32,38,1,61,4,1,4,1,3,2,0.195,0.305,0.367,0.672,678246,2023
Daulton Varsho,26,1089,Maj-AL,TOR,160,587,532,65,116,23,3,20,61,45,0,138,4,2,3,5,16,7,0.218,0.283,0.385,0.668,662139,2023
Andrew Vaughn,25,1092,Maj-AL,CHC,152,615,566,67,146,30,2,21,80,36,0,129,11,0,2,15,0,0,0.258,0.314,0.429,0.743,683734,2023
Terrin Vavra,26,1215,Maj-AL,BAL,27,56,49,9,12,0,0,0,5,5,0,12,0,2,0,5,1,0,0.245,0.315,0.245,0.56,679631,2023
Christian V\xc3\xa1zquez,32,1092,Maj-AL,MIN,102,355,327,34,73,13,0,6,32,25,1,82,1,1,1,11,1,0,0.223,0.28,0.318,0.598,543877,2023
Andrew Velazquez,28,1121,Maj-AL,LAD,54,94,81,12,14,3,0,2,3,10,0,30,0,3,0,1,13,3,0.173,0.264,0.284,0.548,623205,2023
Nelson Vel\xc3\xa1zquez,24,1093,"Maj-AL,Maj-NL","CHC,KCR",53,179,162,35,38,6,0,17,34,14,0,51,2,0,1,3,0,0,0.235,0.302,0.586,0.888,676369,2023
Alex Verdugo,27,1092,Maj-AL,BOS,142,602,546,81,144,37,5,13,54,45,1,93,6,0,5,11,5,3,0.264,0.324,0.421,0.745,657077,2023
Mark Vientos,23,1092,Maj-NL,NYY,65,233,218,19,46,5,1,9,22,10,0,71,3,0,2,5,1,0,0.211,0.253,0.367,0.62,668901,2023
Matt Vierling,26,1092,Maj-AL,DET,134,530,479,63,125,21,5,10,44,44,1,112,5,1,1,8,6,6,0.261,0.329,0.388,0.717,663837,2023
Meibrys Viloria,26,1246,Maj-AL,CLE,10,4,3,0,0,0,0,0,0,1,0,0,0,0,0,1,0,0,0.0,0.25,0.0,0.25,650619,2023
Daniel Vogelbach,30,1101,Maj-NL,NYY,104,319,275,33,64,8,0,13,48,42,1,81,2,0,0,6,0,0,0.233,0.339,0.404,0.742,596129,2023
Luke Voit,32,1233,Maj-NL,MIL,22,74,68,5,15,3,0,0,4,4,0,27,2,0,0,3,2,0,0.221,0.284,0.265,0.548,572228,2023
Anthony Volpe,22,1092,Maj-AL,NYY,159,601,541,62,113,23,4,21,60,52,0,167,5,1,2,10,24,5,0.209,0.283,0.383,0.666,683011,2023
Jason Vosler,29,1253,Maj-NL,CIN,20,65,62,6,10,2,1,3,10,3,0,25,0,0,0,0,0,0,0.161,0.2,0.371,0.571,613564,2023
Joey Votto,39,1092,Maj-NL,CIN,65,242,208,26,42,6,0,14,38,27,0,62,7,0,0,2,0,0,0.202,0.314,0.433,0.747,458015,2023
Adam Wainwright,41,1092,Maj-NL,STL,2,2,2,0,0,0,0,0,0,0,0,1,0,0,0,0,0,0,0.0,0.0,0.0,0.0,425794,2023
Christian Walker,32,1061,Maj-NL,ARI,174,736,642,93,163,41,2,34,110,75,4,146,9,0,9,13,17,0,0.254,0.336,0.483,0.819,572233,2023
Jordan Walker,21,1092,Maj-NL,STL,117,465,420,51,116,19,2,16,51,37,0,104,6,0,2,9,7,4,0.276,0.342,0.445,0.787,691023,2023
Forrest Wall,27,1082,Maj-NL,ATL,16,16,14,6,6,2,0,1,2,2,0,4,0,0,0,0,5,1,0.429,0.5,0.786,1.286,657088,2023
Chad Wallach,31,1100,Maj-AL,LAD,65,172,157,18,31,5,1,7,15,13,0,57,0,2,0,5,0,1,0.197,0.259,0.376,0.635,595453,2023
Matt Wallner,25,1083,Maj-AL,MIN,80,266,221,43,53,11,1,14,41,31,1,85,14,0,0,1,2,1,0.24,0.368,0.489,0.857,670242,2023
Taylor Walls,26,1089,Maj-AL,TBR,101,355,309,50,63,12,2,8,36,44,0,93,1,1,0,2,22,1,0.204,0.305,0.333,0.638,670764,2023
Jared Walsh,29,1096,Maj-AL,LAD,39,116,104,10,13,4,0,4,11,11,0,45,1,0,0,1,0,0,0.125,0.216,0.279,0.494,665120,2023
Taylor Ward,29,1156,Maj-AL,LAD,97,409,356,60,90,18,0,14,47,39,0,80,8,0,6,9,4,2,0.253,0.335,0.421,0.756,621493,2023
Drew Waters,24,1093,Maj-AL,KCR,98,337,302,40,69,11,5,8,32,27,0,107,5,0,3,4,16,5,0.228,0.3,0.377,0.677,671221,2023
Austin Wells,23,1092,Maj-AL,NYY,19,75,70,8,16,6,0,4,13,3,0,14,0,0,1,3,0,0,0.229,0.257,0.486,0.742,669224,2023
Joey Wendle,33,1092,Maj-NL,MIA,112,318,297,33,63,16,3,2,20,13,0,67,2,3,3,8,7,1,0.212,0.248,0.306,0.554,621563,2023
Jordan Westburg,24,1083,Maj-AL,BAL,71,237,217,28,56,18,2,3,23,16,0,60,1,0,3,3,4,1,0.258,0.308,0.401,0.709,676059,2023
Eli White,29,1254,Maj-NL,ATL,6,17,14,1,1,0,0,0,0,2,0,7,1,0,0,0,0,0,0.071,0.235,0.071,0.307,642201,2023
Joey Wiemer,24,1107,Maj-NL,MIL,132,410,367,48,75,19,0,13,42,36,0,116,5,0,2,4,11,4,0.204,0.283,0.362,0.645,686894,2023
Luke Williams,26,1094,Maj-NL,"ATL,LAD",11,19,19,1,1,0,0,0,0,0,0,7,0,0,0,0,4,0,0.053,0.053,0.053,0.105,663897,2023
Weston Wilson,28,1092,Maj-NL,PHI,8,22,16,5,5,0,0,1,2,6,0,5,0,0,0,0,3,1,0.313,0.5,0.5,1.0,642215,2023
Jesse Winker,29,1089,Maj-NL,MIL,62,199,168,16,33,5,0,1,23,26,0,52,4,0,1,0,0,0,0.196,0.317,0.244,0.561,608385,2023
Masyn Winn,21,1092,Maj-NL,STL,37,137,122,8,21,2,0,2,12,10,0,26,0,2,3,1,2,1,0.172,0.23,0.238,0.467,691026,2023
Patrick Wisdom,31,1092,Maj-NL,CHC,97,302,268,43,55,8,1,23,46,30,0,111,2,1,1,4,4,2,0.205,0.289,0.5,0.789,621550,2023
Bobby Witt Jr.,23,1092,Maj-AL,KCR,158,694,641,97,177,28,11,30,96,40,1,121,4,1,8,11,49,15,0.276,0.319,0.495,0.813,677951,2023
Connor Wong,27,1092,Maj-AL,BOS,126,403,371,55,87,25,2,9,36,22,0,134,6,3,1,4,8,2,0.235,0.288,0.385,0.673,657136,2023
Kolten Wong,32,1082,"Maj-AL,Maj-NL","LAD,SEA",90,254,227,25,41,6,0,4,27,19,0,53,5,0,3,1,3,2,0.181,0.256,0.26,0.516,543939,2023
Austin Wynns,32,1092,Maj-NL,"Colorado,LAD,San Francisco",51,145,130,11,27,6,0,1,10,9,0,39,2,3,1,4,1,0,0.208,0.268,0.277,0.545,642851,2023
Christian Yelich,31,1089,Maj-NL,MIL,146,642,558,108,157,35,1,19,76,80,7,141,3,0,1,15,29,3,0.281,0.374,0.45,0.824,592885,2023
Juan Yepez,25,1093,Maj-NL,STL,28,65,60,5,11,1,0,2,2,4,0,20,1,0,0,0,0,1,0.183,0.246,0.3,0.546,660766,2023
Masataka Yoshida,29,1092,Maj-AL,BOS,140,580,537,71,155,33,3,15,72,34,0,81,7,0,2,20,8,0,0.289,0.338,0.445,0.783,807799,2023
Jared Young,27,1092,Maj-NL,CHC,16,47,43,8,8,0,3,2,8,3,0,13,1,0,0,1,2,0,0.186,0.255,0.465,0.72,676724,2023
Seby Zavala,29,1092,"Maj-AL,Maj-NL","ARI,CHC",73,193,175,17,30,4,0,7,18,12,0,70,2,2,2,4,1,0,0.171,0.23,0.314,0.545,664874,2023
Mike Zunino,32,1201,Maj-AL,CLE,42,140,124,11,22,7,0,3,11,15,0,61,1,0,0,3,0,0,0.177,0.271,0.306,0.578,572287,2023
Jos\xc3\xa9 Abreu,37,837,Maj-AL,HOU,35,120,113,10,14,2,0,2,7,4,0,28,2,0,1,4,0,0,0.124,0.167,0.195,0.361,547989,2024
Wilyer Abreu,25,728,Maj-AL,BOS,132,446,398,59,101,33,2,15,58,40,0,125,3,0,5,7,8,3,0.254,0.323,0.46,0.783,677800,2024
Luisangel Acu\xc3\xb1a,22,714,Maj-NL,NYY,17,43,42,6,12,2,1,3,6,1,0,8,0,0,0,1,0,1,0.286,0.302,0.595,0.898,682668,2024
Ronald Acu\xc3\xb1a Jr.,26,854,Maj-NL,ATL,49,222,192,38,48,8,1,4,15,27,0,53,3,0,0,4,16,3,0.25,0.351,0.365,0.716,660670,2024
Willy Adames,28,724,Maj-NL,MIL,164,700,621,94,155,33,0,32,112,75,3,176,1,0,3,12,22,4,0.25,0.33,0.457,0.787,642715,2024
Jordyn Adams,24,731,Maj-AL,LAD,11,38,35,4,8,0,0,1,4,3,0,12,0,0,0,1,2,0,0.229,0.289,0.314,0.604,677941,2024
Jo Adell,25,751,Maj-AL,LAD,130,451,405,54,84,15,2,20,62,35,1,126,7,0,3,9,15,10,0.207,0.28,0.402,0.682,666176,2024
Ehire Adrianza,34,872,Maj-AL,LAD,8,28,26,4,5,1,0,1,2,2,0,11,0,0,0,1,0,0,0.192,0.25,0.346,0.596,501303,2024
Nick Ahmed,34,728,Maj-NL,"LAD,SDP,San Francisco",71,228,210,20,48,6,1,2,17,11,0,51,1,3,3,6,2,1,0.229,0.267,0.295,0.562,605113,2024
Ozzie Albies,27,725,Maj-NL,ATL,101,443,407,52,101,29,1,10,53,27,0,69,5,0,4,6,9,1,0.248,0.3,0.398,0.698,645277,2024
Kevin Alc\xc3\xa1ntara,21,728,Maj-NL,CHC,3,10,10,1,1,0,0,0,0,0,0,1,0,0,0,0,0,0,0.1,0.1,0.1,0.2,682634,2024
Blaze Alexander,25,770,Maj-NL,ARI,61,185,166,19,41,7,0,3,21,15,0,49,3,1,0,1,3,1,0.247,0.321,0.343,0.664,677942,2024
CJ Alexander,27,817,Maj-AL,KCR,4,8,8,0,1,0,0,0,0,0,0,3,0,0,0,0,0,0,0.125,0.125,0.125,0.25,680769,2024
Pete Alonso,29,707,Maj-NL,NYM,175,753,652,101,158,32,0,38,98,82,5,187,14,0,5,16,5,0,0.242,0.337,0.466,0.804,624413,2024
Jose Altuve,34,725,Maj-AL,HOU,155,690,635,94,186,31,0,20,66,47,2,121,7,0,1,15,22,7,0.293,0.348,0.436,0.784,514888,2024
Eddy Alvarez,34,727,Maj-NL,NYM,12,11,9,2,0,0,0,0,0,1,0,2,1,0,0,0,0,0,0.0,0.182,0.0,0.182,657193,2024
Francisco Alvarez,22,707,Maj-NL,NYM,113,389,351,43,84,15,2,11,50,32,0,99,3,0,3,8,1,1,0.239,0.306,0.387,0.693,682626,2024
Nacho Alvarez Jr.,21,789,Maj-NL,ATL,8,32,30,1,3,0,0,0,0,0,0,10,2,0,0,1,0,0,0.1,0.156,0.1,0.256,805373,2024
Yordan Alvarez,27,725,Maj-AL,HOU,149,643,559,88,172,35,2,35,86,70,16,96,10,0,4,14,6,0,0.308,0.392,0.565,0.957,670541,2024
Jacob Amaya,25,728,Maj-AL,"CHC,HOU",24,72,68,4,12,1,0,0,3,4,0,28,0,0,0,3,1,0,0.176,0.222,0.191,0.413,676070,2024
Miguel Amaya,25,729,Maj-NL,CHC,117,363,328,32,76,13,2,8,47,23,0,62,4,5,3,5,0,0,0.232,0.288,0.357,0.644,665804,2024
Brian Anderson,31,837,Maj-NL,ATL,3,5,5,0,0,0,0,0,0,0,0,2,0,0,0,1,0,0,0.0,0.0,0.0,0.0,605119,2024
Tim Anderson,31,819,Maj-NL,MIA,65,241,234,16,50,3,0,0,9,7,0,68,0,0,0,6,4,4,0.214,0.237,0.226,0.463,641313,2024
Jonathan Aranda,26,728,Maj-AL,TBR,44,143,128,22,30,7,0,6,14,12,0,32,2,0,1,2,0,0,0.234,0.308,0.43,0.737,666018,2024
Orlando Arcia,29,725,Maj-NL,ATL,159,608,557,51,121,24,0,17,46,41,1,130,2,1,7,16,2,0,0.217,0.27,0.352,0.622,606115,2024
Nolan Arenado,33,730,Maj-NL,STL,152,635,578,70,157,23,0,16,71,44,2,92,5,0,7,15,2,2,0.272,0.325,0.394,0.719,571448,2024
Gabriel Arias,24,809,Maj-AL,CLE,53,161,153,15,34,9,1,3,15,6,0,53,1,0,1,4,5,2,0.222,0.255,0.353,0.608,672356,2024
Randy Arozarena,29,728,Maj-AL,"SEA,TBR",154,648,549,77,120,33,0,20,60,73,0,169,22,0,4,7,20,10,0.219,0.332,0.388,0.72,668227,2024
Luis Arraez,27,716,Maj-NL,"MIA,SDP",157,703,668,87,207,32,3,4,46,24,3,30,8,2,1,20,9,3,0.31,0.341,0.385,0.726,650333,2024
Jos\xc3\xa9 Az\xc3\xb3car,28,827,Maj-NL,SDP,61,79,73,13,16,2,0,0,2,5,0,19,0,1,0,1,5,1,0.219,0.269,0.247,0.516,640492,2024
Akil Baddoo,25,773,Maj-AL,DET,31,82,73,7,10,2,2,2,5,8,0,27,0,0,1,0,1,0,0.137,0.22,0.301,0.521,668731,2024
Harrison Bader,30,710,Maj-NL,NYM,148,446,411,60,96,19,0,12,51,21,1,98,8,0,6,6,19,8,0.234,0.28,0.367,0.648,664056,2024
Javier B\xc3\xa1ez,31,766,Maj-AL,DET,80,289,272,25,50,12,0,6,37,12,1,69,2,0,3,10,8,1,0.184,0.221,0.294,0.516,595879,2024
Luken Baker,27,728,Maj-NL,STL,21,49,40,3,7,1,1,2,10,7,0,11,0,0,2,1,1,0,0.175,0.286,0.4,0.686,663609,2024
Brooks Baldwin,23,754,Maj-AL,CHC,33,121,114,9,24,6,0,2,8,6,0,31,0,1,0,1,4,0,0.211,0.25,0.316,0.566,681460,2024
David Ba\xc3\xb1uelos,27,894,Maj-AL,BAL,1,1,1,0,0,0,0,0,0,0,0,0,0,0,0,0,0,0,0.0,0.0,0.0,0.0,675915,2024
Addison Barger,24,728,Maj-AL,TOR,68,222,205,20,40,10,0,7,27,14,0,58,1,0,1,1,2,0,0.195,0.249,0.346,0.595,680718,2024
Austin Barnes,34,728,Maj-NL,LAD,54,156,140,12,37,3,0,1,11,14,0,36,0,2,0,3,3,0,0.264,0.331,0.307,0.638,605131,2024
Tucker Barnhart,33,819,Maj-NL,ARI,31,96,81,13,14,3,0,0,6,13,0,31,0,2,0,0,1,0,0.173,0.287,0.21,0.497,571466,2024
Jorge Barrosa,23,752,Maj-NL,ARI,8,18,17,3,3,2,0,0,1,0,0,2,0,1,0,0,1,0,0.176,0.176,0.294,0.471,678489,2024
Matthew Batten,29,893,Maj-NL,SDP,1,3,3,0,1,0,1,0,0,0,0,0,0,0,0,0,0,0,0.333,0.333,1.0,1.333,676946,2024
Brett Baty,24,840,Maj-NL,NYM,50,171,153,15,35,3,0,4,16,16,1,42,1,1,0,3,0,0,0.229,0.306,0.327,0.633,683146,2024
Jake Bauers,28,724,Maj-NL,MIL,118,352,308,46,62,9,2,13,44,39,1,121,5,0,0,0,13,1,0.201,0.301,0.37,0.671,641343,2024
Josh Bell,31,729,Maj-NL,"ARI,MIA",145,603,538,62,134,23,2,19,71,51,1,120,6,0,3,22,0,1,0.249,0.319,0.405,0.725,605137,2024
Cody Bellinger,28,729,Maj-NL,CHC,130,569,516,72,137,23,3,18,78,45,7,89,3,0,5,10,9,2,0.266,0.325,0.426,0.751,641355,2024
Andrew Benintendi,29,729,Maj-AL,CHC,135,522,477,50,109,20,0,20,64,41,1,96,1,0,3,12,3,2,0.229,0.289,0.396,0.685,643217,2024
Will Benson,26,730,Maj-NL,CIN,128,388,343,41,64,19,2,14,43,40,0,154,2,1,2,3,16,7,0.187,0.274,0.376,0.65,666181,2024
Steward Berroa,25,728,Maj-AL,TOR,28,45,37,7,7,1,0,0,1,8,0,14,0,0,0,0,6,2,0.189,0.333,0.216,0.55,672642,2024
Jon Berti,34,710,Maj-AL,NYY,28,86,77,10,20,0,0,1,6,7,0,17,1,1,0,3,5,1,0.26,0.329,0.299,0.628,542932,2024
Christian Bethancourt,32,728,Maj-NL,"CHC,MIA",62,147,139,18,29,7,0,5,22,5,0,36,1,2,0,2,3,0,0.209,0.241,0.367,0.608,542194,2024
Mookie Betts,31,697,Maj-NL,LAD,132,591,512,89,148,29,5,23,91,72,5,67,1,0,6,11,18,2,0.289,0.374,0.5,0.874,605141,2024
Bo Bichette,26,740,Maj-AL,TOR,81,336,311,29,70,16,1,4,31,20,1,64,3,0,2,12,5,1,0.225,0.277,0.322,0.598,666182,2024
Cavan Biggio,29,738,"Maj-AL,Maj-NL","ATL,LAD,TOR",78,224,188,27,37,5,0,5,19,24,0,72,8,2,0,1,2,0,0.197,0.314,0.303,0.617,624415,2024
Tyler Black,23,767,Maj-NL,MIL,18,57,49,4,10,2,0,0,2,7,0,17,1,0,0,0,3,0,0.204,0.316,0.245,0.561,672012,2024
Dairon Blanco,31,729,Maj-AL,KCR,88,132,120,37,31,4,0,4,13,8,0,32,1,1,1,2,31,7,0.258,0.308,0.392,0.699,680118,2024
Ryan Bliss,24,779,Maj-AL,SEA,33,71,63,10,14,3,1,2,9,5,0,22,1,2,0,1,5,3,0.222,0.29,0.397,0.687,669208,2024
Xander Bogaerts,31,716,Maj-NL,SDP,118,489,452,52,117,16,1,12,48,30,0,82,1,0,6,13,13,3,0.259,0.303,0.378,0.681,593428,2024
Alec Bohm,27,718,Maj-NL,PHI,147,620,567,62,156,44,2,15,97,41,2,86,6,0,6,18,5,2,0.275,0.327,0.439,0.767,664761,2024
David Bote,31,766,Maj-NL,CHC,36,48,46,4,14,4,0,0,6,2,0,13,0,0,0,1,0,0,0.304,0.333,0.391,0.725,623520,2024
Rob Brantly,34,765,Maj-AL,TBR,3,9,9,0,1,0,0,0,0,0,0,2,0,0,0,0,0,0,0.111,0.111,0.111,0.222,542963,2024
Alex Bregman,30,725,Maj-AL,HOU,147,642,589,79,154,30,2,26,75,44,1,86,5,0,4,13,3,1,0.261,0.316,0.452,0.768,608324,2024
Will Brennan,26,709,Maj-AL,CLE,120,365,342,37,89,15,2,8,31,19,2,52,3,0,1,9,4,2,0.26,0.304,0.386,0.69,686823,2024
Jonah Bride,28,728,Maj-NL,MIA,71,272,232,30,64,10,0,11,39,30,1,55,3,0,7,9,0,1,0.276,0.357,0.461,0.818,681146,2024
Vidal Bruj\xc3\xa1n,26,730,Maj-NL,MIA,102,278,248,32,55,14,2,2,16,25,3,54,4,1,0,5,5,6,0.222,0.303,0.319,0.622,660644,2024
Jake Burger,28,728,Maj-NL,MIA,137,579,535,68,134,23,1,29,76,31,2,150,9,0,4,11,1,1,0.25,0.301,0.46,0.76,669394,2024
Alec Burleson,25,728,Maj-NL,STL,152,595,547,71,147,20,0,21,78,35,0,76,4,1,6,8,9,4,0.269,0.314,0.42,0.735,676475,2024
Michael Busch,26,728,Maj-NL,CHC,152,567,496,73,123,28,2,21,65,63,1,162,4,0,4,9,2,1,0.248,0.335,0.44,0.775,683737,2024
Byron Buxton,30,730,Maj-AL,MIN,102,388,355,62,99,27,3,18,56,20,1,99,11,0,2,3,7,2,0.279,0.335,0.524,0.859,621439,2024
Jos\xc3\xa9 Caballero,27,728,Maj-AL,TBR,139,483,441,53,100,24,1,9,44,27,1,133,9,3,3,6,44,16,0.227,0.283,0.347,0.63,676609,2024
Trey Cabbage,27,767,Maj-AL,HOU,45,91,86,12,18,8,0,1,8,4,0,34,1,0,0,1,1,1,0.209,0.253,0.337,0.59,663550,2024
Oswaldo Cabrera,25,708,Maj-AL,NYY,111,335,305,47,75,12,0,8,36,24,0,66,1,2,3,6,4,2,0.246,0.3,0.364,0.664,665828,2024
Willie Calhoun,29,774,Maj-AL,LAD,68,254,229,26,56,16,0,5,20,23,1,31,1,0,1,5,0,1,0.245,0.315,0.38,0.695,641432,2024
Jair Camargo,24,797,Maj-AL,MIN,5,7,6,1,0,0,0,0,0,1,0,3,0,0,0,0,0,0,0.0,0.143,0.0,0.143,665856,2024
Junior Caminero,20,728,Maj-AL,TBR,43,177,165,15,41,9,1,6,18,11,2,38,1,0,0,2,2,0,0.248,0.299,0.424,0.724,691406,2024
Gustavo Campero,26,728,Maj-AL,LAD,13,48,46,6,11,0,1,1,6,0,0,8,2,0,0,0,3,0,0.239,0.271,0.348,0.619,672569,2024
Luis Campusano,25,750,Maj-NL,SDP,91,299,277,37,63,13,0,8,40,20,0,41,1,0,1,11,0,0,0.227,0.281,0.361,0.642,669134,2024
Alexander Canario,24,806,Maj-NL,CHC,15,28,25,4,7,1,0,1,2,2,0,11,1,0,0,0,1,0,0.28,0.357,0.44,0.797,672744,2024
Jeimer Candelario,30,769,Maj-NL,CIN,112,463,427,47,96,23,2,20,56,27,1,114,6,0,3,7,4,3,0.225,0.279,0.429,0.707,600869,2024
Mark Canha,35,729,"Maj-AL,Maj-NL","DET,San Francisco",125,462,393,46,95,20,0,7,42,51,2,96,13,0,5,10,7,0,0.242,0.344,0.346,0.69,592192,2024
Dominic Canzone,26,762,Maj-AL,SEA,67,188,168,20,33,7,0,8,17,18,2,53,0,0,2,5,1,0,0.196,0.271,0.381,0.652,686527,2024
Conner Capel,27,864,Maj-NL,CIN,5,8,8,1,2,0,0,0,0,0,0,2,0,0,0,0,1,0,0.25,0.25,0.25,0.5,668843,2024
Vinny Capra,27,810,Maj-NL,MIL,3,9,9,1,1,1,0,0,0,0,0,3,0,0,0,1,0,0,0.111,0.111,0.222,0.333,681962,2024
Victor Caratini,30,725,Maj-AL,HOU,89,282,251,31,67,8,1,8,30,23,1,56,5,0,3,6,0,1,0.267,0.337,0.402,0.739,605170,2024
Dylan Carlson,25,728,"Maj-AL,Maj-NL","STL,TBR",96,265,235,19,49,7,0,3,25,22,0,75,5,0,3,2,2,1,0.209,0.287,0.277,0.563,666185,2024
Kerry Carpenter,26,715,Maj-AL,DET,94,316,283,40,80,16,5,19,61,23,2,82,4,0,3,6,0,2,0.283,0.342,0.576,0.918,681481,2024
Matt Carpenter,38,728,Maj-NL,STL,58,157,137,15,32,7,0,4,15,15,0,51,2,0,2,0,0,2,0.234,0.314,0.372,0.686,572761,2024
Corbin Carroll,23,728,Maj-NL,ARI,158,684,589,121,136,22,14,22,74,73,0,130,10,3,9,3,35,8,0.231,0.322,0.428,0.749,682998,2024
Evan Carter,21,854,Maj-AL,TEX,45,162,144,23,27,6,2,5,15,15,0,43,2,0,1,1,2,0,0.188,0.272,0.361,0.633,694497,2024
Triston Casas,24,728,Maj-AL,BOS,62,240,210,28,51,8,0,13,32,29,4,75,1,0,0,6,0,1,0.243,0.338,0.467,0.804,671213,2024
Nick Castellanos,32,718,Maj-NL,PHI,166,676,623,82,161,31,4,24,89,41,2,142,10,0,2,14,6,2,0.258,0.314,0.437,0.75,592206,2024
Diego Castillo,26,796,Maj-AL,MIN,4,8,6,3,2,1,0,0,2,2,0,1,0,0,0,0,0,0,0.333,0.5,0.5,1.0,660636,2024
Luis Castillo,31,819,Maj-AL,SEA,1,1,1,0,0,0,0,0,0,0,0,1,0,0,0,0,0,0,0.0,0.0,0.0,0.0,622491,2024
Willi Castro,27,729,Maj-AL,MIN,158,635,558,89,138,31,5,12,60,51,0,150,21,1,4,8,14,9,0.247,0.331,0.385,0.717,650489,2024
Jazz Chisholm Jr.,26,697,"Maj-AL,Maj-NL","MIA,NYY",161,682,617,79,154,22,4,26,75,57,5,166,5,1,2,6,46,11,0.25,0.317,0.425,0.742,665862,2024
Jackson Chourio,20,724,Maj-NL,MIL,151,585,539,83,150,29,4,23,82,40,4,122,3,1,2,7,23,7,0.278,0.33,0.475,0.805,694192,2024
Jonatan Clase,22,728,Maj-AL,"SEA,TOR",26,66,61,7,15,2,0,1,5,3,0,17,2,0,0,1,3,1,0.246,0.303,0.328,0.631,682729,2024
Kody Clemens,28,718,Maj-NL,PHI,47,125,119,17,27,10,1,5,19,5,0,31,1,0,0,2,0,0,0.227,0.264,0.454,0.718,665019,2024
Ernie Clement,28,728,Maj-AL,TOR,138,452,434,47,114,21,3,12,51,11,1,41,3,2,2,11,12,3,0.263,0.284,0.408,0.692,676391,2024
Oscar Col\xc3\xa1s,25,828,Maj-AL,CHC,13,38,33,1,9,0,0,0,4,4,0,10,1,0,0,0,0,1,0.273,0.368,0.273,0.641,693049,2024
Isaac Collins,26,728,Maj-NL,MIL,11,19,17,0,2,0,0,0,0,2,0,10,0,0,0,0,1,0,0.118,0.211,0.118,0.328,686555,2024
Griffin Conine,26,728,Maj-NL,MIA,30,89,82,14,22,4,1,3,12,6,0,28,1,0,0,1,0,0,0.268,0.326,0.451,0.777,665052,2024
William Contreras,26,724,Maj-NL,MIL,158,691,607,99,169,37,2,23,94,78,5,142,3,0,3,20,9,2,0.278,0.362,0.46,0.821,661388,2024
Willson Contreras,32,764,Maj-NL,STL,84,358,301,48,79,17,0,15,36,45,2,96,12,0,0,7,4,1,0.262,0.38,0.468,0.848,575929,2024
Garrett Cooper,33,840,"Maj-AL,Maj-NL","BOS,CHC",36,116,107,6,22,5,1,1,11,7,0,35,2,0,0,3,0,0,0.206,0.267,0.299,0.566,643265,2024
Carlos Correa,29,730,Maj-AL,MIN,86,367,319,55,99,20,2,14,54,40,4,61,3,0,4,5,0,0,0.31,0.388,0.517,0.905,621043,2024
Colton Cowser,24,725,Maj-AL,BAL,155,568,506,77,122,24,3,24,69,52,2,175,7,0,3,9,9,4,0.241,0.319,0.443,0.761,681297,2024
Brandon Crawford,37,778,Maj-NL,STL,28,80,71,5,12,5,0,1,4,8,0,26,1,0,0,0,0,0,0.169,0.263,0.282,0.544,543063,2024
J.P. Crawford,29,728,Maj-AL,SEA,105,451,392,55,79,16,2,9,37,52,0,102,6,0,1,4,5,0,0.202,0.304,0.321,0.625,641487,2024
Jake Cronenworth,30,716,Maj-NL,SDP,162,681,599,74,142,29,4,17,83,63,0,127,12,1,3,19,5,2,0.237,0.321,0.384,0.705,630105,2024
Pete Crow-Armstrong,22,728,Maj-NL,CHC,123,410,372,46,88,13,6,10,47,21,2,98,6,8,3,4,27,3,0.237,0.286,0.384,0.67,691718,2024
Travis d\'Arnaud,35,725,Maj-NL,ATL,101,346,312,40,74,17,0,15,48,24,0,90,6,0,4,8,1,0,0.237,0.301,0.436,0.736,518595,2024
David Dahl,30,813,Maj-NL,PHI,19,62,58,6,12,2,0,3,8,3,0,21,0,0,1,0,0,0,0.207,0.242,0.397,0.638,621311,2024
Bobby Dalbec,29,828,Maj-AL,BOS,37,93,83,6,11,2,0,1,8,8,0,43,1,1,0,1,3,0,0.133,0.217,0.193,0.41,666915,2024
J.D. Davis,31,795,Maj-AL,"NYY,Oakland",46,157,142,13,31,5,0,4,6,12,0,39,3,0,0,5,0,0,0.218,0.293,0.338,0.631,605204,2024
Bryan De La Cruz,27,730,Maj-NL,"MIA,Pittsburgh",149,622,584,61,136,25,0,21,68,29,1,170,3,0,5,10,5,2,0.233,0.271,0.384,0.654,650559,2024
Elly De La Cruz,22,728,Maj-NL,CIN,160,696,618,105,160,36,10,25,76,69,2,218,6,2,1,12,67,16,0.259,0.339,0.471,0.809,682829,2024
Luis De Los Santos,26,728,Maj-AL,TOR,13,31,29,2,5,2,0,0,1,2,0,10,0,0,0,2,0,0,0.172,0.226,0.241,0.467,665782,2024
Paul DeJong,30,729,Maj-AL,"CHC,KCR",139,482,445,54,101,17,0,24,56,23,0,156,9,0,5,9,2,2,0.227,0.276,0.427,0.703,657557,2024
Adrian Del Castillo,24,742,Maj-NL,ARI,25,87,80,12,25,5,0,4,19,7,0,28,0,0,0,1,1,1,0.313,0.368,0.525,0.893,680728,2024
Zach DeLoach,25,728,Maj-AL,CHC,22,75,67,10,14,5,0,1,5,8,0,21,0,0,0,0,0,1,0.209,0.293,0.328,0.622,676113,2024
Jonny DeLuca,25,728,Maj-AL,TBR,107,362,332,29,72,12,4,6,31,24,1,77,4,2,0,1,16,6,0.217,0.278,0.331,0.609,676356,2024
Jos\xc3\xa9 Devers,24,747,Maj-NL,MIA,3,4,4,1,1,0,0,0,0,0,0,1,0,0,0,0,0,0,0.25,0.25,0.25,0.5,672701,2024
Rafael Devers,27,737,Maj-AL,BOS,138,598,522,87,143,34,5,28,83,67,14,146,3,0,6,13,3,0,0.274,0.356,0.519,0.875,646240,2024
Zach Dezenzo,24,729,Maj-AL,HOU,19,65,62,5,15,2,0,2,8,3,0,22,0,0,0,3,0,0,0.242,0.277,0.371,0.648,701305,2024
Aledmys D\xc3\xadaz,33,796,Maj-AL,"HOU,Oakland",14,34,33,2,3,0,0,0,1,1,0,9,0,0,0,0,0,0,0.091,0.118,0.091,0.209,649557,2024
Elias D\xc3\xadaz,33,722,Maj-NL,"Colorado,SDP",97,352,326,27,86,20,0,6,39,20,2,70,4,0,2,15,0,0,0.264,0.313,0.38,0.693,553869,2024
Yainer Diaz,25,725,Maj-AL,HOU,150,627,592,70,177,29,3,16,85,25,1,108,2,0,8,23,2,0,0.299,0.325,0.439,0.765,673237,2024
Yandy D\xc3\xadaz,32,729,Maj-AL,TBR,145,621,563,55,158,31,1,14,65,50,0,95,4,0,4,12,0,0,0.281,0.341,0.414,0.755,650490,2024
Dillon Dingler,25,729,Maj-AL,DET,27,87,84,2,14,5,2,1,11,3,0,30,0,0,0,2,0,0,0.167,0.195,0.31,0.505,693307,2024
Jasson Dom\xc3\xadnguez,21,728,Maj-AL,NYY,18,67,56,8,10,1,0,2,4,11,0,19,0,0,0,0,5,0,0.179,0.313,0.304,0.617,691176,2024
Brendan Donovan,27,728,Maj-NL,STL,153,652,587,65,163,34,3,14,73,47,0,81,13,0,5,4,5,5,0.278,0.342,0.417,0.759,680977,2024
Logan Driscoll,26,728,Maj-AL,TBR,15,37,35,2,6,0,0,1,5,1,0,6,0,0,1,0,0,0,0.171,0.189,0.257,0.446,686482,2024
Brandon Drury,31,728,Maj-AL,LAD,97,360,325,28,55,7,0,4,15,27,0,81,5,0,3,13,1,0,0.169,0.242,0.228,0.469,592273,2024
Mauricio Dub\xc3\xb3n,29,725,Maj-AL,HOU,139,433,407,45,110,25,0,4,47,16,0,55,2,3,5,6,3,2,0.27,0.298,0.361,0.659,643289,2024
Matt Duffy,33,729,Maj-AL,TEX,4,10,7,2,2,0,0,0,0,2,0,1,1,0,0,0,0,0,0.286,0.5,0.286,0.786,622110,2024
Blake Dunn,25,728,Maj-NL,CIN,19,29,26,8,4,1,0,1,1,2,0,11,1,0,0,1,2,0,0.154,0.241,0.308,0.549,694362,2024
Oliver Dunn,26,837,Maj-NL,MIL,41,104,95,11,21,2,2,1,7,6,0,40,2,1,0,1,3,0,0.221,0.282,0.316,0.597,686554,2024
Ezequiel Duran,25,728,Maj-AL,TEX,92,285,268,26,66,11,0,3,20,14,0,63,2,0,1,6,1,2,0.246,0.288,0.321,0.609,677649,2024
Jarren Duran,27,728,Maj-AL,BOS,160,732,668,110,190,48,14,20,74,54,1,159,6,1,3,6,34,7,0.284,0.342,0.488,0.83,680776,2024
Adam Duvall,35,738,Maj-NL,ATL,104,330,303,29,55,10,0,11,30,21,0,99,5,0,1,6,0,0,0.182,0.245,0.323,0.569,594807,2024
Tommy Edman,29,697,Maj-NL,LAD,53,220,200,31,53,10,1,8,33,14,0,40,1,2,3,3,11,0,0.265,0.312,0.445,0.757,669242,2024
Xavier Edwards,24,728,Maj-NL,MIA,70,303,265,39,87,12,5,1,26,33,1,52,0,1,4,0,31,4,0.328,0.397,0.423,0.82,669364,2024
Duke Ellis,26,749,Maj-AL,"CHC,NYY",11,5,5,1,1,0,0,0,0,0,0,2,0,0,0,0,5,0,0.2,0.2,0.2,0.4,668752,2024
Christian Encarnacion-Strand,24,873,Maj-NL,CIN,29,123,116,13,22,6,0,2,16,4,0,35,1,0,2,4,0,0,0.19,0.22,0.293,0.513,687952,2024
Santiago Espinal,29,729,Maj-NL,CIN,118,391,357,32,88,12,0,9,45,24,1,54,2,4,4,7,11,1,0.246,0.295,0.356,0.65,669289,2024
Sandro Fabian,26,732,Maj-AL,TEX,3,5,5,0,0,0,0,0,0,0,0,0,0,0,0,0,0,0,0.0,0.0,0.0,0.0,660758,2024
Stuart Fairchild,28,763,Maj-NL,CIN,93,233,209,33,45,8,0,8,30,17,0,60,4,2,1,1,13,1,0.215,0.286,0.368,0.654,656413,2024
Kyle Farmer,33,728,Maj-AL,MIN,107,242,215,26,46,13,1,5,25,19,1,49,6,0,2,6,3,5,0.214,0.293,0.353,0.647,571657,2024
Hunter Feduccia,27,736,Maj-NL,LAD,5,14,12,2,4,0,0,0,1,2,0,2,0,0,0,1,0,0,0.333,0.429,0.333,0.762,676439,2024
Freddy Fermin,29,728,Maj-AL,KCR,111,368,339,40,92,14,0,6,36,23,1,66,2,1,3,10,2,0,0.271,0.319,0.366,0.685,666023,2024
Jos\xc3\xa9 Ferm\xc3\xadn,25,728,Maj-NL,STL,45,79,71,7,11,1,1,0,4,7,0,11,1,0,0,3,2,1,0.155,0.241,0.197,0.438,665877,2024
David Fletcher,30,886,Maj-NL,ATL,5,9,8,0,2,0,0,0,2,0,0,1,0,0,1,0,0,0,0.25,0.222,0.25,0.472,664058,2024
Dominic Fletcher,26,728,Maj-AL,CHC,72,241,223,14,46,8,0,1,17,11,1,58,3,2,1,5,0,0,0.206,0.252,0.256,0.508,666150,2024
Estevan Florial,26,853,Maj-AL,CLE,36,111,98,11,17,6,2,3,11,11,0,41,1,1,0,2,2,1,0.173,0.264,0.367,0.631,664314,2024
Mike Ford,31,852,Maj-NL,CIN,17,62,60,2,9,0,1,1,4,2,0,15,0,0,0,1,0,0,0.15,0.177,0.233,0.411,645801,2024
Nick Fortes,27,728,Maj-NL,MIA,110,335,308,28,70,16,0,4,29,11,0,41,4,7,5,6,0,1,0.227,0.259,0.318,0.577,663743,2024
Justin Foscue,25,732,Maj-AL,TEX,15,44,42,3,2,1,0,0,1,2,0,18,0,0,0,0,0,0,0.048,0.091,0.071,0.162,679822,2024
Jake Fraley,29,728,Maj-NL,CIN,114,382,350,44,97,19,2,5,26,26,0,70,3,0,3,6,20,5,0.277,0.33,0.386,0.716,641584,2024
Ty France,29,728,"Maj-AL,Maj-NL","CIN,SEA",140,535,479,46,112,24,0,13,51,38,0,114,13,0,5,16,1,1,0.234,0.305,0.365,0.67,664034,2024
Adam Frazier,32,718,Maj-AL,KCR,105,297,265,36,54,10,1,4,22,22,0,60,7,3,0,0,3,0,0.204,0.282,0.294,0.577,624428,2024
Freddie Freeman,34,697,Maj-NL,LAD,160,693,594,87,166,35,3,26,102,81,9,107,10,0,8,13,10,2,0.279,0.371,0.48,0.851,518692,2024
Tyler Freeman,25,745,Maj-AL,CLE,117,383,330,48,69,14,1,7,32,28,1,53,19,3,3,15,11,6,0.209,0.305,0.321,0.626,671289,2024
Sal Frelick,24,724,Maj-NL,MIL,148,535,486,68,127,23,4,3,33,39,0,79,4,2,1,8,18,3,0.261,0.321,0.344,0.664,686217,2024
TJ Friedl,28,728,Maj-NL,CIN,85,341,297,35,67,5,1,13,55,26,0,52,12,2,4,1,9,1,0.226,0.31,0.38,0.69,670770,2024
David Fry,28,708,Maj-AL,CLE,132,423,363,48,96,19,1,16,59,44,4,95,9,1,4,14,5,1,0.264,0.355,0.455,0.809,681807,2024
Ben Gamel,32,743,"Maj-AL,Maj-NL","HOU,NYM",38,99,81,22,20,4,0,1,4,18,1,24,0,0,0,0,1,0,0.247,0.384,0.333,0.717,592325,2024
Adolis Garc\xc3\xada,31,729,Maj-AL,TEX,154,637,580,68,130,27,0,25,85,45,2,177,6,0,6,12,11,5,0.224,0.284,0.4,0.684,666969,2024
Aramis Garcia,31,744,Maj-NL,PHI,3,7,7,0,0,0,0,0,0,0,0,3,0,0,0,1,0,0,0.0,0.0,0.0,0.0,605244,2024
Avisa\xc3\xadl Garc\xc3\xada,33,883,Maj-NL,MIA,18,51,50,4,12,1,0,2,2,1,0,13,0,0,0,4,0,0,0.24,0.255,0.38,0.635,541645,2024
Maikel Garcia,24,717,Maj-AL,KCR,163,649,597,85,140,27,5,7,59,43,0,108,0,4,5,7,40,2,0.235,0.284,0.332,0.615,672580,2024
Mitch Garver,33,728,Maj-AL,SEA,114,430,367,37,63,17,0,15,51,53,0,133,7,0,3,9,0,0,0.172,0.286,0.341,0.627,641598,2024
Mickey Gasper,28,728,Maj-AL,BOS,13,23,18,1,0,0,0,0,0,4,0,8,1,0,0,1,0,0,0.0,0.217,0.0,0.217,681508,2024
Tyler Gentry,25,758,Maj-AL,KCR,3,5,5,0,0,0,0,0,0,0,0,2,0,0,0,0,0,0,0.0,0.0,0.0,0.0,694355,2024
Andr\xc3\xa9s Gim\xc3\xa9nez,25,708,Maj-AL,CLE,162,673,620,68,155,24,1,9,64,28,1,110,16,3,6,13,32,5,0.25,0.297,0.335,0.632,665926,2024
Paul Goldschmidt,36,728,Maj-NL,STL,154,654,599,70,147,33,1,22,65,47,2,173,2,0,2,20,11,0,0.245,0.302,0.414,0.716,502671,2024
Yan Gomes,36,831,Maj-NL,CHC,34,96,91,7,14,2,0,2,7,2,0,36,1,1,1,2,0,0,0.154,0.179,0.242,0.421,543228,2024
Romy Gonzalez,27,729,Maj-AL,BOS,88,214,197,25,52,9,1,6,29,12,0,58,1,0,4,5,11,3,0.264,0.304,0.411,0.715,663853,2024
Niko Goodrum,32,867,Maj-AL,"LAD,TBR",13,33,29,2,3,0,0,0,0,3,0,10,0,1,0,0,1,1,0.103,0.188,0.103,0.291,592348,2024
Nick Gordon,28,785,Maj-NL,MIA,95,275,260,29,59,11,1,8,32,11,0,67,1,0,3,5,5,5,0.227,0.258,0.369,0.627,624503,2024
Nolan Gorman,24,768,Maj-NL,STL,107,402,365,42,74,15,0,19,50,34,1,151,1,0,2,2,6,1,0.203,0.271,0.4,0.671,669357,2024
Tristan Gray,28,749,"Maj-AL,Maj-NL","MIA,Oakland",15,31,28,0,3,1,0,0,0,3,0,16,0,0,0,0,0,0,0.107,0.194,0.143,0.336,656484,2024
Riley Greene,23,715,Maj-AL,DET,144,615,538,83,140,28,6,24,75,68,4,161,6,0,2,4,4,2,0.26,0.349,0.468,0.817,682985,2024
Randal Grichuk,32,728,Maj-NL,ARI,106,279,254,40,74,20,2,12,46,20,0,46,3,0,2,5,0,0,0.291,0.348,0.528,0.875,545341,2024
Trent Grisham,27,728,Maj-AL,NYY,76,209,179,21,34,8,0,9,31,22,1,57,4,1,2,5,1,1,0.19,0.29,0.385,0.675,663757,2024
Vaughn Grissom,23,728,Maj-AL,BOS,31,114,105,10,20,3,0,0,6,7,0,24,1,0,1,3,2,0,0.19,0.246,0.219,0.465,687093,2024
Robbie Grossman,34,729,Maj-AL,"CHC,KCR,TEX",87,245,208,21,44,8,0,3,16,34,0,58,1,0,2,8,3,0,0.212,0.322,0.293,0.616,543257,2024
Vladimir Guerrero Jr.,25,728,Maj-AL,TOR,159,694,613,97,198,43,1,30,101,72,12,95,5,0,4,16,2,2,0.323,0.396,0.543,0.939,665489,2024
Luis Guillorme,29,740,"Maj-AL,Maj-NL","ARI,ATL,LAD",77,187,161,14,33,9,1,0,10,23,0,36,0,1,2,7,4,2,0.205,0.301,0.273,0.574,641645,2024
Lourdes Gurriel Jr.,30,728,Maj-NL,ARI,133,553,513,72,143,22,2,18,75,29,1,101,6,0,5,16,7,1,0.279,0.322,0.435,0.757,666971,2024
Yuli Gurriel,40,717,Maj-AL,KCR,24,89,75,11,17,4,0,0,6,12,0,16,0,0,2,2,1,0,0.227,0.326,0.28,0.606,493329,2024
Eric Haase,31,728,Maj-NL,MIL,30,69,66,10,18,1,0,5,14,3,0,28,0,0,0,0,0,0,0.273,0.304,0.515,0.819,606992,2024
Sam Haggerty,30,866,Maj-AL,SEA,8,16,15,1,1,0,0,0,1,1,0,4,0,0,0,0,1,0,0.067,0.125,0.067,0.192,664059,2024
David Hamilton,26,760,Maj-AL,BOS,98,316,293,47,73,17,1,8,28,22,0,79,1,0,0,1,33,4,0.249,0.304,0.396,0.7,666152,2024
Garrett Hampson,29,720,Maj-AL,KCR,115,235,216,17,52,13,1,0,19,15,0,59,0,2,2,3,7,2,0.241,0.288,0.31,0.598,641658,2024
Mitch Haniger,33,728,Maj-AL,SEA,121,423,380,42,79,12,0,12,44,40,0,126,2,0,1,10,0,0,0.208,0.286,0.334,0.62,571745,2024
Ian Happ,29,728,Maj-NL,CHC,153,657,569,89,138,34,2,25,86,80,1,168,6,0,2,7,13,2,0.243,0.341,0.441,0.782,664023,2024
Bryce Harper,31,718,Maj-NL,PHI,149,648,562,88,161,44,0,31,90,81,11,143,2,1,2,18,7,4,0.286,0.377,0.53,0.907,547180,2024
Dustin Harris,24,728,Maj-AL,TEX,2,7,6,1,2,1,0,1,3,1,0,2,0,0,0,0,0,0,0.333,0.429,1.0,1.429,687957,2024
Michael Harris II,23,725,Maj-NL,ATL,112,478,448,60,121,15,3,17,50,23,1,95,4,0,3,6,10,6,0.27,0.31,0.431,0.74,671739,2024
Austin Hays,28,719,"Maj-AL,Maj-NL","BAL,PHI",87,259,239,26,60,18,0,5,20,9,1,62,8,1,2,2,2,2,0.251,0.298,0.389,0.688,669720,2024
Austin Hedges,31,709,Maj-AL,CLE,74,160,144,12,21,4,0,2,15,8,0,55,3,3,2,2,2,0,0.146,0.204,0.215,0.419,595978,2024
Jonah Heim,29,728,Maj-AL,TEX,131,491,459,45,101,12,1,13,59,26,0,90,4,0,2,13,1,1,0.22,0.267,0.336,0.602,641680,2024
Tyler Heineman,33,728,Maj-AL,"BOS,TOR",7,16,12,2,1,0,0,0,0,3,0,6,1,0,0,0,0,0,0.083,0.313,0.083,0.396,623168,2024
Michael Helman,28,728,Maj-AL,MIN,9,10,10,2,3,2,0,0,0,0,0,3,0,0,0,0,0,0,0.3,0.3,0.5,0.8,680737,2024
Gunnar Henderson,23,725,Maj-AL,BAL,161,728,637,118,177,31,7,37,92,80,1,163,7,0,4,2,21,4,0.278,0.363,0.523,0.885,683002,2024
David Hensley,28,742,Maj-NL,MIA,23,58,52,9,11,1,0,1,4,6,0,17,0,0,0,0,1,0,0.212,0.293,0.288,0.582,682073,2024
Enrique Hern\xc3\xa1ndez,32,697,Maj-NL,LAD,140,450,413,55,98,16,1,14,48,31,0,88,1,2,3,14,0,1,0.237,0.29,0.383,0.673,571771,2024
Teoscar Hern\xc3\xa1ndez,31,697,Maj-NL,LAD,170,723,649,92,175,33,2,36,111,63,3,203,8,0,2,7,13,3,0.27,0.341,0.493,0.834,606192,2024
Iv\xc3\xa1n Herrera,24,730,Maj-NL,STL,72,259,229,37,69,12,1,5,27,25,0,53,2,0,2,3,5,0,0.301,0.372,0.428,0.8,671056,2024
Jos\xc3\xa9 Herrera,27,733,Maj-NL,ARI,42,114,97,11,22,4,1,1,13,9,0,27,0,7,1,1,0,0,0.227,0.29,0.32,0.609,645444,2024
Jason Heyward,34,725,"Maj-AL,Maj-NL","HOU,LAD",89,261,231,33,48,12,2,10,37,22,2,55,4,0,3,3,5,0,0.208,0.285,0.407,0.692,518792,2024
Brewer Hicklen,28,751,Maj-NL,MIL,3,5,5,0,0,0,0,0,0,0,0,4,0,0,0,0,1,0,0.0,0.0,0.0,0.0,676551,2024
Aaron Hicks,34,882,Maj-AL,LAD,18,63,57,6,8,0,0,1,5,6,0,23,0,0,0,1,0,0,0.14,0.222,0.193,0.415,543305,2024
Kyle Higashioka,34,716,Maj-NL,SDP,91,285,265,32,59,11,1,20,50,16,0,77,0,1,3,3,2,0,0.223,0.264,0.498,0.762,543309,2024
Derek Hill,28,731,"Maj-AL,Maj-NL","MIA,San Francisco,TEX",53,172,162,19,39,4,2,7,25,5,0,56,2,2,1,2,6,2,0.241,0.271,0.42,0.69,656537,2024
Rece Hinds,23,732,Maj-NL,CIN,24,51,46,9,12,4,1,5,11,4,0,16,1,0,0,0,2,0,0.261,0.333,0.717,1.051,677956,2024
Keston Hiura,27,798,Maj-AL,LAD,10,27,27,1,4,0,0,0,1,0,0,10,0,0,0,0,0,1,0.148,0.148,0.148,0.296,669374,2024
Nico Hoerner,27,728,Maj-NL,CHC,151,641,582,86,159,35,1,7,48,44,1,66,12,0,3,8,31,6,0.273,0.335,0.373,0.708,663538,2024
Jackson Holliday,20,728,Maj-AL,BAL,60,208,190,28,36,4,2,5,23,15,0,69,2,0,1,1,4,0,0.189,0.255,0.311,0.565,702616,2024
Spencer Horwitz,26,728,Maj-AL,TOR,97,378,325,46,87,19,0,12,40,42,2,68,7,0,4,8,0,0,0.268,0.36,0.437,0.797,687462,2024
Rhys Hoskins,31,724,Maj-NL,MIL,134,527,458,59,96,14,0,26,83,53,1,152,8,0,6,12,3,0,0.21,0.299,0.41,0.71,656555,2024
Joe Hudson,33,828,Maj-NL,NYM,1,0,0,0,0,0,0,0,0,0,0,0,0,0,0,0,0,0,,,,,621529,2024
Sam Huff,26,832,Maj-AL,TEX,3,4,3,0,0,0,0,0,0,1,0,2,0,0,0,0,0,0,0.0,0.25,0.0,0.25,669087,2024
Cooper Hummel,29,821,Maj-AL,HOU,5,8,8,0,0,0,0,0,0,0,0,2,0,0,0,1,1,0,0.0,0.0,0.0,0.0,669450,2024
Jacob Hurtubise,26,830,Maj-NL,CIN,29,68,54,7,10,1,1,0,4,6,0,18,3,4,1,0,2,0,0.185,0.297,0.241,0.538,674441,2024
Andy Ib\xc3\xa1\xc3\xb1ez,31,715,Maj-AL,DET,106,253,233,30,56,11,1,5,35,15,0,65,3,0,2,2,2,3,0.24,0.292,0.361,0.653,628451,2024
Jose Iglesias,34,710,Maj-NL,NYM,96,337,314,42,101,16,1,4,29,14,1,48,8,0,1,6,6,2,0.322,0.365,0.417,0.782,578428,2024
Jonathan India,27,728,Maj-NL,CIN,151,637,533,84,132,28,2,15,58,80,0,125,15,2,7,16,13,2,0.248,0.357,0.392,0.75,663697,2024
Kyle Isbel,27,717,Maj-AL,KCR,142,443,398,64,91,14,8,8,43,28,0,92,7,8,2,4,11,3,0.229,0.29,0.364,0.654,664728,2024
Alex Jackson,28,758,Maj-AL,TBR,58,155,139,17,17,7,0,3,12,12,0,53,2,1,1,2,1,0,0.122,0.201,0.237,0.439,656577,2024
Travis Jankowski,33,728,Maj-AL,TEX,104,207,190,19,38,5,0,1,12,12,0,44,5,0,0,3,11,1,0.2,0.266,0.242,0.508,608671,2024
Danny Jansen,29,729,Maj-AL,"BOS,TOR",90,320,274,35,56,13,0,9,24,40,0,60,3,0,3,4,0,0,0.204,0.309,0.35,0.66,643376,2024
Ryan Jeffers,27,729,Maj-AL,MIN,122,465,412,56,93,22,0,21,64,32,0,94,14,1,6,9,3,0,0.226,0.3,0.432,0.732,680777,2024
Eloy Jim\xc3\xa9nez,27,736,Maj-AL,"BAL,CHC",98,349,324,25,77,14,0,6,23,22,1,70,2,0,1,13,3,0,0.238,0.289,0.336,0.626,650391,2024
Leo Jimenez,23,730,Maj-AL,TOR,62,206,175,18,41,11,0,4,19,12,0,58,16,0,3,6,0,0,0.234,0.335,0.366,0.701,677870,2024
Bryce Johnson,28,756,Maj-NL,SDP,47,73,63,9,13,2,0,0,4,7,0,12,0,3,0,1,1,1,0.206,0.286,0.238,0.524,669369,2024
Daniel Johnson,28,736,Maj-AL,BAL,1,1,1,1,0,0,0,0,0,0,0,0,0,0,0,0,0,0,0.0,0.0,0.0,0.0,669288,2024
Jahmai Jones,26,792,Maj-AL,NYY,33,47,42,8,10,1,1,1,4,2,0,16,2,1,0,0,1,1,0.238,0.304,0.381,0.685,663330,2024
Levi Jordan,28,819,Maj-NL,CIN,7,11,10,1,1,1,0,0,1,0,0,3,0,0,1,0,0,0,0.1,0.091,0.2,0.291,682119,2024
Aaron Judge,32,697,Maj-AL,NYY,172,768,608,130,189,38,1,61,153,144,21,191,11,0,4,24,12,0,0.311,0.449,0.678,1.126,592450,2024
Edouard Julien,25,728,Maj-AL,MIN,94,301,266,36,53,9,0,8,21,33,0,102,2,0,0,2,6,0,0.199,0.292,0.323,0.616,666397,2024
Corey Julks,28,742,Maj-AL,CHC,66,189,173,17,37,7,0,3,14,15,0,50,0,0,1,6,5,2,0.214,0.275,0.306,0.581,667452,2024
Jace Jung,23,717,Maj-AL,DET,36,97,81,14,19,5,0,0,4,16,0,29,0,0,0,3,0,1,0.235,0.361,0.296,0.657,690291,2024
Josh Jung,26,739,Maj-AL,TEX,46,188,178,19,47,5,1,7,16,8,0,48,1,0,1,1,4,0,0.264,0.298,0.421,0.719,673962,2024
Niko Kavadas,25,728,Maj-AL,LAD,30,106,93,11,17,2,0,4,8,11,0,41,2,0,0,0,1,0,0.183,0.283,0.333,0.616,694359,2024
DaShawn Keirsey Jr.,27,728,Maj-AL,MIN,6,14,13,1,2,0,0,1,1,0,0,1,1,0,0,0,0,0,0.154,0.214,0.385,0.599,680577,2024
Colt Keith,22,715,Maj-AL,DET,155,580,534,57,136,16,4,13,62,42,2,118,2,0,2,4,7,1,0.255,0.31,0.373,0.683,690993,2024
Jarred Kelenic,24,727,Maj-NL,ATL,131,449,412,49,95,18,2,15,45,32,1,133,1,1,3,5,7,2,0.231,0.286,0.393,0.679,672284,2024
Carson Kelly,29,729,Maj-AL,"DET,TEX",91,313,281,32,67,9,1,9,37,25,0,55,6,0,1,6,0,0,0.238,0.313,0.374,0.687,608348,2024
Tony Kemp,32,901,Maj-AL,BAL,5,10,9,1,0,0,0,0,0,1,0,1,0,0,0,0,0,0,0.0,0.1,0.0,0.1,643393,2024
Buddy Kennedy,25,728,"Maj-AL,Maj-NL","DET,PHI",13,26,21,3,4,1,0,1,6,4,0,7,0,0,1,0,1,0,0.19,0.308,0.381,0.689,671083,2024
Max Kepler,31,756,Maj-AL,MIN,105,399,368,43,93,21,1,8,42,22,0,80,5,0,3,3,1,0,0.253,0.302,0.38,0.682,596146,2024
Grae Kessinger,26,729,Maj-AL,HOU,22,25,21,4,0,0,0,0,0,3,0,7,1,0,0,1,0,0,0.0,0.16,0.0,0.16,666197,2024
Kevin Kiermaier,34,710,"Maj-AL,Maj-NL","LAD,TOR",118,283,261,33,51,9,3,5,26,12,0,87,2,7,1,4,6,2,0.195,0.236,0.31,0.546,595281,2024
Ha-Seong Kim,28,770,Maj-NL,SDP,121,470,403,60,94,16,3,11,47,58,4,77,2,4,3,8,22,5,0.233,0.33,0.37,0.7,673490,2024
Isiah Kiner-Falefa,29,729,"Maj-AL,Maj-NL","Pittsburgh,TOR",133,496,465,53,125,18,4,8,43,16,0,78,10,3,2,12,11,2,0.269,0.306,0.376,0.683,643396,2024
Alex Kirilloff,26,838,Maj-AL,MIN,57,178,159,20,32,8,3,5,20,15,0,47,1,0,3,5,0,0,0.201,0.27,0.384,0.653,666135,2024
Alejandro Kirk,25,729,Maj-AL,TOR,103,386,340,23,86,19,1,5,54,35,1,51,2,0,9,11,0,0,0.253,0.319,0.359,0.677,672386,2024
Heston Kjerstad,25,725,Maj-AL,BAL,41,116,101,8,25,2,0,4,14,10,2,34,5,0,0,0,1,0,0.248,0.345,0.386,0.731,677008,2024
Andrew Knizner,29,792,Maj-AL,TEX,35,93,90,5,15,1,0,1,9,1,0,22,1,0,1,2,0,0,0.167,0.183,0.211,0.394,668800,2024
Ryan Kreidler,26,746,Maj-AL,DET,35,65,59,9,7,0,0,1,2,6,0,19,0,0,0,2,5,3,0.119,0.2,0.169,0.369,668952,2024
Steven Kwan,26,708,Maj-AL,CLE,132,588,522,93,156,17,3,14,46,59,0,55,5,2,0,6,14,5,0.299,0.375,0.423,0.799,680757,2024
Wyatt Langford,22,728,Maj-AL,TEX,134,557,499,74,126,25,4,16,74,51,3,115,4,0,3,6,19,3,0.253,0.325,0.415,0.74,694671,2024
Trevor Larnach,27,731,Maj-AL,MIN,112,400,355,59,92,17,0,15,52,40,1,89,3,0,2,12,4,1,0.259,0.338,0.434,0.771,663616,2024
Ram\xc3\xb3n Laureano,29,725,"Maj-AL,Maj-NL","ATL,CLE",100,317,294,35,74,16,1,11,33,15,0,100,7,0,1,5,8,3,0.252,0.303,0.425,0.728,657656,2024
Charles Leblanc,28,739,Maj-AL,LAD,11,28,21,6,4,0,0,2,6,7,0,9,0,0,0,0,0,0,0.19,0.393,0.476,0.869,641779,2024
Brooks Lee,23,728,Maj-AL,MIN,50,185,172,9,38,6,1,3,27,11,2,27,0,0,2,6,3,0,0.221,0.265,0.32,0.585,686797,2024
Korey Lee,25,728,Maj-AL,CHC,125,394,377,36,79,14,1,12,37,17,0,122,0,0,0,12,6,3,0.21,0.244,0.347,0.591,686676,2024
DJ LeMahieu,35,754,Maj-AL,NYY,67,228,201,19,41,5,0,2,26,19,0,35,1,1,6,13,0,1,0.204,0.269,0.259,0.527,518934,2024
Pedro Le\xc3\xb3n,26,770,Maj-AL,HOU,7,21,20,2,2,0,0,0,0,1,0,10,0,0,0,2,2,0,0.1,0.143,0.1,0.243,694175,2024
Royce Lewis,25,728,Maj-AL,MIN,82,325,292,40,68,16,0,16,47,28,2,74,0,0,5,5,0,0,0.233,0.295,0.452,0.747,668904,2024
Francisco Lindor,30,707,Maj-NL,NYM,165,751,669,118,183,42,2,35,99,66,2,140,12,0,4,7,29,4,0.274,0.348,0.499,0.847,596019,2024
Tyler Locklear,23,790,Maj-AL,SEA,16,49,45,3,7,1,0,2,3,3,0,20,1,0,0,3,1,0,0.156,0.224,0.311,0.536,682988,2024
Brandon Lockridge,27,728,Maj-NL,SDP,12,12,12,4,2,0,0,1,1,0,0,4,0,0,0,0,2,0,0.167,0.167,0.417,0.583,663604,2024
Nick Loftin,25,757,Maj-AL,KCR,56,171,148,15,28,4,0,1,14,19,0,24,1,1,2,4,1,0,0.189,0.282,0.236,0.519,679845,2024
Joey Loperfido,25,728,Maj-AL,"HOU,TOR",80,262,243,24,52,13,4,4,25,13,0,95,4,1,1,3,4,2,0.214,0.264,0.35,0.614,694388,2024
Jack L\xc3\xb3pez,31,728,Maj-AL,LAD,27,71,67,4,17,3,0,1,6,2,0,25,1,1,0,2,0,1,0.254,0.286,0.343,0.629,605346,2024
Nicky Lopez,29,730,Maj-AL,CHC,124,445,398,40,96,12,3,1,21,37,0,67,4,6,0,3,5,7,0.241,0.312,0.294,0.606,670032,2024
Otto Lopez,25,728,Maj-NL,MIA,117,434,403,49,109,23,1,6,39,25,0,75,1,2,2,13,20,4,0.27,0.313,0.377,0.69,672640,2024
Brandon Lowe,29,729,Maj-AL,TBR,107,425,385,56,94,19,3,21,58,33,2,112,5,0,2,7,5,1,0.244,0.311,0.473,0.783,664040,2024
Josh Lowe,26,728,Maj-AL,TBR,106,387,353,37,85,19,2,10,34,32,4,123,0,0,2,2,25,1,0.241,0.302,0.391,0.693,666139,2024
Nathaniel Lowe,28,728,Maj-AL,TEX,140,565,486,62,129,16,1,16,69,71,1,125,4,0,4,9,2,0,0.265,0.361,0.401,0.762,663993,2024
Nathan Lukes,29,728,Maj-AL,TOR,22,91,76,13,23,4,2,1,10,10,0,9,0,2,3,1,1,0,0.303,0.371,0.447,0.818,664770,2024
Gavin Lux,26,697,Maj-NL,LAD,151,530,473,64,116,25,2,11,54,49,0,116,3,1,4,8,6,2,0.245,0.318,0.376,0.694,666158,2024
Manny Machado,31,716,Maj-NL,SDP,159,671,621,81,168,31,0,30,109,45,6,133,1,0,4,27,11,2,0.271,0.319,0.465,0.784,592518,2024
Nick Madrigal,27,848,Maj-NL,CHC,51,94,86,5,19,3,0,0,10,4,0,10,3,1,0,2,1,0,0.221,0.28,0.256,0.535,663611,2024
Bligh Madris,28,772,Maj-AL,DET,21,75,67,8,18,3,0,1,5,6,0,20,0,0,1,0,0,0,0.269,0.324,0.358,0.683,676632,2024
Luke Maile,33,728,Maj-NL,CIN,53,154,135,8,24,4,0,2,8,13,0,52,4,1,1,4,2,0,0.178,0.268,0.252,0.52,571912,2024
Mart\xc3\xadn Maldonado,37,806,Maj-AL,CHC,48,147,135,9,16,3,0,4,11,8,0,51,1,3,0,5,0,0,0.119,0.174,0.23,0.403,455117,2024
Justyn-Henry Malloy,24,715,Maj-AL,DET,76,241,210,19,46,8,1,8,21,25,0,86,4,0,2,2,1,1,0.219,0.311,0.381,0.692,669234,2024
Kyle Manzardo,23,708,Maj-AL,CLE,62,175,164,13,40,13,0,6,17,9,0,45,1,0,1,3,0,0,0.244,0.286,0.433,0.719,700932,2024
Rafael March\xc3\xa1n,25,805,Maj-NL,PHI,17,56,51,8,15,4,0,3,6,3,0,8,1,1,0,1,0,0,0.294,0.345,0.549,0.894,665561,2024
Manuel Margot,29,728,Maj-AL,MIN,129,343,315,37,75,17,1,4,31,21,0,54,3,1,3,10,5,0,0.238,0.289,0.337,0.626,622534,2024
Cade Marlowe,27,782,Maj-AL,SEA,8,9,8,1,2,0,0,0,0,1,0,1,0,0,0,1,0,0,0.25,0.333,0.25,0.583,687799,2024
Brandon Marsh,26,718,Maj-NL,PHI,139,489,431,55,105,17,3,16,60,50,0,157,2,1,5,2,19,3,0.244,0.322,0.408,0.73,669016,2024
Ketel Marte,30,728,Maj-NL,ARI,135,583,504,93,147,23,2,36,95,65,7,106,5,0,9,9,7,1,0.292,0.372,0.56,0.932,606466,2024
Noelvi Marte,22,728,Maj-NL,CIN,66,242,229,24,48,9,0,4,18,9,0,75,3,0,1,1,9,3,0.21,0.248,0.301,0.549,682622,2024
Starling Marte,35,707,Maj-NL,NYM,107,425,382,50,103,17,3,7,49,30,1,92,6,3,4,8,17,1,0.27,0.329,0.385,0.714,516782,2024
Austin Martin,25,728,Maj-AL,MIN,93,257,233,41,59,18,1,1,16,20,0,47,2,2,0,4,7,3,0.253,0.318,0.352,0.67,668885,2024
Angel Mart\xc3\xadnez,22,718,Maj-AL,CLE,44,170,152,16,35,7,0,3,11,15,0,33,0,1,2,2,3,1,0.23,0.296,0.336,0.631,682657,2024
J.D. Martinez,36,710,Maj-NL,NYM,128,519,452,47,106,24,1,16,72,55,0,148,6,0,2,18,0,0,0.235,0.324,0.398,0.723,502110,2024
J.P. Martinez,28,833,Maj-NL,ATL,7,10,10,2,2,1,0,0,0,0,0,4,0,0,0,0,1,0,0.2,0.2,0.3,0.5,679881,2024
Orelvis Martinez,22,828,Maj-AL,TOR,1,3,3,0,1,0,0,0,0,0,0,1,0,0,0,0,0,0,0.333,0.333,0.333,0.667,682619,2024
Nick Martini,34,813,Maj-NL,CIN,50,163,146,23,31,4,2,5,24,9,0,38,4,0,3,1,1,3,0.212,0.272,0.37,0.641,605361,2024
Michael Massey,26,717,Maj-AL,KCR,106,381,355,46,93,18,3,14,46,17,1,62,3,2,4,11,1,0,0.262,0.298,0.448,0.746,686681,2024
Miles Mastrobuoni,28,734,Maj-NL,CHC,50,106,98,9,19,3,0,0,4,7,0,17,0,0,1,1,2,0,0.194,0.245,0.224,0.47,670156,2024
Jorge Mateo,29,796,Maj-AL,BAL,68,208,192,30,44,14,2,5,18,10,0,48,1,2,3,3,13,2,0.229,0.267,0.401,0.668,622761,2024
Nick Maton,27,744,Maj-AL,BAL,5,5,5,0,0,0,0,0,0,0,0,2,0,0,0,0,0,0,0.0,0.0,0.0,0.0,665155,2024
Coby Mayo,22,737,Maj-AL,BAL,17,46,41,4,4,0,0,0,0,4,0,22,1,0,0,1,0,0,0.098,0.196,0.098,0.293,691723,2024
James McCann,34,726,Maj-AL,BAL,66,235,216,27,50,9,0,8,31,13,0,58,2,0,4,3,1,0,0.231,0.277,0.384,0.661,543510,2024
Jake McCarthy,26,728,Maj-NL,ARI,142,495,442,66,126,13,7,8,56,31,1,78,14,5,3,4,25,6,0.285,0.349,0.4,0.749,664983,2024
Chas McCormick,29,725,Maj-AL,HOU,96,270,244,32,51,6,1,5,27,18,0,72,4,1,3,3,9,2,0.209,0.271,0.303,0.575,676801,2024
Mason McCoy,29,743,Maj-NL,SDP,19,57,49,7,10,2,0,0,3,5,0,19,0,3,0,2,1,0,0.204,0.278,0.245,0.523,669200,2024
Scott McGough,34,907,Maj-NL,ARI,1,1,1,0,0,0,0,0,0,0,0,1,0,0,0,0,0,0,0.0,0.0,0.0,0.0,543518,2024
Reese McGuire,29,795,Maj-AL,BOS,53,158,139,10,29,3,0,3,18,13,0,39,2,1,3,4,3,0,0.209,0.28,0.295,0.575,624512,2024
Ryan McKenna,27,854,"Maj-AL,Maj-NL","BAL,San Francisco",13,15,14,4,3,0,0,2,2,1,0,5,0,0,0,0,1,1,0.214,0.267,0.643,0.91,663630,2024
Zach McKinstry,29,717,Maj-AL,DET,121,334,304,33,67,16,5,5,24,25,0,69,3,0,2,3,16,0,0.22,0.284,0.355,0.64,656716,2024
Jeff McNeil,32,707,Maj-NL,NYM,134,485,435,57,103,26,0,12,47,35,1,69,9,1,5,6,5,1,0.237,0.304,0.379,0.683,643446,2024
Curtis Mead,23,776,Maj-AL,TBR,38,132,122,10,29,3,0,1,7,6,0,30,2,0,1,2,2,0,0.238,0.282,0.287,0.569,678554,2024
Parker Meadows,24,715,Maj-AL,DET,89,327,296,42,73,14,6,10,29,28,0,82,1,1,1,0,12,5,0.247,0.313,0.436,0.749,678009,2024
MJ Melendez,25,717,Maj-AL,KCR,140,471,432,45,88,23,3,18,46,35,1,116,3,0,0,3,4,4,0.204,0.268,0.396,0.664,669004,2024
Danny Mendick,30,807,Maj-AL,CHC,47,141,132,13,26,7,0,3,8,6,0,35,2,1,0,3,6,0,0.197,0.243,0.318,0.561,664901,2024
Whit Merrifield,35,727,Maj-NL,"ATL,PHI",95,335,293,44,65,9,3,4,15,35,0,52,3,4,0,7,17,3,0.222,0.311,0.314,0.625,593160,2024
Jackson Merrill,21,716,Maj-NL,SDP,163,620,578,81,168,32,7,25,95,32,2,107,1,4,5,2,16,3,0.291,0.326,0.5,0.826,701538,2024
Matt Mervis,26,877,Maj-NL,CHC,9,28,26,1,3,1,0,0,3,1,0,8,0,0,0,0,0,0,0.115,0.148,0.154,0.302,670223,2024
Jake Meyers,28,726,Maj-AL,HOU,149,515,463,51,101,20,3,13,61,35,0,118,10,3,4,17,11,3,0.218,0.285,0.359,0.644,676694,2024
Owen Miller,27,850,Maj-NL,MIL,14,27,27,2,5,1,0,0,3,0,0,8,0,0,0,1,0,0,0.185,0.185,0.222,0.407,680911,2024
Jos\xc3\xa9 Miranda,26,733,Maj-AL,MIN,121,429,401,44,114,28,4,9,49,18,1,66,6,0,4,13,2,2,0.284,0.322,0.441,0.763,669304,2024
Kameron Misner,26,766,Maj-AL,TBR,8,15,15,0,1,0,0,0,0,0,0,10,0,0,0,0,0,0,0.067,0.067,0.067,0.133,670224,2024
Garrett Mitchell,25,725,Maj-NL,MIL,71,229,200,34,51,12,3,9,23,26,0,72,1,2,0,1,11,5,0.255,0.344,0.48,0.824,669003,2024
Andruw Monasterio,27,728,Maj-NL,MIL,58,142,125,14,26,5,0,1,16,16,0,40,1,0,0,3,6,2,0.208,0.303,0.272,0.575,655316,2024
Yo\xc3\xa1n Moncada,29,739,Maj-AL,CHC,12,45,40,4,11,3,1,0,0,5,0,11,0,0,0,2,1,0,0.275,0.356,0.4,0.756,660162,2024
Mickey Moniak,26,731,Maj-AL,LAD,124,418,392,48,86,17,2,14,49,21,0,114,4,0,1,3,8,4,0.219,0.266,0.38,0.646,666160,2024
Dylan Moore,31,728,Maj-AL,SEA,135,441,368,53,74,23,4,10,42,53,1,123,14,1,5,8,32,6,0.201,0.32,0.367,0.687,664238,2024
Christopher Morel,25,728,"Maj-AL,Maj-NL","CHC,TBR",152,611,535,56,105,11,3,21,60,61,3,159,10,0,5,15,8,7,0.196,0.288,0.346,0.634,666624,2024
Gabriel Moreno,24,728,Maj-NL,ARI,97,351,305,39,81,18,1,5,45,41,1,52,2,0,3,10,3,1,0.266,0.353,0.38,0.734,672515,2024
Ryan Mountcastle,27,725,Maj-AL,BAL,126,514,480,54,128,30,2,13,63,27,0,118,1,0,6,13,3,0,0.267,0.304,0.419,0.722,663624,2024
Cedric Mullins,29,725,Maj-AL,BAL,149,506,451,70,107,17,3,19,55,41,0,99,5,2,2,1,32,6,0.237,0.307,0.415,0.721,656775,2024
Max Muncy,33,697,Maj-NL,LAD,89,360,286,55,63,18,0,18,53,60,3,97,8,0,6,2,3,0,0.22,0.364,0.472,0.836,571970,2024
Sean Murphy,29,725,Maj-NL,ATL,73,267,236,19,45,5,1,10,25,27,1,69,3,0,1,7,0,0,0.191,0.281,0.347,0.628,669221,2024
Dane Myers,28,728,Maj-NL,MIA,44,108,95,17,25,6,1,3,19,8,0,36,3,0,2,0,4,1,0.263,0.333,0.442,0.775,667472,2024
Carlos Narv\xc3\xa1ez,25,778,Maj-AL,NYY,6,15,13,0,3,0,0,0,0,2,0,6,0,0,0,0,0,0,0.231,0.333,0.231,0.564,665966,2024
Omar Narv\xc3\xa1ez,32,850,Maj-NL,NYY,28,69,65,4,10,2,0,0,5,3,0,12,0,1,0,2,0,0,0.154,0.191,0.185,0.376,553882,2024
Bo Naylor,24,708,Maj-AL,CLE,131,411,376,41,75,12,2,13,40,29,1,128,2,2,2,3,6,3,0.199,0.259,0.346,0.605,666310,2024
Josh Naylor,27,708,Maj-AL,CLE,162,676,603,86,146,29,0,31,113,60,7,115,7,0,5,18,6,2,0.242,0.316,0.444,0.76,647304,2024
Zach Neto,23,731,Maj-AL,LAD,155,602,542,70,135,34,1,23,77,39,1,140,16,4,1,14,30,10,0.249,0.318,0.443,0.761,687263,2024
Kevin Newman,30,728,Maj-NL,ARI,111,311,288,41,80,17,1,3,28,15,1,48,0,6,2,7,8,1,0.278,0.311,0.375,0.686,621028,2024
Tom\xc3\xa1s Nido,30,795,Maj-NL,"CHC,NYY",49,140,130,14,25,4,0,4,12,5,0,35,0,3,2,1,0,0,0.192,0.219,0.315,0.534,621512,2024
Brandon Nimmo,31,707,Maj-NL,NYM,164,721,621,95,139,25,3,24,96,84,1,169,13,0,3,7,15,0,0.224,0.327,0.39,0.717,607043,2024
Jhonkensy Noel,22,708,Maj-AL,CLE,76,222,200,27,41,7,1,14,30,15,0,71,6,0,1,1,0,0,0.205,0.279,0.46,0.739,678877,2024
Lars Nootbaar,26,728,Maj-NL,STL,109,405,348,39,85,18,3,12,45,52,2,79,1,1,3,10,7,3,0.244,0.342,0.417,0.758,663457,2024
Connor Norby,24,728,"Maj-AL,Maj-NL","BAL,MIA",45,194,178,32,42,9,0,9,20,15,0,64,0,0,1,2,3,3,0.236,0.294,0.438,0.732,681393,2024
Ryan O\'Hearn,30,725,Maj-AL,BAL,144,497,445,60,118,21,3,15,59,47,2,69,2,0,3,7,3,1,0.265,0.336,0.427,0.763,656811,2024
Logan O\'Hoppe,24,729,Maj-AL,LAD,136,522,479,64,117,17,1,20,56,33,0,155,8,1,1,7,2,3,0.244,0.303,0.409,0.712,681351,2024
Tyler O\'Neill,29,729,Maj-AL,BOS,112,471,410,74,99,18,0,31,61,52,5,159,7,0,2,13,4,0,0.241,0.335,0.512,0.848,641933,2024
Shohei Ohtani,29,697,Maj-NL,LAD,175,807,697,148,211,39,7,57,140,94,10,184,7,0,5,7,59,6,0.303,0.389,0.624,1.013,660271,2024
Matt Olson,30,725,Maj-NL,ATL,164,693,608,77,149,37,1,29,98,71,5,171,9,0,5,15,0,0,0.245,0.33,0.452,0.783,621566,2024
Jonathan Ornelas,24,729,Maj-AL,TEX,18,40,37,1,8,2,0,0,3,2,0,13,0,1,0,0,0,0,0.216,0.256,0.27,0.527,680716,2024
Rafael Ortega,33,866,Maj-AL,CHC,13,17,14,4,1,0,0,0,1,2,0,4,0,0,1,1,2,0,0.071,0.176,0.071,0.248,542364,2024
Joey Ortiz,25,724,Maj-NL,MIL,145,522,451,58,105,25,6,11,60,56,0,105,6,3,6,10,11,6,0.233,0.322,0.388,0.71,687401,2024
James Outman,27,728,Maj-NL,LAD,52,156,136,12,20,4,0,4,11,16,0,55,4,0,0,0,2,1,0.147,0.256,0.265,0.521,681546,2024
Marcell Ozuna,33,725,Maj-NL,ATL,164,696,613,96,185,31,0,39,105,74,2,174,3,0,5,23,1,0,0.302,0.377,0.543,0.92,542303,2024
Cristian Pache,25,735,"Maj-AL,Maj-NL","BAL,MIA,PHI",88,183,165,13,33,8,1,1,16,17,0,64,0,0,1,2,1,0,0.2,0.273,0.279,0.552,665506,2024
Andy Pages,23,707,Maj-NL,LAD,121,463,422,68,104,23,1,15,50,29,0,114,7,0,4,8,1,2,0.246,0.303,0.412,0.715,681624,2024
Pedro Pag\xc3\xa9s,25,728,Maj-NL,STL,68,218,202,19,48,3,2,7,27,13,0,58,0,1,2,7,2,0,0.238,0.281,0.376,0.657,686780,2024
Richie Palacios,27,728,Maj-AL,TBR,92,316,264,46,59,8,1,5,21,45,2,67,5,0,1,5,19,1,0.223,0.346,0.318,0.664,680700,2024
Isaac Paredes,25,728,"Maj-AL,Maj-NL","CHC,TBR",153,641,542,64,129,25,1,19,80,76,2,105,17,0,6,17,1,1,0.238,0.346,0.393,0.739,670623,2024
Kyren Paris,22,842,Maj-AL,LAD,21,59,51,4,6,2,0,1,5,7,0,17,0,0,0,1,1,0,0.118,0.224,0.216,0.44,677347,2024
Vinnie Pasquantino,26,717,Maj-AL,KCR,137,580,519,64,133,31,2,19,99,43,1,80,4,1,13,12,1,0,0.256,0.311,0.434,0.744,686469,2024
Graham Pauley,23,879,Maj-NL,SDP,13,32,32,4,4,0,0,2,5,0,0,15,0,0,0,1,0,0,0.125,0.125,0.313,0.438,688363,2024
Joc Pederson,32,729,Maj-NL,ARI,132,449,367,62,101,17,1,23,64,55,2,105,18,1,3,5,7,4,0.275,0.393,0.515,0.908,592626,2024
Jeremy Pe\xc3\xb1a,26,725,Maj-AL,HOU,159,658,608,79,161,28,2,15,70,26,1,114,14,4,6,16,20,6,0.265,0.307,0.391,0.699,665161,2024
David Peralta,36,716,Maj-NL,SDP,96,273,249,37,67,12,0,9,32,22,0,55,2,0,0,3,2,0,0.269,0.333,0.426,0.759,444482,2024
Oswald Peraza,24,767,Maj-AL,NYY,4,11,10,2,2,0,0,1,1,1,0,3,0,0,0,0,0,0,0.2,0.273,0.5,0.773,672724,2024
Geraldo Perdomo,24,728,Maj-NL,ARI,98,388,337,61,92,21,2,3,37,36,0,58,3,7,5,5,9,1,0.273,0.344,0.374,0.718,672695,2024
Jhonny Pereda,28,729,Maj-NL,MIA,20,40,39,2,9,0,0,0,4,0,0,10,1,0,0,2,0,0,0.231,0.25,0.231,0.481,640902,2024
Salvador Perez,34,717,Maj-AL,KCR,164,677,614,59,165,28,0,28,105,44,9,136,12,0,6,17,0,0,0.269,0.327,0.451,0.778,521692,2024
Wenceel P\xc3\xa9rez,24,715,Maj-AL,DET,118,445,409,52,99,17,6,9,38,32,0,99,1,2,1,5,9,5,0.242,0.298,0.379,0.677,672761,2024
Blake Perkins,27,724,Maj-NL,MIL,123,442,389,54,95,13,2,6,44,43,1,109,3,0,7,3,24,5,0.244,0.319,0.334,0.653,663368,2024
Jace Peterson,34,892,Maj-NL,ARI,14,26,22,2,1,0,0,0,1,3,0,6,0,0,1,1,0,0,0.045,0.154,0.045,0.199,607054,2024
Tommy Pham,36,717,"Maj-AL,Maj-NL","CHC,KCR,STL",122,494,455,51,114,20,3,9,41,35,0,109,2,0,2,5,8,3,0.251,0.306,0.367,0.673,502054,2024
Kevin Pillar,35,728,Maj-AL,"CHC,LAD",100,314,284,38,65,16,1,8,45,16,0,69,10,1,3,10,12,3,0.229,0.291,0.377,0.667,607680,2024
Ren\xc3\xa9 Pinto,27,881,Maj-AL,TBR,19,49,42,5,9,3,0,2,6,4,0,18,1,1,1,0,0,0,0.214,0.292,0.429,0.72,650907,2024
Jorge Polanco,30,728,Maj-AL,SEA,118,469,417,43,89,11,0,16,45,46,3,137,4,0,2,16,4,2,0.213,0.296,0.355,0.651,593871,2024
Jurickson Profar,31,716,Maj-NL,SDP,165,696,589,95,163,29,0,24,86,79,4,105,18,5,5,14,10,3,0.277,0.376,0.448,0.824,595777,2024
Ceddanne Rafaela,23,728,Maj-AL,BOS,151,568,541,70,134,23,5,15,75,15,1,149,7,2,3,8,19,10,0.248,0.276,0.392,0.667,678882,2024
Cal Raleigh,27,728,Maj-AL,SEA,153,628,546,73,120,16,0,34,100,70,4,176,6,0,6,7,6,1,0.22,0.312,0.436,0.748,663728,2024
Luke Raley,29,728,Maj-AL,SEA,137,455,404,58,98,19,2,22,58,27,0,135,20,2,2,2,11,2,0.243,0.32,0.463,0.783,670042,2024
Harold Ram\xc3\xadrez,29,779,"Maj-AL,Maj-NL","TBR,Washington",73,246,238,28,62,7,1,2,29,5,0,50,2,0,1,2,6,2,0.261,0.28,0.324,0.604,623912,2024
Jos\xc3\xa9 Ram\xc3\xadrez,31,708,Maj-AL,CLE,168,726,655,119,181,42,2,41,124,61,17,87,2,0,7,9,43,7,0.276,0.337,0.534,0.871,608070,2024
Bryan Ramos,22,728,Maj-AL,CHC,32,108,99,13,20,4,0,3,11,7,0,22,0,0,1,3,0,2,0.202,0.252,0.333,0.586,682868,2024
J.T. Realmuto,33,718,Maj-NL,PHI,103,429,391,51,101,18,1,14,48,30,1,106,7,0,1,7,2,2,0.258,0.322,0.417,0.739,592663,2024
Rob Refsnyder,33,738,Maj-AL,BOS,93,303,268,32,77,16,1,11,40,28,2,76,5,0,1,6,2,2,0.287,0.364,0.478,0.842,608701,2024
Zach Remillard,30,847,Maj-AL,CHC,15,39,33,3,8,1,1,0,1,5,0,10,0,1,0,1,1,0,0.242,0.342,0.333,0.675,621545,2024
Anthony Rendon,34,750,Maj-AL,LAD,57,238,206,21,45,10,0,0,14,23,0,35,5,0,4,4,6,1,0.218,0.307,0.267,0.574,543685,2024
Hunter Renfroe,32,720,Maj-AL,KCR,122,430,390,44,88,18,0,15,52,37,0,87,2,0,1,10,1,1,0.226,0.295,0.387,0.683,592669,2024
Luis Rengifo,27,786,Maj-AL,LAD,78,304,283,41,85,13,1,6,30,16,0,44,4,1,0,6,24,7,0.3,0.347,0.417,0.763,650859,2024
Pablo Reyes,30,756,"Maj-AL,Maj-NL","BOS,NYM",22,64,60,5,11,2,0,0,5,3,0,19,1,0,0,1,1,2,0.183,0.234,0.217,0.451,622569,2024
Ben Rice,25,728,Maj-AL,NYY,50,178,152,20,26,6,0,7,23,20,0,48,1,0,5,2,0,1,0.171,0.264,0.349,0.613,700250,2024
Austin Riley,27,770,Maj-NL,ATL,110,469,425,63,109,26,2,19,56,37,0,118,5,0,2,6,0,0,0.256,0.322,0.461,0.783,663586,2024
Edwin R\xc3\xados,30,805,Maj-NL,CIN,4,10,9,1,1,0,0,0,0,1,0,4,0,0,0,0,0,0,0.111,0.2,0.111,0.311,621458,2024
Leo Rivas,26,728,Maj-AL,SEA,43,86,73,10,17,1,1,0,8,10,0,24,1,2,0,1,3,0,0.233,0.333,0.274,0.607,660844,2024
Emmanuel Rivera,28,726,"Maj-AL,Maj-NL","BAL,MIA",124,303,266,24,63,9,2,5,29,26,0,69,5,1,5,7,2,0,0.237,0.311,0.342,0.653,656896,2024
Anthony Rizzo,34,697,Maj-AL,NYY,102,413,367,40,85,13,0,8,35,33,2,75,11,0,2,7,0,0,0.232,0.312,0.332,0.645,519203,2024
Luis Robert Jr.,26,728,Maj-AL,CHC,100,425,393,47,88,19,0,14,35,28,2,141,2,0,1,8,23,6,0.224,0.278,0.379,0.657,673357,2024
Chuckie Robinson,29,729,Maj-AL,CHC,26,76,70,2,9,0,0,0,0,5,0,20,1,0,0,1,0,0,0.129,0.197,0.129,0.326,642020,2024
V\xc3\xadctor Robles,27,728,"Maj-AL,Maj-NL","SEA,Washington",91,295,254,44,78,20,0,4,28,21,0,53,11,6,3,2,34,2,0.307,0.381,0.433,0.814,645302,2024
Brayan Rocchio,23,708,Maj-AL,CLE,153,481,416,54,90,20,0,9,38,49,1,97,8,3,5,11,10,6,0.216,0.308,0.329,0.637,677587,2024
Johnathan Rodr\xc3\xadguez,24,824,Maj-AL,CLE,13,40,31,6,4,1,0,0,5,9,0,14,0,0,0,1,0,0,0.129,0.325,0.161,0.486,671286,2024
Julio Rodr\xc3\xadguez,23,728,Maj-AL,SEA,143,613,567,76,155,17,0,20,68,38,1,156,6,0,2,10,24,5,0.273,0.325,0.409,0.734,677594,2024
Jake Rogers,29,715,Maj-AL,DET,108,362,332,46,67,17,1,10,38,25,1,107,3,0,2,6,1,0,0.202,0.262,0.349,0.612,668670,2024
Johan Rojas,23,719,Maj-NL,PHI,123,369,343,47,83,12,3,3,32,14,0,70,4,8,0,7,26,4,0.242,0.28,0.321,0.6,679032,2024
Josh Rojas,30,728,Maj-AL,SEA,142,476,422,48,95,19,2,8,31,46,1,108,3,1,2,6,10,4,0.225,0.304,0.336,0.641,668942,2024
Miguel Rojas,35,701,Maj-NL,LAD,107,348,318,41,89,21,0,6,36,23,0,35,3,2,2,8,8,2,0.28,0.332,0.403,0.735,500743,2024
Chris Roller,27,865,Maj-NL,MIL,1,1,1,0,0,0,0,0,0,0,0,1,0,0,0,0,0,0,0.0,0.0,0.0,0.0,676896,2024
Ben Rortvedt,26,729,Maj-AL,TBR,112,328,290,27,66,13,0,3,31,34,0,88,4,0,0,6,1,0,0.228,0.317,0.303,0.621,666163,2024
Amed Rosario,28,733,"Maj-AL,Maj-NL","CIN,LAD,TBR",103,346,332,29,93,18,3,3,32,9,0,73,4,0,1,10,13,5,0.28,0.306,0.38,0.686,642708,2024
Eddie Rosario,32,782,Maj-NL,"ATL,Washington",91,319,297,33,52,12,0,10,35,16,0,77,0,2,4,4,9,1,0.175,0.215,0.316,0.531,592696,2024
Eguy Rosario,24,817,Maj-NL,SDP,30,57,53,5,13,6,0,3,6,2,0,20,1,1,0,1,0,0,0.245,0.286,0.528,0.814,666703,2024
Adley Rutschman,26,725,Maj-AL,BAL,150,646,579,68,144,21,1,19,79,58,3,105,2,0,7,9,1,0,0.249,0.316,0.387,0.703,668939,2024
Thomas Saggese,22,728,Maj-NL,STL,18,52,49,5,10,2,0,1,4,2,0,14,1,0,0,0,0,0,0.204,0.25,0.306,0.556,695336,2024
C\xc3\xa9sar Salazar,28,732,Maj-AL,HOU,12,32,25,5,8,2,0,0,8,2,0,6,2,1,2,0,0,0,0.32,0.387,0.4,0.787,663967,2024
Ali S\xc3\xa1nchez,27,757,Maj-NL,MIA,31,96,84,5,14,2,0,0,4,4,0,24,1,6,1,2,2,1,0.167,0.211,0.19,0.402,645305,2024
Gary S\xc3\xa1nchez,31,724,Maj-NL,MIL,91,287,252,30,56,8,1,11,37,27,0,78,5,0,3,9,0,0,0.222,0.307,0.393,0.699,596142,2024
Jes\xc3\xbas S\xc3\xa1nchez,26,728,Maj-NL,MIA,149,537,489,60,123,25,1,18,64,41,2,140,4,1,2,12,16,2,0.252,0.313,0.417,0.731,660821,2024
Miguel San\xc3\xb3,31,814,Maj-AL,LAD,28,95,83,9,17,3,0,2,6,9,0,36,2,0,1,2,0,0,0.205,0.295,0.313,0.608,593934,2024
Javier Sanoja,21,729,Maj-NL,MIA,15,36,35,3,8,2,0,0,2,1,0,4,0,0,0,2,0,0,0.229,0.25,0.286,0.536,691594,2024
Carlos Santana,38,728,Maj-AL,MIN,150,594,521,63,124,26,0,23,71,65,3,99,6,0,2,11,4,0,0.238,0.328,0.42,0.749,467793,2024
Anthony Santander,29,725,Maj-AL,BAL,157,673,603,91,141,25,2,44,102,58,3,131,7,0,5,9,2,0,0.234,0.306,0.501,0.807,623993,2024
Nolan Schanuel,22,732,Maj-AL,LAD,147,607,519,62,130,19,0,13,54,68,0,103,9,3,7,14,10,1,0.25,0.343,0.362,0.706,694384,2024
Daniel Schneemann,27,709,Maj-AL,CLE,76,228,200,17,42,10,2,5,22,25,0,72,0,0,3,1,3,2,0.21,0.294,0.355,0.649,682177,2024
Davis Schneider,25,728,Maj-AL,TOR,135,451,394,48,75,19,1,13,46,47,0,142,5,0,5,2,4,0,0.19,0.282,0.343,0.624,676914,2024
Kyle Schwarber,31,718,Maj-NL,PHI,154,711,589,112,144,22,0,39,105,108,4,203,6,0,8,7,5,3,0.244,0.363,0.48,0.843,656941,2024
Victor Scott II,23,731,Maj-NL,STL,53,155,145,14,26,9,0,2,10,6,0,42,2,0,2,0,5,1,0.179,0.219,0.283,0.502,687363,2024
Corey Seager,30,755,Maj-AL,TEX,123,533,475,68,132,21,0,30,74,53,11,96,3,0,2,8,1,1,0.278,0.353,0.512,0.864,608369,2024
Marcus Semien,33,728,Maj-AL,TEX,159,718,650,101,154,27,2,23,74,64,2,105,3,0,1,9,8,3,0.237,0.308,0.391,0.699,543760,2024
Nick Senzel,29,769,"Maj-AL,Maj-NL","CHC,Washington",74,267,236,25,46,11,0,7,18,28,1,61,1,1,0,6,1,3,0.195,0.283,0.331,0.614,669222,2024
Brian Serven,29,742,Maj-AL,TOR,27,68,60,5,9,4,0,0,3,5,0,22,2,1,0,0,0,0,0.15,0.239,0.217,0.455,661531,2024
Gavin Sheets,28,730,Maj-AL,CHC,139,501,451,35,105,24,1,10,45,43,2,106,4,0,3,6,2,2,0.233,0.303,0.357,0.66,657757,2024
Austin Shenton,26,739,Maj-AL,TBR,19,50,42,3,9,5,0,1,3,8,0,14,0,0,0,1,0,0,0.214,0.34,0.405,0.745,668853,2024
Braden Shewmake,26,865,Maj-AL,CHC,29,67,64,4,8,2,0,1,4,1,0,10,0,0,2,0,5,1,0.125,0.134,0.203,0.337,669699,2024
Zack Short,29,795,"Maj-AL,Maj-NL","ATL,BOS,NYM",42,88,70,11,9,3,0,0,5,14,0,24,1,3,0,0,2,1,0.129,0.282,0.171,0.454,670097,2024
Michael Siani,24,728,Maj-NL,STL,124,334,298,42,68,7,2,2,20,21,0,92,3,11,1,2,20,3,0.228,0.285,0.285,0.57,672279,2024
Jon Singleton,32,725,Maj-AL,HOU,121,407,357,46,83,13,1,13,43,47,0,111,0,0,3,2,0,0,0.232,0.319,0.384,0.703,572138,2024
Jose Siri,28,729,Maj-AL,TBR,130,448,402,50,75,16,1,18,47,31,0,170,7,2,4,5,14,7,0.187,0.255,0.366,0.62,642350,2024
Austin Slater,31,725,"Maj-AL,Maj-NL","BAL,CIN,San Francisco",85,214,179,24,38,4,0,2,18,26,0,61,5,0,4,5,3,2,0.212,0.322,0.268,0.591,596103,2024
Dominic Smith,29,756,"Maj-AL,Maj-NL","BOS,CIN",93,307,275,33,64,22,0,6,34,28,0,76,4,0,0,7,1,1,0.233,0.313,0.378,0.691,642086,2024
Josh Smith,26,728,Maj-AL,TEX,149,592,523,67,135,30,1,13,62,46,1,121,18,2,3,6,11,2,0.258,0.337,0.394,0.731,669701,2024
Kevin Smith,27,854,Maj-AL,NYY,2,0,0,0,0,0,0,0,0,0,0,0,0,0,0,0,0,0,,,,,675656,2024
Pavin Smith,28,730,Maj-NL,ARI,60,158,137,26,37,11,0,9,36,18,0,31,0,0,3,4,1,0,0.27,0.348,0.547,0.896,656976,2024
Will Smith,29,697,Maj-NL,LAD,144,609,532,86,126,25,2,23,83,59,6,114,9,0,9,9,2,1,0.237,0.319,0.421,0.74,669257,2024
Nick Sogard,26,728,Maj-AL,BOS,31,86,77,13,21,4,0,0,8,7,0,25,0,0,2,4,3,0,0.273,0.326,0.325,0.65,686765,2024
Donovan Solano,36,716,Maj-NL,SDP,101,323,297,31,82,13,0,8,35,22,0,69,3,0,1,6,2,1,0.276,0.331,0.401,0.732,456781,2024
Jorge Soler,32,725,Maj-NL,"ATL,San Francisco",144,582,500,85,121,34,1,22,65,69,0,143,6,0,4,9,1,0,0.242,0.339,0.446,0.785,624585,2024
Edmundo Sosa,28,719,Maj-NL,PHI,92,279,253,40,65,12,4,7,31,13,0,68,9,1,2,5,7,1,0.257,0.314,0.419,0.733,624641,2024
Lenyn Sosa,24,728,Maj-AL,CHC,100,369,351,28,89,13,0,8,35,12,1,77,3,2,1,5,3,1,0.254,0.283,0.359,0.642,672820,2024
Juan Soto,25,697,Maj-AL,NYY,171,777,625,140,182,34,4,45,118,143,4,128,4,0,5,11,7,4,0.291,0.423,0.574,0.998,665742,2024
Livan Soto,24,736,"Maj-AL,Maj-NL","BAL,CIN",13,16,13,1,3,1,0,0,0,3,0,3,0,0,0,0,0,0,0.231,0.375,0.308,0.683,670869,2024
George Springer,34,729,Maj-AL,TOR,145,611,542,73,119,19,3,18,55,60,0,115,6,0,2,16,16,1,0.22,0.303,0.365,0.669,543807,2024
Giancarlo Stanton,34,697,Maj-AL,NYY,128,521,472,58,112,23,0,34,88,44,3,154,2,0,3,18,1,0,0.237,0.303,0.502,0.805,519317,2024
Spencer Steer,26,728,Maj-NL,CIN,158,656,574,74,129,34,4,20,92,72,1,137,8,0,2,5,25,3,0.225,0.319,0.402,0.721,668715,2024
Michael Stefanic,28,728,Maj-AL,LAD,40,124,110,8,24,4,0,0,8,10,0,20,3,1,0,5,0,0,0.218,0.301,0.255,0.555,683021,2024
Tyler Stephenson,27,728,Maj-NL,CIN,138,515,457,69,118,26,1,19,66,48,2,117,8,0,2,9,1,0,0.258,0.338,0.444,0.782,663886,2024
Cal Stevenson,27,736,Maj-NL,PHI,18,27,24,2,6,3,0,0,6,3,0,4,0,0,0,1,0,0,0.25,0.333,0.375,0.708,670276,2024
DJ Stewart,30,747,Maj-NL,NYM,74,194,158,16,28,4,0,5,19,31,0,48,4,0,1,5,1,0,0.177,0.325,0.297,0.622,621466,2024
Trevor Story,31,729,Maj-AL,BOS,26,106,94,8,24,7,0,2,10,11,2,33,1,0,0,2,6,3,0.255,0.34,0.394,0.733,596115,2024
Bryson Stott,26,718,Maj-NL,PHI,152,584,517,66,126,19,3,11,59,55,1,97,3,0,9,9,32,4,0.244,0.315,0.356,0.671,681082,2024
Kyle Stowers,26,730,"Maj-AL,Maj-NL","BAL,MIA",69,209,192,15,40,11,2,3,24,13,0,74,3,0,1,2,0,1,0.208,0.268,0.333,0.601,669065,2024
Myles Straw,29,733,Maj-AL,CLE,7,4,4,2,1,0,0,0,0,0,0,0,0,0,0,0,2,0,0.25,0.25,0.25,0.5,664702,2024
Garrett Stubbs,31,728,Maj-NL,PHI,54,187,164,18,34,4,1,1,11,17,0,50,4,0,1,0,5,0,0.207,0.296,0.262,0.558,596117,2024
Eugenio Su\xc3\xa1rez,32,728,Maj-NL,ARI,158,640,571,90,146,28,2,30,101,49,0,176,9,0,11,10,2,1,0.256,0.319,0.469,0.788,553993,2024
Brett Sullivan,30,809,Maj-NL,SDP,7,17,16,1,3,0,0,1,2,1,0,4,0,0,0,0,0,0,0.188,0.235,0.375,0.61,664954,2024
Seiya Suzuki,29,728,Maj-NL,CHC,132,585,512,74,145,27,6,21,73,63,3,160,6,0,4,6,16,6,0.283,0.366,0.482,0.848,673548,2024
Dansby Swanson,30,729,Maj-NL,CHC,149,593,534,82,129,27,2,16,66,54,2,144,2,0,3,7,19,3,0.242,0.312,0.39,0.701,621020,2024
Trey Sweeney,24,715,Maj-AL,DET,43,145,132,13,26,5,0,4,19,10,0,44,1,0,2,3,3,0,0.197,0.255,0.326,0.581,700242,2024
Fernando Tatis Jr.,25,716,Maj-NL,SDP,109,468,424,72,121,24,1,25,56,35,0,98,8,0,1,9,11,3,0.285,0.35,0.524,0.874,665487,2024
Mike Tauchman,33,728,Maj-NL,CHC,109,350,298,50,74,12,1,7,29,47,0,70,4,0,1,7,6,2,0.248,0.357,0.366,0.723,643565,2024
Leody Taveras,25,728,Maj-AL,TEX,151,529,480,59,110,17,3,12,44,42,0,112,0,3,4,8,23,6,0.229,0.289,0.352,0.641,665750,2024
Chris Taylor,33,698,Maj-NL,LAD,93,262,226,30,46,7,1,4,23,30,0,81,2,2,2,5,6,1,0.204,0.3,0.296,0.596,621035,2024
Samad Taylor,25,903,Maj-AL,SEA,3,5,5,2,2,0,0,0,0,0,0,1,0,0,0,0,0,0,0.4,0.4,0.4,0.8,669392,2024
Tyrone Taylor,30,707,Maj-NL,NYM,142,389,356,53,85,24,3,7,36,23,1,88,8,1,1,5,11,2,0.239,0.299,0.382,0.681,621438,2024
Jos\xc3\xa9 Tena,23,728,"Maj-AL,Maj-NL","CLE,Washington",44,168,161,14,43,5,0,3,15,7,0,41,0,0,0,1,6,1,0.267,0.298,0.354,0.652,677588,2024
Bryce Teodosio,25,743,Maj-AL,LAD,5,12,12,1,1,0,0,0,0,0,0,5,0,0,0,0,0,0,0.083,0.083,0.083,0.167,669326,2024
Matt Thaiss,29,728,Maj-AL,LAD,57,186,157,14,32,9,0,2,16,28,0,58,0,0,1,2,3,0,0.204,0.323,0.299,0.622,642136,2024
Alek Thomas,24,728,Maj-NL,ARI,39,103,95,13,18,5,1,3,17,7,0,17,0,1,0,7,4,1,0.189,0.245,0.358,0.603,677950,2024
Lane Thomas,28,708,"Maj-AL,Maj-NL","CLE,Washington",140,571,508,69,120,27,3,17,72,51,1,146,7,0,5,5,33,14,0.236,0.312,0.402,0.713,657041,2024
Bubba Thompson,26,876,Maj-NL,CIN,17,18,18,5,2,1,0,0,0,0,0,11,0,0,0,1,5,0,0.111,0.111,0.167,0.278,669352,2024
Spencer Torkelson,24,715,Maj-AL,DET,99,405,363,47,79,24,1,10,38,36,0,116,4,0,1,8,0,0,0.218,0.295,0.372,0.666,679529,2024
Luis Torrens,28,710,Maj-NL,NYM,48,131,119,14,27,8,0,3,15,9,0,28,2,0,1,5,0,1,0.227,0.29,0.37,0.66,620443,2024
Gleyber Torres,27,697,Maj-AL,NYY,168,734,645,90,165,29,0,17,71,75,0,143,3,2,9,8,4,3,0.256,0.332,0.38,0.712,650402,2024
Taylor Trammell,26,877,"Maj-AL,Maj-NL","LAD,NYY",10,8,7,2,1,0,0,0,0,1,0,3,0,0,0,0,0,0,0.143,0.25,0.143,0.393,666211,2024
Jose Trevino,31,699,Maj-AL,NYY,76,239,214,26,46,5,0,8,29,20,0,42,2,1,2,12,1,1,0.215,0.286,0.35,0.636,624431,2024
Chadwick Tromp,29,855,Maj-NL,ATL,19,54,52,3,13,6,0,0,6,1,0,17,0,0,1,2,0,0,0.25,0.259,0.365,0.625,644433,2024
Mike Trout,32,881,Maj-AL,LAD,29,126,109,17,24,1,2,10,14,16,1,27,1,0,0,0,6,1,0.22,0.325,0.541,0.867,545361,2024
Cole Tucker,27,833,Maj-AL,LAD,24,57,50,3,9,4,1,0,3,6,0,17,0,0,1,0,3,1,0.18,0.263,0.3,0.563,657061,2024
Kyle Tucker,27,725,Maj-AL,HOU,80,347,284,56,80,13,0,23,49,57,3,56,1,0,2,6,11,0,0.282,0.401,0.57,0.972,663656,2024
Brice Turang,24,724,Maj-NL,MIL,158,631,570,75,147,27,4,7,57,51,1,106,2,5,3,9,52,6,0.258,0.319,0.356,0.676,668930,2024
Justin Turner,39,728,Maj-AL,"SEA,TOR",139,539,460,59,119,24,0,11,55,59,2,95,13,0,7,16,0,2,0.259,0.354,0.383,0.737,457759,2024
Trea Turner,31,718,Maj-NL,PHI,125,556,520,90,152,25,0,21,62,29,0,103,6,0,1,10,21,4,0.292,0.336,0.462,0.798,607208,2024
Luis Ur\xc3\xadas,27,728,Maj-AL,SEA,41,109,94,11,18,7,0,4,16,9,0,34,6,0,0,2,0,0,0.191,0.303,0.394,0.696,649966,2024
Ram\xc3\xb3n Ur\xc3\xadas,30,725,Maj-AL,BAL,102,308,279,39,71,10,2,11,37,23,0,56,5,0,1,0,1,1,0.254,0.321,0.423,0.744,602104,2024
Gio Urshela,32,725,"Maj-AL,Maj-NL","ATL,DET",130,467,438,34,108,19,1,9,52,23,1,74,1,0,5,13,0,0,0.247,0.283,0.356,0.639,570482,2024
Enmanuel Valdez,25,728,Maj-AL,BOS,76,223,201,23,43,12,0,6,28,17,0,53,0,1,4,4,1,1,0.214,0.27,0.363,0.633,665839,2024
Miguel Vargas,24,728,"Maj-AL,Maj-NL","CHC,LAD",72,237,206,22,31,7,0,5,16,25,0,57,3,0,3,4,3,1,0.15,0.249,0.257,0.506,678246,2024
Daulton Varsho,27,746,Maj-AL,TOR,135,509,455,73,97,21,7,18,58,48,1,136,4,1,1,2,10,2,0.213,0.293,0.409,0.702,662139,2024
Andrew Vaughn,26,728,Maj-AL,CHC,149,619,570,55,140,30,1,19,70,38,0,132,6,0,5,13,2,0,0.246,0.297,0.402,0.699,683734,2024
Christian V\xc3\xa1zquez,33,728,Maj-AL,MIN,93,315,294,29,65,10,0,7,27,11,0,65,1,5,4,11,3,1,0.221,0.248,0.327,0.575,543877,2024
Luis V\xc3\xa1zquez,24,728,Maj-NL,CHC,11,14,12,2,1,0,0,0,1,0,0,6,1,0,1,1,0,0,0.083,0.143,0.083,0.226,676679,2024
Nelson Vel\xc3\xa1zquez,25,826,Maj-AL,KCR,64,230,205,31,41,8,1,8,27,19,0,61,3,0,3,6,2,0,0.2,0.274,0.366,0.64,676369,2024
Alex Verdugo,28,697,Maj-AL,NYY,163,677,607,80,140,30,1,14,69,56,0,101,1,3,10,14,2,1,0.231,0.292,0.353,0.645,657077,2024
Mark Vientos,24,707,Maj-NL,NYM,124,512,468,66,128,24,0,32,85,36,0,154,3,0,5,7,0,0,0.274,0.326,0.53,0.856,668901,2024
Matt Vierling,27,715,Maj-AL,DET,151,600,546,81,137,29,5,16,59,45,1,135,3,0,6,9,6,1,0.251,0.308,0.41,0.719,663837,2024
Ryan Vilade,25,778,Maj-AL,DET,17,49,45,5,8,0,0,1,5,2,0,12,0,1,1,2,0,0,0.178,0.208,0.244,0.453,668723,2024
Daniel Vogelbach,31,837,Maj-AL,TOR,31,79,70,5,13,5,0,1,8,9,0,17,0,0,0,4,0,0,0.186,0.278,0.3,0.578,596129,2024
Anthony Volpe,23,697,Maj-AL,NYY,174,748,686,100,169,30,7,13,66,52,2,169,4,2,3,9,33,7,0.246,0.302,0.367,0.669,683011,2024
Jason Vosler,30,784,Maj-AL,SEA,10,30,28,2,5,1,1,0,3,2,0,9,0,0,0,0,0,0,0.179,0.233,0.286,0.519,613564,2024
Tyler Wade,29,728,Maj-NL,SDP,90,156,138,28,30,3,0,0,8,11,0,29,2,4,0,0,8,1,0.217,0.285,0.239,0.524,642180,2024
Eric Wagaman,26,728,Maj-AL,LAD,18,74,72,6,18,5,0,2,10,2,0,17,0,0,0,1,0,0,0.25,0.27,0.403,0.673,676572,2024
Will Wagner,25,744,Maj-AL,TOR,23,82,78,8,25,6,0,2,11,4,0,14,0,0,0,3,0,0,0.321,0.354,0.474,0.828,695238,2024
Christian Walker,33,728,Maj-NL,ARI,130,552,479,72,120,26,0,26,84,55,4,133,10,0,8,12,2,2,0.251,0.335,0.468,0.803,572233,2024
Jordan Walker,22,728,Maj-NL,STL,51,178,164,16,33,10,1,5,20,10,0,50,2,0,2,4,1,0,0.201,0.253,0.366,0.619,691023,2024
Forrest Wall,28,786,Maj-NL,"ATL,MIA",16,35,32,4,8,0,0,0,1,3,0,8,0,0,0,0,4,3,0.25,0.314,0.25,0.564,657088,2024
Matt Wallner,26,733,Maj-AL,MIN,75,261,220,26,57,17,1,13,37,24,0,95,16,0,1,2,3,0,0.259,0.372,0.523,0.894,670242,2024
Taylor Walls,27,729,Maj-AL,TBR,84,252,218,27,40,5,3,1,14,31,0,67,0,0,3,3,16,4,0.183,0.282,0.248,0.529,670764,2024
Jared Walsh,30,894,Maj-AL,TEX,17,60,53,9,12,2,0,1,7,7,0,21,0,0,0,2,0,0,0.226,0.317,0.321,0.637,665120,2024
Taylor Ward,30,728,Maj-AL,LAD,156,663,585,73,144,26,2,25,75,63,0,163,7,0,8,11,6,4,0.246,0.323,0.426,0.748,621493,2024
Drew Waters,25,795,Maj-AL,KCR,7,19,16,2,3,1,0,0,1,2,0,6,1,0,0,0,0,0,0.188,0.316,0.25,0.566,671221,2024
Austin Wells,24,697,Maj-AL,NYY,129,469,404,45,87,19,1,15,59,51,0,109,6,1,7,13,2,2,0.215,0.308,0.379,0.686,669224,2024
Joey Wendle,34,866,Maj-NL,NYM,18,37,36,3,8,1,0,0,1,1,0,9,0,0,0,0,1,0,0.222,0.243,0.25,0.493,621563,2024
Davis Wendzel,27,819,Maj-AL,TEX,27,49,47,2,6,2,0,1,2,1,0,12,1,0,0,1,0,0,0.128,0.163,0.234,0.397,673995,2024
Jamie Westbrook,29,790,Maj-AL,BOS,21,48,40,4,6,2,0,2,7,4,0,14,1,0,2,0,0,0,0.15,0.234,0.35,0.584,642197,2024
Jordan Westburg,25,725,Maj-AL,BAL,109,455,422,57,111,26,5,18,63,23,0,98,8,1,1,5,6,3,0.263,0.313,0.476,0.789,676059,2024
Shay Whitcomb,25,732,Maj-AL,HOU,20,46,41,1,9,3,0,0,5,5,0,8,0,0,0,1,0,0,0.22,0.304,0.293,0.597,694376,2024
Eli White,30,727,Maj-NL,ATL,35,42,39,9,11,1,1,1,4,1,0,12,2,0,0,1,3,1,0.282,0.333,0.436,0.769,642201,2024
Joey Wiemer,25,783,Maj-NL,"CIN,MIL",21,28,26,2,4,0,0,0,0,2,0,9,0,0,0,0,1,1,0.154,0.214,0.154,0.368,686894,2024
Luke Williams,27,747,Maj-NL,ATL,34,52,46,8,9,3,0,0,4,4,0,13,1,1,0,1,3,0,0.196,0.275,0.261,0.535,663897,2024
Weston Wilson,29,718,Maj-NL,PHI,41,101,91,13,25,7,1,3,10,8,0,29,1,0,1,2,3,0,0.275,0.337,0.473,0.809,642215,2024
Jesse Winker,30,707,Maj-NL,"NYM,Washington",155,540,452,70,116,23,2,15,62,70,2,110,13,2,3,12,15,4,0.257,0.37,0.416,0.786,608385,2024
Masyn Winn,22,729,Maj-NL,STL,150,637,587,85,157,32,5,15,57,41,1,109,1,3,5,1,11,5,0.267,0.314,0.416,0.73,691026,2024
Patrick Wisdom,32,729,Maj-NL,CHC,74,174,158,16,27,7,2,8,23,10,0,59,4,1,1,1,5,0,0.171,0.237,0.392,0.629,621550,2024
Bobby Witt Jr.,24,717,Maj-AL,KCR,167,736,662,126,216,45,11,32,111,58,9,112,8,0,8,4,31,13,0.326,0.383,0.573,0.956,677951,2024
Connor Wong,28,728,Maj-AL,BOS,126,487,447,54,125,24,1,13,52,28,1,114,9,1,2,7,8,7,0.28,0.333,0.425,0.758,657136,2024
Austin Wynns,33,791,Maj-NL,CIN,7,20,19,3,7,4,0,0,2,0,0,5,1,0,0,0,0,0,0.368,0.4,0.579,0.979,642851,2024
Eric Yang,26,788,Maj-NL,CIN,1,1,1,0,0,0,0,0,0,0,0,1,0,0,0,0,0,0,0.0,0.0,0.0,0.0,687066,2024
Christian Yelich,32,796,Maj-NL,MIL,73,315,270,44,85,12,3,11,42,40,3,58,2,1,1,3,21,1,0.315,0.406,0.504,0.909,592885,2024
Masataka Yoshida,30,730,Maj-AL,BOS,107,417,374,45,105,20,0,10,56,27,0,51,14,0,2,6,2,0,0.281,0.35,0.414,0.765,807799,2024
Seby Zavala,30,836,Maj-AL,SEA,18,43,39,4,6,2,0,1,2,3,0,16,0,1,0,2,0,0,0.154,0.214,0.282,0.496,664874,2024
Wilyer Abreu,26,360,Maj-AL,BOS,116,422,378,53,92,17,0,22,69,40,5,104,0,1,3,8,6,3,0.243,0.314,0.463,0.777,677800,2025
Maximo Acosta,22,378,Maj-NL,MIA,19,61,54,7,11,1,0,3,5,6,0,17,1,0,0,0,1,2,0.204,0.295,0.389,0.684,691185,2025
Luisangel Acu\xc3\xb1a,23,365,Maj-NL,NYY,95,193,175,30,41,7,0,0,8,13,0,37,2,2,1,6,16,1,0.234,0.293,0.274,0.567,682668,2025
Ronald Acu\xc3\xb1a Jr.,27,364,Maj-NL,ATL,95,412,338,74,98,12,1,21,42,71,4,102,3,0,0,5,9,1,0.29,0.417,0.518,0.935,660670,2025
Jordyn Adams,25,413,Maj-AL,BAL,10,5,5,1,0,0,0,0,0,0,0,2,0,0,0,0,0,0,0.0,0.0,0.0,0.0,677941,2025
Jo Adell,26,364,Maj-AL,LAD,152,573,526,63,124,18,1,37,98,33,0,151,10,0,1,10,5,1,0.236,0.293,0.485,0.778,666176,2025
Nick Ahmed,35,514,Maj-AL,TEX,5,10,9,1,0,0,0,0,0,1,0,3,0,0,0,1,1,0,0.0,0.1,0.0,0.1,605113,2025
Ozzie Albies,28,370,Maj-NL,ATL,157,667,603,74,145,23,2,16,74,55,2,94,4,0,5,9,14,3,0.24,0.306,0.365,0.671,645277,2025
Kevin Alc\xc3\xa1ntara,22,364,Maj-NL,CHC,10,12,11,2,4,0,0,0,1,1,0,4,0,0,0,0,1,0,0.364,0.417,0.364,0.78,682634,2025
Blaze Alexander,26,365,Maj-NL,ARI,74,266,230,31,53,12,1,7,28,22,0,86,10,3,1,5,4,6,0.23,0.323,0.383,0.706,677942,2025
Tyler Alexander,30,470,Maj-AL,CHC,1,1,1,0,0,0,0,0,0,0,0,0,0,0,0,0,0,0,0.0,0.0,0.0,0.0,641302,2025
Greg Allen,32,408,Maj-AL,BAL,7,14,14,1,0,0,0,0,0,0,0,5,0,0,0,2,0,1,0.0,0.0,0.0,0.0,656185,2025
Nick Allen,26,364,Maj-NL,ATL,135,416,371,32,82,11,0,0,22,31,0,99,3,8,3,8,8,7,0.221,0.284,0.251,0.535,669397,2025
Pete Alonso,30,364,Maj-NL,NYY,162,709,624,87,170,41,1,38,126,61,5,162,15,0,9,23,1,2,0.272,0.347,0.524,0.871,624413,2025
Jose Altuve,35,365,Maj-AL,HOU,155,654,588,80,156,24,1,26,77,55,5,109,4,1,6,20,10,6,0.265,0.329,0.442,0.771,514888,2025
Francisco Alvarez,23,364,Maj-NL,NYY,76,277,246,32,63,12,1,11,32,27,0,73,4,0,0,6,0,0,0.256,0.339,0.447,0.787,682626,2025
Nacho Alvarez Jr.,22,364,Maj-NL,ATL,58,208,188,18,44,12,0,2,15,12,0,49,5,2,1,1,0,0,0.234,0.296,0.33,0.626,805373,2025
Yordan Alvarez,28,377,Maj-AL,HOU,48,199,165,17,45,8,0,6,27,28,5,33,0,0,6,1,1,1,0.273,0.367,0.43,0.797,670541,2025
Jacob Amaya,26,414,Maj-AL,CHC,36,73,66,7,7,1,0,0,8,3,0,16,0,1,3,1,2,0,0.106,0.139,0.121,0.26,676070,2025
Miguel Amaya,26,410,Maj-NL,CHC,28,103,96,14,27,9,0,4,25,4,0,22,1,1,1,0,0,0,0.281,0.314,0.5,0.814,665804,2025
Tim Anderson,32,490,Maj-AL,LAD,31,90,83,8,17,3,0,0,3,3,0,29,3,1,0,1,1,1,0.205,0.258,0.241,0.499,641313,2025
Miguel Andujar,30,362,"Maj-AL,Maj-NL","Athletics,CIN",95,346,325,37,102,17,1,10,44,18,1,50,1,0,2,8,1,0,0.314,0.35,0.465,0.814,609280,2025
Roman Anthony,21,390,Maj-AL,BOS,71,303,257,48,75,18,1,8,32,40,0,84,5,0,1,2,4,1,0.292,0.396,0.463,0.859,701350,2025
Jonathan Aranda,27,364,Maj-AL,TBR,106,422,370,56,117,22,0,14,59,41,3,107,8,0,3,9,0,2,0.316,0.393,0.489,0.883,666018,2025
Orlando Arcia,30,368,Maj-NL,"ATL,Colorado",76,214,203,13,41,7,1,3,13,10,0,47,0,0,1,4,0,1,0.202,0.238,0.291,0.529,606115,2025
Nolan Arenado,34,365,Maj-NL,STL,106,436,401,48,95,18,1,12,52,28,4,49,3,0,4,10,3,0,0.237,0.289,0.377,0.666,571448,2025
Gabriel Arias,25,360,Maj-AL,CLE,132,481,442,44,97,25,2,11,55,27,1,165,7,1,4,9,8,4,0.219,0.273,0.36,0.633,672356,2025
Randy Arozarena,30,342,Maj-AL,SEA,172,765,661,105,155,33,1,28,78,68,2,210,31,0,5,10,36,6,0.234,0.332,0.415,0.747,668227,2025
Luis Arraez,28,360,Maj-NL,SDP,157,687,631,66,183,30,4,8,61,34,0,22,2,13,7,12,12,4,0.29,0.325,0.388,0.713,650333,2025
Drew Avans,29,469,"Maj-AL,Maj-NL","Athletics,MIL",8,18,17,1,2,0,0,0,1,0,0,6,0,0,1,0,1,0,0.118,0.111,0.118,0.229,682183,2025
Jos\xc3\xa9 Az\xc3\xb3car,29,469,Maj-NL,"ATL,NYY",14,21,19,5,5,0,0,0,1,2,0,1,0,0,0,0,1,0,0.263,0.333,0.263,0.596,640492,2025
Akil Baddoo,26,492,Maj-AL,DET,7,18,17,0,2,1,0,0,1,1,0,5,0,0,0,0,1,0,0.118,0.167,0.176,0.343,668731,2025
Harrison Bader,31,353,"Maj-AL,Maj-NL","MIN,PHI",149,505,450,61,125,24,1,17,55,39,0,137,12,0,4,5,11,7,0.278,0.349,0.449,0.797,664056,2025
Javier B\xc3\xa1ez,32,352,Maj-AL,DET,134,470,449,58,117,19,3,13,62,11,0,112,6,0,3,8,6,1,0.261,0.286,0.403,0.689,595879,2025
Luken Baker,28,508,Maj-NL,STL,19,41,34,3,8,3,0,0,2,7,0,10,0,0,0,3,0,0,0.235,0.366,0.324,0.689,663609,2025
Brooks Baldwin,24,364,Maj-AL,CHC,103,328,300,32,72,15,1,11,38,21,0,86,1,4,2,9,5,0,0.24,0.29,0.407,0.697,681460,2025
Drake Baldwin,24,364,Maj-NL,ATL,124,446,405,56,111,18,2,19,80,38,0,68,3,0,0,9,0,0,0.274,0.341,0.469,0.81,686948,2025
Mois\xc3\xa9s Ballesteros,21,351,Maj-NL,CHC,23,69,60,12,17,2,1,2,11,9,1,13,0,0,0,2,0,0,0.283,0.377,0.45,0.827,694208,2025
Will Banfield,25,389,Maj-NL,CIN,7,10,10,0,1,0,0,0,0,0,0,6,0,0,0,1,0,0,0.1,0.1,0.1,0.2,677943,2025
David Ba\xc3\xb1uelos,28,441,Maj-AL,BAL,1,2,1,0,0,0,0,0,0,0,0,1,1,0,0,0,0,0,0.0,0.5,0.0,0.5,675915,2025
Addison Barger,25,330,Maj-AL,TOR,152,570,520,69,134,36,1,24,83,44,4,133,3,0,2,8,4,1,0.258,0.318,0.469,0.787,680718,2025
Austin Barnes,35,505,Maj-NL,LAD,13,44,42,4,9,3,0,0,2,1,0,14,0,1,0,1,0,0,0.214,0.233,0.286,0.518,605131,2025
Tucker Barnhart,34,485,Maj-AL,TEX,8,15,13,0,3,0,0,0,0,1,0,4,1,0,0,2,0,0,0.231,0.333,0.231,0.564,571466,2025
Jose Barrero,27,462,Maj-NL,STL,22,31,29,4,4,1,0,1,3,1,0,9,1,0,0,0,0,0,0.138,0.194,0.276,0.469,676480,2025
Jorge Barrosa,24,364,Maj-NL,ARI,33,77,71,8,10,3,0,1,7,2,0,22,1,0,3,1,0,0,0.141,0.169,0.225,0.394,678489,2025
Samuel Basallo,20,365,Maj-AL,BAL,31,118,109,10,18,6,0,4,15,6,0,30,3,0,0,4,0,0,0.165,0.229,0.33,0.559,694212,2025
Brett Baty,25,366,Maj-NL,NYY,129,432,393,53,100,13,2,18,50,33,0,108,2,0,3,6,8,0,0.254,0.313,0.435,0.748,683146,2025
Jake Bauers,29,345,Maj-NL,MIL,91,232,196,29,47,10,0,8,31,33,1,62,2,0,1,1,9,1,0.24,0.353,0.413,0.767,641343,2025
Dylan Beavers,23,364,Maj-AL,BAL,35,137,110,16,25,5,1,4,14,26,0,36,0,1,0,0,2,2,0.227,0.375,0.4,0.775,687637,2025
Cody Bellinger,29,354,Maj-AL,NYY,159,687,616,93,166,27,5,30,102,59,2,95,2,0,10,8,13,2,0.269,0.33,0.476,0.806,641355,2025
Andrew Benintendi,30,371,Maj-AL,CHC,116,470,420,57,101,16,2,20,63,40,2,82,3,0,6,5,1,0,0.24,0.307,0.431,0.738,643217,2025
Will Benson,27,361,Maj-NL,CIN,91,255,231,31,52,8,2,12,41,17,1,68,1,0,6,4,2,2,0.225,0.275,0.433,0.707,666181,2025
Steward Berroa,26,407,Maj-NL,MIL,2,6,5,0,0,0,0,0,0,1,0,2,0,0,0,0,1,0,0.0,0.167,0.0,0.167,672642,2025
Jon Berti,35,413,Maj-NL,CHC,51,107,100,12,21,2,0,0,2,5,0,22,2,0,0,1,11,3,0.21,0.262,0.23,0.492,542932,2025
Mookie Betts,32,330,Maj-NL,LAD,167,744,659,99,168,27,3,20,90,71,3,77,4,0,10,17,8,2,0.255,0.327,0.396,0.723,605141,2025
Bo Bichette,27,330,Maj-AL,TOR,146,655,605,80,189,44,1,19,100,44,2,95,3,0,3,18,4,3,0.312,0.36,0.483,0.843,666182,2025
Cavan Biggio,30,490,Maj-AL,KCR,37,83,69,9,12,2,0,1,4,11,0,21,1,2,0,0,1,0,0.174,0.296,0.246,0.543,624415,2025
Tyler Black,24,406,Maj-NL,MIL,5,13,8,1,2,1,0,0,1,5,0,1,0,0,0,0,0,1,0.25,0.538,0.375,0.913,672012,2025
Dairon Blanco,32,483,Maj-AL,KCR,9,8,6,2,1,1,0,0,1,0,0,2,0,2,0,0,3,2,0.167,0.167,0.333,0.5,680118,2025
Ryan Bliss,25,537,Maj-AL,SEA,11,39,35,1,7,1,0,1,3,4,0,11,0,0,0,2,2,2,0.2,0.282,0.314,0.596,669208,2025
Xander Bogaerts,32,360,Maj-NL,SDP,139,564,503,63,133,31,0,11,54,48,3,97,4,1,8,12,21,2,0.264,0.329,0.392,0.72,593428,2025
Alec Bohm,28,353,Maj-NL,PHI,124,522,476,56,137,18,3,11,59,35,2,83,5,0,6,16,2,0,0.288,0.339,0.408,0.747,664761,2025
Rob Brantly,35,525,Maj-NL,MIA,3,7,7,0,3,0,0,0,1,0,0,1,0,0,0,0,0,0,0.429,0.429,0.429,0.857,542963,2025
Alex Bregman,31,360,Maj-AL,BOS,117,508,443,64,121,29,0,18,63,54,3,72,9,0,2,13,1,1,0.273,0.362,0.46,0.823,608324,2025
Will Brennan,27,496,Maj-AL,CLE,6,13,11,0,1,0,0,0,0,1,0,1,1,0,0,1,0,1,0.091,0.231,0.091,0.322,686823,2025
Jonah Bride,29,455,"Maj-AL,Maj-NL","MIA,MIN",45,125,112,7,19,2,0,0,5,11,1,39,1,0,1,1,0,0,0.17,0.248,0.188,0.436,681146,2025
Trenton Brooks,29,429,Maj-NL,SDP,25,43,41,5,6,2,0,1,2,2,0,13,0,0,0,2,0,0,0.146,0.186,0.268,0.454,670092,2025
Vidal Bruj\xc3\xa1n,27,371,"Maj-AL,Maj-NL","ATL,BAL,CHC",60,95,87,14,22,5,0,0,8,6,0,21,1,0,1,1,2,1,0.253,0.305,0.31,0.616,660644,2025
Jake Burger,29,364,Maj-AL,TEX,103,376,356,43,84,15,1,16,53,12,0,93,5,0,3,3,1,1,0.236,0.269,0.419,0.687,669394,2025
Alec Burleson,26,365,Maj-NL,STL,139,546,497,54,144,26,2,18,69,39,1,79,3,1,4,14,5,1,0.29,0.343,0.459,0.801,676475,2025
Michael Busch,27,351,Maj-NL,CHC,163,623,551,82,145,25,5,38,94,59,3,143,11,0,2,3,4,0,0.263,0.345,0.534,0.879,683737,2025
Byron Buxton,31,365,Maj-AL,MIN,126,542,488,97,129,21,7,35,83,41,5,148,7,0,6,0,24,0,0.264,0.327,0.551,0.878,621439,2025
Jos\xc3\xa9 Caballero,28,355,Maj-AL,"NYY,TBR",129,375,318,52,75,18,1,5,36,47,0,99,4,4,2,1,49,11,0.236,0.34,0.346,0.686,676609,2025
Oswaldo Cabrera,26,503,Maj-AL,NYY,34,122,107,17,26,4,0,1,11,11,0,25,2,1,1,1,0,1,0.243,0.322,0.308,0.631,665828,2025
Jac Caglianone,22,364,Maj-AL,KCR,62,232,210,19,33,6,1,7,18,18,0,52,4,0,0,4,1,0,0.157,0.237,0.295,0.532,695506,2025
Owen Caissie,22,379,Maj-NL,CHC,12,27,26,4,5,1,0,1,4,1,0,11,0,0,0,0,0,0,0.192,0.222,0.346,0.568,683357,2025
Alex Call,30,333,Maj-NL,"LAD,Washington",117,337,281,44,76,13,2,5,31,39,0,57,7,6,4,6,2,1,0.27,0.369,0.384,0.753,669743,2025
Tyler Callihan,25,510,Maj-NL,CIN,4,6,6,0,1,0,0,0,1,0,0,1,0,0,0,0,0,0,0.167,0.167,0.167,0.333,682997,2025
Daz Cameron,28,461,Maj-NL,MIL,21,42,41,7,8,1,0,1,3,1,0,13,0,0,0,1,1,0,0.195,0.214,0.293,0.507,663662,2025
Junior Caminero,21,364,Maj-AL,TBR,154,653,602,93,159,28,0,45,110,41,1,125,3,0,7,31,7,1,0.264,0.311,0.535,0.846,691406,2025
Kristian Campbell,23,466,Maj-AL,BOS,67,263,229,24,51,10,0,6,21,29,0,72,4,0,1,1,2,1,0.223,0.319,0.345,0.664,692225,2025
Gustavo Campero,27,412,Maj-AL,LAD,28,66,58,9,10,1,0,3,8,5,0,14,3,0,0,2,4,1,0.172,0.273,0.345,0.618,672569,2025
Luis Campusano,26,441,Maj-NL,SDP,10,27,21,0,0,0,0,0,0,6,0,11,0,0,0,2,0,0,0.0,0.222,0.0,0.222,669134,2025
Jeimer Candelario,31,518,Maj-NL,CIN,22,91,80,3,9,2,0,2,10,9,0,29,0,0,2,1,0,1,0.113,0.198,0.213,0.41,600869,2025
Mark Canha,36,447,Maj-AL,KCR,46,125,113,9,24,3,0,1,6,7,0,24,3,0,2,1,0,1,0.212,0.272,0.265,0.537,592192,2025
Dominic Canzone,27,342,Maj-AL,SEA,92,298,272,31,76,11,0,11,33,21,0,69,3,0,2,7,3,1,0.279,0.336,0.441,0.777,686527,2025
Vinny Capra,28,452,"Maj-AL,Maj-NL","CHC,MIL",47,105,96,10,12,2,0,1,6,3,0,25,1,3,2,5,2,0,0.125,0.157,0.177,0.334,681962,2025
Victor Caratini,31,364,Maj-AL,HOU,114,386,344,35,89,14,0,12,46,23,0,65,13,0,6,8,1,0,0.259,0.324,0.404,0.728,605170,2025
Dylan Carlson,26,366,Maj-AL,BAL,83,241,217,17,44,9,1,6,20,21,0,54,2,0,1,3,3,3,0.203,0.278,0.336,0.614,666185,2025
Kerry Carpenter,27,352,Maj-AL,DET,138,503,465,70,118,19,5,28,68,25,2,117,7,0,2,3,1,1,0.254,0.301,0.497,0.797,681481,2025
Corbin Carroll,24,366,Maj-NL,ARI,143,642,564,107,146,32,17,31,84,67,4,153,7,0,4,6,32,6,0.259,0.343,0.541,0.883,682998,2025
Evan Carter,22,402,Maj-AL,TEX,63,220,194,31,48,9,2,5,25,19,1,41,7,0,0,2,14,2,0.247,0.336,0.392,0.728,694497,2025
Triston Casas,25,513,Maj-AL,BOS,29,112,99,5,18,3,0,3,11,11,2,27,2,0,0,3,0,0,0.182,0.277,0.303,0.58,671213,2025
Nick Castellanos,33,353,Maj-NL,PHI,151,604,562,73,139,29,2,17,75,32,0,136,4,0,6,14,4,0,0.247,0.29,0.397,0.687,592206,2025
Willi Castro,28,364,"Maj-AL,Maj-NL","CHC,MIN",120,454,402,58,91,17,3,11,33,40,1,111,11,1,0,12,10,4,0.226,0.313,0.366,0.679,650489,2025
Jazz Chisholm Jr.,27,354,Maj-AL,NYY,137,556,484,78,116,15,1,32,81,61,1,153,6,1,4,4,31,8,0.24,0.33,0.473,0.803,665862,2025
Jackson Chourio,21,345,Maj-NL,MIL,140,624,582,91,158,38,4,23,86,31,1,130,3,1,7,14,21,7,0.271,0.308,0.469,0.777,694192,2025
Nathan Church,24,364,Maj-NL,STL,27,65,56,9,10,1,0,1,8,3,0,18,3,2,1,0,1,0,0.179,0.254,0.25,0.504,701675,2025
Jonatan Clase,23,454,Maj-AL,TOR,34,112,100,10,21,3,0,2,9,10,0,28,1,1,0,1,3,1,0.21,0.288,0.3,0.588,682729,2025
Kody Clemens,29,364,"Maj-AL,Maj-NL","MIN,PHI",119,386,348,46,74,12,4,19,52,29,1,93,5,2,2,4,5,1,0.213,0.281,0.434,0.715,665019,2025
Ernie Clement,29,330,Maj-AL,TOR,175,665,618,96,181,41,3,10,59,28,1,66,5,7,7,14,7,5,0.293,0.325,0.417,0.743,676391,2025
Zach Cole,24,364,Maj-AL,HOU,15,52,47,9,12,2,0,4,11,5,0,20,0,0,0,0,3,0,0.255,0.327,0.553,0.88,805904,2025
Isaac Collins,27,345,Maj-NL,MIL,136,451,381,57,98,22,3,9,54,58,0,100,6,3,3,8,16,7,0.257,0.362,0.402,0.763,686555,2025
Michael Conforto,32,364,Maj-NL,LAD,137,486,418,54,83,20,0,12,36,56,0,121,9,0,3,12,1,0,0.199,0.305,0.333,0.637,624424,2025
Griffin Conine,27,365,Maj-NL,MIA,24,86,79,13,20,7,0,2,8,7,0,25,0,0,0,0,0,1,0.253,0.314,0.418,0.732,665052,2025
William Contreras,27,345,Maj-NL,MIL,159,696,600,94,155,29,0,19,79,87,4,127,3,0,6,16,6,4,0.258,0.352,0.402,0.754,661388,2025
Willson Contreras,33,377,Maj-NL,STL,135,563,490,70,126,31,1,20,80,44,1,142,23,1,4,15,5,1,0.257,0.344,0.447,0.791,575929,2025
Kenedy Corona,25,442,Maj-AL,HOU,3,4,2,0,0,0,0,0,0,2,0,1,0,0,0,0,0,0,0.0,0.5,0.0,0.5,685744,2025
Carlos Correa,30,365,Maj-AL,"HOU,MIN",144,584,537,63,148,29,0,13,52,45,0,113,1,0,1,19,0,0,0.276,0.332,0.402,0.734,621043,2025
Colton Cowser,25,364,Maj-AL,BAL,92,360,327,36,64,14,0,16,40,27,1,128,6,0,0,5,14,0,0.196,0.269,0.385,0.655,681297,2025
J.P. Crawford,30,342,Maj-AL,SEA,169,701,610,72,159,25,0,13,62,78,1,129,3,7,3,12,8,1,0.261,0.346,0.366,0.711,641487,2025
Blaine Crim,28,364,"Maj-AL,Maj-NL","Colorado,TEX",20,74,65,10,13,2,0,5,12,6,0,28,1,0,2,0,0,0,0.2,0.27,0.462,0.732,688760,2025
Jake Cronenworth,31,360,Maj-NL,SDP,138,526,430,61,103,20,1,11,59,69,1,110,15,4,7,4,3,3,0.24,0.359,0.367,0.726,630105,2025
Jimmy Crooks,23,364,Maj-NL,STL,15,46,45,3,6,0,1,1,1,0,0,17,1,0,0,1,0,0,0.133,0.152,0.244,0.397,699625,2025
Pete Crow-Armstrong,23,351,Maj-NL,CHC,165,676,618,91,151,37,4,31,98,30,1,167,9,7,12,1,36,9,0.244,0.284,0.468,0.752,691718,2025
Travis d\'Arnaud,36,381,Maj-AL,LAD,69,231,213,16,42,13,0,6,21,13,0,74,4,0,1,5,0,0,0.197,0.255,0.343,0.598,518595,2025
Bobby Dalbec,30,513,Maj-AL,CHC,7,21,18,2,4,1,0,0,1,3,0,6,0,0,0,1,0,0,0.222,0.333,0.278,0.611,666915,2025
Logan Davidson,27,374,Maj-AL,"Athletics,LAD",19,47,42,3,7,2,0,1,4,3,0,22,0,2,0,1,0,0,0.167,0.222,0.286,0.508,669722,2025
J.D. Davis,32,518,Maj-AL,LAD,5,9,9,0,1,0,0,0,0,0,0,3,0,0,0,0,0,0,0.111,0.111,0.111,0.222,605204,2025
Bryan De La Cruz,28,529,Maj-NL,ATL,16,50,47,1,9,1,0,0,0,3,0,18,0,0,0,1,1,0,0.191,0.24,0.213,0.453,650559,2025
Elly De La Cruz,23,361,Maj-NL,CIN,164,707,635,103,166,31,7,22,88,69,10,185,2,0,1,14,37,8,0.261,0.335,0.436,0.771,682829,2025
Justin Dean,28,384,Maj-NL,LAD,18,2,2,0,0,0,0,0,0,0,0,1,0,0,0,0,1,0,0.0,0.0,0.0,0.0,681909,2025
Adrian Del Castillo,25,365,Maj-NL,ARI,44,131,120,9,29,6,0,4,17,8,0,47,1,0,2,2,0,0,0.242,0.29,0.392,0.682,680728,2025
Chase DeLauter,23,360,Maj-AL,CLE,2,7,6,0,1,0,0,0,0,1,0,1,0,0,0,1,0,0,0.167,0.286,0.167,0.452,800050,2025
Jonny DeLuca,26,417,Maj-AL,TBR,20,59,57,5,19,1,3,0,4,2,0,13,0,0,0,0,6,0,0.333,0.356,0.456,0.812,676356,2025
Rafael Devers,28,364,"Maj-AL,Maj-NL","BOS,San Francisco",163,729,607,99,153,33,0,35,109,112,10,192,6,0,4,16,1,1,0.252,0.372,0.479,0.851,646240,2025
Zach Dezenzo,25,484,Maj-AL,HOU,34,109,98,17,24,6,0,2,10,11,0,37,0,0,0,2,1,0,0.245,0.321,0.367,0.688,701305,2025
Elias D\xc3\xadaz,34,365,Maj-NL,SDP,106,283,255,34,52,7,0,9,29,21,0,74,2,5,0,11,0,0,0.204,0.27,0.337,0.607,553869,2025
Yainer Diaz,26,364,Maj-AL,HOU,143,567,542,56,139,25,1,20,70,20,2,95,2,0,3,13,1,1,0.256,0.284,0.417,0.701,673237,2025
Yandy D\xc3\xadaz,33,365,Maj-AL,TBR,150,651,583,79,175,29,1,25,83,57,4,92,6,0,5,12,3,1,0.3,0.366,0.482,0.848,650490,2025
Dillon Dingler,26,352,Maj-AL,DET,133,505,465,57,126,23,2,14,59,28,2,120,10,0,1,5,0,0,0.271,0.325,0.419,0.745,693307,2025
Jasson Dom\xc3\xadnguez,22,354,Maj-AL,NYY,124,430,382,59,99,19,1,10,47,41,1,115,3,0,4,5,23,5,0.259,0.333,0.393,0.725,691176,2025
Brendan Donovan,28,368,Maj-NL,STL,118,515,460,64,132,32,0,10,50,42,3,67,7,2,4,4,3,3,0.287,0.353,0.422,0.775,680977,2025
Mauricio Dub\xc3\xb3n,30,364,Maj-AL,HOU,133,398,369,43,89,21,0,7,33,24,0,42,1,3,1,12,3,0,0.241,0.289,0.355,0.644,643289,2025
Blake Dunn,26,507,Maj-NL,CIN,30,75,60,10,9,2,0,1,7,8,0,25,7,0,0,1,1,1,0.15,0.32,0.233,0.553,694362,2025
Oliver Dunn,27,529,Maj-NL,MIL,14,41,36,4,6,2,0,0,6,2,0,11,0,2,1,0,1,0,0.167,0.205,0.222,0.427,686554,2025
Ezequiel Duran,26,364,Maj-AL,TEX,90,219,205,16,46,14,0,0,14,8,0,55,4,1,1,3,11,2,0.224,0.266,0.293,0.559,677649,2025
Jarren Duran,28,360,Maj-AL,BOS,160,708,631,87,160,41,13,16,84,60,1,173,13,1,3,6,24,6,0.254,0.33,0.436,0.765,680776,2025
Caleb Durbin,25,345,Maj-NL,MIL,145,539,474,63,122,27,1,11,55,33,0,58,25,3,4,11,21,7,0.257,0.336,0.388,0.724,702332,2025
Nate Eaton,28,361,Maj-AL,BOS,43,96,86,16,26,5,0,1,4,7,0,20,1,1,1,2,9,2,0.302,0.358,0.395,0.753,681987,2025
Tommy Edman,30,330,Maj-NL,LAD,113,444,409,54,92,16,1,15,57,22,0,79,6,1,6,5,3,1,0.225,0.271,0.379,0.65,669242,2025
Xavier Edwards,25,364,Maj-NL,MIA,139,619,561,75,159,20,5,3,43,49,2,88,3,3,3,6,27,7,0.283,0.343,0.353,0.695,669364,2025
Tim Elko,26,390,Maj-AL,CHC,23,72,67,6,9,1,0,4,8,5,0,30,0,0,0,1,1,0,0.134,0.194,0.328,0.523,671284,2025
Christian Encarnacion-Strand,25,446,Maj-NL,CIN,36,137,130,13,27,4,0,6,19,3,0,32,2,0,2,1,0,2,0.208,0.234,0.377,0.61,687952,2025
Tristin English,28,424,Maj-NL,ARI,7,23,22,0,2,1,0,0,1,1,0,8,0,0,0,0,0,0,0.091,0.13,0.136,0.267,663536,2025
J.C. Escarra,30,411,Maj-AL,NYY,39,98,84,5,17,5,0,2,11,11,0,14,1,0,2,1,1,0,0.202,0.296,0.333,0.629,641555,2025
Santiago Espinal,30,368,Maj-NL,CIN,114,328,301,25,73,12,0,0,16,21,0,38,1,3,2,11,2,1,0.243,0.292,0.282,0.575,669289,2025
Stuart Fairchild,29,446,Maj-NL,ATL,28,55,51,7,11,4,1,0,2,4,0,15,0,0,0,2,2,1,0.216,0.273,0.333,0.606,656413,2025
Hunter Feduccia,28,364,"Maj-AL,Maj-NL","LAD,TBR",38,105,88,5,13,5,0,0,8,15,0,29,0,0,2,0,1,0,0.148,0.267,0.205,0.471,676439,2025
Freddy Fermin,30,360,"Maj-AL,Maj-NL","KCR,SDP",112,358,330,32,84,15,0,5,26,19,1,66,2,7,0,5,1,2,0.255,0.299,0.345,0.645,666023,2025
Jos\xc3\xa9 Ferm\xc3\xadn,26,364,Maj-NL,STL,30,70,60,5,17,5,0,1,9,8,0,10,1,1,0,0,2,2,0.283,0.377,0.417,0.793,665877,2025
Ryan Fitzgerald,31,364,Maj-AL,MIN,24,53,46,10,9,0,0,4,9,7,0,8,0,0,0,0,1,0,0.196,0.302,0.457,0.758,680837,2025
Dominic Fletcher,27,364,Maj-AL,CHC,12,34,32,5,7,5,0,1,2,2,0,2,0,0,0,1,1,0,0.219,0.265,0.469,0.733,666150,2025
Harry Ford,22,347,Maj-AL,SEA,9,9,7,1,2,0,0,0,1,0,0,3,1,0,1,0,0,0,0.286,0.333,0.286,0.619,695670,2025
Nick Fortes,28,365,"Maj-AL,Maj-NL","MIA,TBR",97,242,218,19,50,9,1,5,21,14,0,47,7,2,1,7,1,0,0.229,0.296,0.349,0.644,663743,2025
Justin Foscue,26,434,Maj-AL,TEX,4,9,9,0,1,1,0,0,2,0,0,3,0,0,0,0,0,0,0.111,0.111,0.222,0.333,679822,2025
Jake Fraley,30,383,Maj-NL,"ATL,CIN",76,217,191,31,46,9,0,6,23,25,1,49,1,0,0,1,4,3,0.241,0.332,0.382,0.714,641584,2025
Ty France,30,334,Maj-AL,"MIN,TOR",140,494,448,50,115,25,0,7,53,22,1,84,21,0,3,11,1,0,0.257,0.32,0.359,0.679,664034,2025
Adam Frazier,33,364,"Maj-AL,Maj-NL","KCR,Pittsburgh",134,459,419,43,112,20,0,7,44,26,2,81,8,1,5,8,8,6,0.267,0.319,0.365,0.684,624428,2025
Alex Freeland,23,389,Maj-NL,LAD,29,97,84,10,16,2,1,2,6,11,0,35,1,1,0,3,1,0,0.19,0.292,0.31,0.601,690976,2025
Cody Freeman,24,364,Maj-AL,TEX,36,121,114,13,26,4,0,3,15,5,0,19,0,1,1,3,1,1,0.228,0.258,0.342,0.6,683227,2025
Freddie Freeman,35,330,Maj-NL,LAD,164,707,624,88,179,44,2,26,93,70,9,144,8,0,5,14,7,2,0.287,0.364,0.489,0.852,518692,2025
Sal Frelick,25,345,Maj-NL,MIL,151,628,559,78,157,21,3,12,64,49,0,85,7,3,6,5,20,6,0.281,0.343,0.394,0.737,686217,2025
TJ Friedl,29,361,Maj-NL,CIN,154,695,587,82,152,22,2,14,53,83,0,118,16,4,5,7,12,3,0.259,0.363,0.375,0.738,670770,2025
David Fry,29,369,Maj-AL,CLE,66,157,146,16,25,4,0,8,23,9,0,58,2,0,0,3,1,0,0.171,0.229,0.363,0.592,681807,2025
Adolis Garc\xc3\xada,32,364,Maj-AL,TEX,135,547,507,58,115,28,0,19,75,28,1,135,5,0,7,9,13,4,0.227,0.271,0.394,0.665,666969,2025
Aramis Garcia,32,463,Maj-NL,ARI,2,4,4,0,0,0,0,0,0,0,0,3,0,0,0,0,0,0,0.0,0.0,0.0,0.0,605244,2025
Jhostynxon Garcia,22,395,Maj-AL,BOS,5,9,7,0,1,1,0,0,0,2,0,5,0,0,0,0,0,0,0.143,0.333,0.286,0.619,691373,2025
Maikel Garcia,25,364,Maj-AL,KCR,160,666,595,81,170,39,5,16,74,62,0,84,1,3,5,14,22,9,0.286,0.351,0.449,0.8,672580,2025
Mitch Garver,34,347,Maj-AL,SEA,93,299,261,29,55,5,2,9,31,31,1,82,3,0,4,6,3,0,0.211,0.298,0.349,0.646,641598,2025
Mickey Gasper,29,372,Maj-AL,MIN,45,110,95,15,15,1,0,2,11,10,0,20,3,1,1,1,2,0,0.158,0.257,0.232,0.488,681508,2025
Andr\xc3\xa9s Gim\xc3\xa9nez,26,330,Maj-AL,TOR,119,444,394,49,83,13,1,9,47,29,1,82,14,3,4,8,13,2,0.211,0.286,0.317,0.603,665926,2025
Paul Goldschmidt,37,354,Maj-AL,NYY,151,545,498,77,138,31,1,10,45,37,5,101,5,0,2,8,5,1,0.277,0.332,0.404,0.736,502671,2025
Oscar Gonz\xc3\xa1lez,27,508,Maj-NL,SDP,21,61,59,2,13,1,0,0,4,2,0,13,0,0,0,1,0,1,0.22,0.246,0.237,0.483,660757,2025
Romy Gonzalez,28,360,Maj-AL,BOS,99,350,324,47,97,23,3,9,53,18,1,84,3,0,5,8,6,5,0.299,0.337,0.472,0.809,663853,2025
Nolan Gorman,25,364,Maj-NL,STL,110,402,351,48,72,14,1,14,46,47,2,136,0,0,4,1,1,1,0.205,0.296,0.37,0.666,669357,2025
Tristan Gray,29,364,Maj-AL,TBR,30,86,78,9,18,5,0,3,9,6,0,19,0,1,1,0,0,0,0.231,0.282,0.41,0.693,656484,2025
Riley Greene,24,352,Maj-AL,DET,165,690,633,88,162,33,1,37,113,48,2,210,4,0,5,14,2,1,0.256,0.31,0.487,0.797,682985,2025
Randal Grichuk,33,365,"Maj-AL,Maj-NL","ARI,KCR",113,293,272,35,62,18,1,9,27,17,1,61,1,0,3,6,0,1,0.228,0.273,0.401,0.674,545341,2025
Trent Grisham,28,354,Maj-AL,NYY,150,613,523,91,120,11,1,34,74,85,0,147,4,0,1,7,4,2,0.229,0.341,0.449,0.79,663757,2025
Vladimir Guerrero Jr.,26,330,Maj-AL,TOR,174,769,662,114,201,39,0,31,99,95,14,101,7,0,5,19,6,3,0.304,0.394,0.503,0.897,665489,2025
Luis Guillorme,30,455,Maj-AL,HOU,12,21,20,2,3,0,0,0,0,1,0,8,0,0,0,2,0,0,0.15,0.19,0.15,0.34,641645,2025
Lourdes Gurriel Jr.,31,391,Maj-NL,ARI,129,546,500,52,124,24,2,19,80,31,0,76,6,0,9,11,10,4,0.248,0.295,0.418,0.713,666971,2025
Yuli Gurriel,41,518,Maj-NL,SDP,16,40,36,2,4,1,0,0,3,4,0,8,0,0,0,0,0,0,0.111,0.2,0.139,0.339,493329,2025
Denzer Guzman,21,364,Maj-AL,LAD,13,43,42,4,8,1,0,2,3,1,0,22,0,0,0,0,0,0,0.19,0.209,0.357,0.566,694203,2025
Eric Haase,32,427,Maj-NL,MIL,30,77,70,11,16,3,0,2,9,4,0,31,2,1,0,1,0,0,0.229,0.289,0.357,0.647,606992,2025
Sam Haggerty,31,407,Maj-AL,TEX,64,182,162,31,41,7,3,2,13,16,1,37,2,1,0,1,12,4,0.253,0.328,0.37,0.698,664059,2025
Petey Halpin,23,364,Maj-AL,CLE,6,8,6,5,2,0,0,0,0,2,0,2,0,0,0,0,0,0,0.333,0.5,0.333,0.833,690984,2025
David Hamilton,27,364,Maj-AL,BOS,91,194,177,27,35,4,1,6,19,13,0,47,1,3,0,3,22,6,0.198,0.257,0.333,0.59,666152,2025
Garrett Hampson,30,386,Maj-NL,"ARI,CIN,STL",62,91,77,19,11,2,0,0,1,11,0,29,0,3,0,2,3,1,0.143,0.25,0.169,0.419,641658,2025
Maverick Handley,27,462,Maj-AL,BAL,16,47,41,2,3,0,0,0,3,2,0,18,1,2,1,0,0,0,0.073,0.133,0.073,0.207,668974,2025
Ian Happ,30,351,Maj-NL,CHC,158,696,599,90,141,33,0,25,83,89,2,164,2,1,5,9,6,3,0.235,0.334,0.416,0.75,664023,2025
Bryce Harper,32,353,Maj-NL,PHI,136,598,516,73,134,33,0,27,75,73,6,124,6,0,3,5,12,2,0.26,0.356,0.481,0.837,547180,2025
Dustin Harris,25,379,Maj-AL,TEX,19,43,40,5,8,3,0,1,2,3,0,13,0,0,0,1,1,1,0.2,0.256,0.35,0.606,687957,2025
Michael Harris II,24,364,Maj-NL,ATL,160,641,611,55,152,26,6,20,86,16,1,128,3,4,7,7,20,6,0.249,0.268,0.409,0.678,671739,2025
Ke\'Bryan Hayes,28,361,Maj-NL,"CIN,Pittsburgh",154,576,533,50,124,16,3,5,49,36,1,111,5,1,1,12,12,3,0.233,0.287,0.302,0.589,663647,2025
Austin Hays,29,361,Maj-NL,CIN,105,424,387,63,102,16,5,15,64,30,2,108,1,0,6,9,7,0,0.264,0.314,0.447,0.761,669720,2025
Austin Hedges,32,362,Maj-AL,CLE,68,183,156,13,25,3,0,5,10,20,0,44,1,4,2,2,1,2,0.16,0.257,0.276,0.533,595978,2025
Jonah Heim,30,364,Maj-AL,TEX,124,433,395,38,84,14,0,11,43,32,0,88,1,1,4,10,3,0,0.213,0.271,0.332,0.602,641680,2025
Tyler Heineman,34,335,Maj-AL,TOR,62,177,152,25,43,8,1,3,20,12,0,32,6,5,2,1,2,0,0.283,0.355,0.408,0.763,623168,2025
Michael Helman,29,364,Maj-AL,TEX,38,110,99,18,23,5,1,5,20,7,0,21,1,3,0,0,4,0,0.232,0.29,0.455,0.744,680737,2025
Gunnar Henderson,24,364,Maj-AL,BAL,154,651,577,85,158,34,5,17,68,62,6,137,7,0,5,7,30,5,0.274,0.349,0.438,0.787,683002,2025
Enrique Hern\xc3\xa1ndez,33,330,Maj-NL,LAD,109,325,296,39,63,12,0,11,42,22,0,92,0,1,6,7,0,0,0.213,0.262,0.365,0.627,571771,2025
Heriberto Hern\xc3\xa1ndez,25,364,Maj-NL,MIA,87,294,256,40,68,12,1,10,45,31,0,77,3,0,4,6,1,1,0.266,0.347,0.438,0.784,681715,2025
Teoscar Hern\xc3\xa1ndez,32,330,Maj-NL,LAD,151,622,581,73,144,30,1,30,102,31,0,155,3,0,6,14,5,2,0.248,0.287,0.458,0.744,606192,2025
Iv\xc3\xa1n Herrera,25,364,Maj-NL,STL,107,452,388,54,110,13,0,19,66,43,1,84,15,0,4,20,8,2,0.284,0.373,0.464,0.837,671056,2025
Jos\xc3\xa9 Herrera,28,404,Maj-NL,ARI,57,204,166,21,31,6,0,2,17,23,0,47,1,11,3,2,0,0,0.187,0.285,0.259,0.544,645444,2025
Jason Heyward,35,492,Maj-NL,SDP,34,95,85,9,15,2,0,2,12,6,0,20,0,0,3,1,0,1,0.176,0.223,0.271,0.494,518792,2025
Brewer Hicklen,29,507,Maj-AL,DET,1,4,3,2,2,0,0,0,0,1,0,1,0,0,0,0,1,0,0.667,0.75,0.667,1.417,676551,2025
Liam Hicks,26,365,Maj-NL,MIA,119,390,332,37,82,13,1,6,45,43,0,56,9,3,3,5,2,0,0.247,0.346,0.346,0.693,689414,2025
Kyle Higashioka,35,365,Maj-AL,TEX,94,327,303,33,73,14,1,11,47,20,0,72,2,0,2,5,3,1,0.241,0.291,0.403,0.693,543309,2025
Derek Hill,29,364,"Maj-AL,Maj-NL","CHC,MIA",57,149,134,19,29,6,0,3,11,9,0,48,3,3,0,3,7,0,0.216,0.281,0.328,0.609,656537,2025
Rece Hinds,24,425,Maj-NL,CIN,15,44,43,6,5,1,0,2,3,1,0,21,0,0,0,1,0,0,0.116,0.136,0.279,0.415,677956,2025
Nico Hoerner,28,351,Maj-NL,CHC,164,682,630,93,191,30,4,8,63,39,1,51,8,0,5,5,30,7,0.303,0.349,0.402,0.751,663538,2025
Jackson Holliday,21,364,Maj-AL,BAL,149,649,586,70,142,21,3,17,55,56,1,140,6,0,1,4,17,10,0.242,0.314,0.375,0.69,702616,2025
Rhys Hoskins,32,368,Maj-NL,MIL,90,328,279,30,66,12,1,12,43,38,2,91,5,0,6,6,2,1,0.237,0.332,0.416,0.748,656555,2025
Cooper Hummel,30,420,Maj-AL,"BAL,HOU",37,105,88,10,15,0,0,3,7,14,0,31,2,1,0,1,1,0,0.17,0.298,0.273,0.571,669450,2025
Jacob Hurtubise,27,507,Maj-NL,CIN,12,15,12,3,1,0,0,0,0,1,0,6,2,0,0,0,0,0,0.083,0.267,0.083,0.35,674441,2025
Andy Ib\xc3\xa1\xc3\xb1ez,32,355,Maj-AL,DET,92,194,177,24,43,8,0,4,22,12,0,26,4,0,1,6,4,1,0.243,0.304,0.356,0.66,628451,2025
Jose Iglesias,35,360,Maj-NL,SDP,114,345,308,29,70,11,0,3,36,24,0,56,7,4,2,7,5,1,0.227,0.296,0.292,0.588,578428,2025
Jonathan India,28,364,Maj-AL,KCR,136,567,497,63,116,29,0,9,45,54,0,106,13,1,2,10,0,4,0.233,0.323,0.346,0.669,663697,2025
Kyle Isbel,28,375,Maj-AL,KCR,135,409,368,42,94,16,4,4,33,23,0,74,2,13,3,7,4,5,0.255,0.301,0.353,0.654,664728,2025
Alex Jackson,29,367,Maj-AL,BAL,36,100,91,17,20,8,0,5,8,5,0,37,4,0,0,2,0,0,0.22,0.29,0.473,0.763,656577,2025
Jeremiah Jackson,25,365,Maj-AL,BAL,48,183,170,20,47,10,2,5,21,11,0,50,2,0,0,6,0,2,0.276,0.328,0.447,0.775,669236,2025
Travis Jankowski,34,446,"Maj-AL,Maj-NL","CHC,NYY,TBR",25,50,45,8,11,2,0,0,2,3,0,12,0,1,1,0,2,0,0.244,0.286,0.289,0.575,608671,2025
Danny Jansen,30,364,"Maj-AL,Maj-NL","MIL,TBR",98,337,288,38,62,11,0,14,36,42,0,86,4,1,2,5,0,0,0.215,0.321,0.399,0.721,643376,2025
Ryan Jeffers,28,364,Maj-AL,MIN,119,464,406,47,108,26,0,9,47,50,1,91,7,0,1,9,1,1,0.266,0.356,0.397,0.752,680777,2025
Carter Jensen,21,364,Maj-AL,KCR,20,69,60,12,18,6,0,3,13,9,0,12,0,0,0,1,0,0,0.3,0.391,0.55,0.941,695600,2025
Leo Jimenez,24,424,Maj-AL,TOR,18,32,29,2,2,0,0,1,1,2,0,8,0,1,0,1,0,0,0.069,0.129,0.172,0.301,677870,2025
Connor Joe,32,424,Maj-NL,"CIN,SDP",42,80,70,2,13,4,0,0,4,7,0,20,1,0,2,2,2,2,0.186,0.263,0.243,0.505,656582,2025
Bryce Johnson,29,360,Maj-NL,SDP,57,87,78,9,26,4,0,1,8,3,0,20,3,3,0,1,4,1,0.333,0.381,0.423,0.804,669369,2025
Daniel Johnson,29,382,"Maj-AL,Maj-NL","BAL,San Francisco",30,57,53,13,10,3,0,1,1,4,0,13,0,0,0,0,2,1,0.189,0.246,0.302,0.548,669288,2025
Troy Johnston,28,365,Maj-NL,MIA,44,121,112,12,31,2,1,4,13,8,0,26,1,0,0,1,2,2,0.277,0.331,0.42,0.75,687859,2025
Greg Jones,27,529,Maj-AL,CHC,3,2,2,0,0,0,0,0,0,0,0,2,0,0,0,0,1,0,0.0,0.0,0.0,0.0,675659,2025
Jahmai Jones,27,354,Maj-AL,DET,76,154,131,23,38,12,1,7,24,20,1,33,3,0,0,3,2,0,0.29,0.396,0.557,0.953,663330,2025
Nolan Jones,27,373,Maj-AL,CLE,136,403,355,34,75,14,2,5,34,39,1,113,5,1,3,6,8,3,0.211,0.296,0.304,0.6,666134,2025
Aaron Judge,33,354,Maj-AL,NYY,159,710,567,142,192,32,2,54,121,128,38,165,8,0,7,16,12,5,0.339,0.462,0.688,1.15,592450,2025
Edouard Julien,26,366,Maj-AL,MIN,64,208,182,13,40,10,0,3,12,22,0,61,2,1,1,3,0,3,0.22,0.309,0.324,0.633,666397,2025
Corey Julks,29,367,Maj-AL,CHC,6,13,12,2,3,2,0,0,1,0,0,3,0,0,1,0,0,0,0.25,0.231,0.417,0.647,667452,2025
Jace Jung,24,372,Maj-AL,DET,20,55,47,8,5,0,0,0,3,7,0,16,1,0,0,2,0,0,0.106,0.236,0.106,0.343,690291,2025
Josh Jung,27,364,Maj-AL,TEX,131,511,482,53,121,23,1,14,61,27,0,129,2,0,0,10,3,1,0.251,0.294,0.39,0.684,673962,2025
Connor Kaiser,28,364,Maj-NL,ARI,11,19,18,1,2,1,0,0,2,1,0,5,0,0,0,1,0,0,0.111,0.158,0.167,0.325,663731,2025
Niko Kavadas,26,391,Maj-AL,LAD,10,23,20,0,2,0,0,0,0,3,0,10,0,0,0,0,0,0,0.1,0.217,0.1,0.317,694359,2025
CJ Kayfus,23,360,Maj-AL,CLE,47,145,129,16,28,10,1,4,19,12,0,38,2,1,1,0,4,0,0.217,0.292,0.403,0.695,692216,2025
Luke Keaschall,22,369,Maj-AL,MIN,49,207,182,25,55,14,0,4,28,19,0,29,5,0,1,4,14,3,0.302,0.382,0.445,0.827,807712,2025
DaShawn Keirsey Jr.,28,364,Maj-AL,MIN,74,88,84,11,9,0,0,2,6,2,0,33,1,1,0,1,10,3,0.107,0.138,0.179,0.317,680577,2025
Colt Keith,23,352,Maj-AL,DET,142,485,429,65,107,22,2,13,45,49,1,107,3,0,4,8,1,2,0.249,0.328,0.401,0.729,690993,2025
Jarred Kelenic,25,424,Maj-NL,ATL,24,65,60,7,10,2,0,2,2,5,0,23,0,0,0,1,0,1,0.167,0.231,0.3,0.531,672284,2025
Carson Kelly,30,351,Maj-NL,CHC,119,451,397,50,97,13,1,18,51,46,1,92,4,0,4,11,2,0,0.244,0.326,0.418,0.744,608348,2025
Otto Kemp,25,356,Maj-NL,PHI,63,220,199,26,46,11,0,8,28,12,0,69,7,0,2,4,2,2,0.231,0.295,0.407,0.702,805249,2025
Buddy Kennedy,26,400,"Maj-AL,Maj-NL","LAD,PHI,TOR",13,32,29,2,2,1,0,0,1,2,0,8,1,0,0,0,0,0,0.069,0.156,0.103,0.26,671083,2025
Max Kepler,32,353,Maj-NL,PHI,131,489,429,61,92,20,1,18,52,51,3,95,4,1,4,10,4,0,0.214,0.301,0.392,0.693,596146,2025
Carter Kieboom,27,364,Maj-AL,LAD,3,8,8,0,2,0,0,0,1,0,0,1,0,0,0,0,0,0,0.25,0.25,0.25,0.5,666198,2025
Ha-Seong Kim,29,364,"Maj-AL,Maj-NL","ATL,TBR",48,191,171,19,40,4,0,5,17,16,0,39,2,0,2,2,6,2,0.234,0.304,0.345,0.649,673490,2025
Hyeseong Kim,26,364,Maj-NL,LAD,71,170,161,19,45,6,1,3,17,7,0,52,1,1,0,0,13,1,0.28,0.314,0.385,0.699,808975,2025
Isiah Kiner-Falefa,30,330,"Maj-AL,Maj-NL","Pittsburgh,TOR",151,499,468,49,119,23,2,2,42,18,0,81,5,7,1,9,16,4,0.254,0.289,0.325,0.613,643396,2025
Scott Kingery,31,381,Maj-AL,LAD,19,29,27,3,4,1,0,0,0,2,0,11,0,0,0,1,1,1,0.148,0.207,0.185,0.392,664068,2025
Alejandro Kirk,26,330,Maj-AL,TOR,148,589,522,56,145,20,0,20,89,57,3,72,3,0,7,18,1,0,0.278,0.348,0.431,0.779,672386,2025
Heston Kjerstad,26,478,Maj-AL,BAL,54,167,156,16,30,5,2,4,19,6,0,45,4,0,1,9,1,0,0.192,0.24,0.327,0.566,677008,2025
Ryan Kreidler,27,525,Maj-AL,DET,17,44,38,5,4,0,0,0,0,4,0,19,0,2,0,0,2,0,0.105,0.19,0.105,0.296,668952,2025
Steven Kwan,27,360,Maj-AL,CLE,159,705,637,83,172,31,1,11,56,55,2,60,3,3,7,3,21,5,0.27,0.328,0.374,0.701,680757,2025
Wyatt Langford,23,369,Maj-AL,TEX,134,573,489,73,118,25,1,22,62,74,3,151,5,0,5,9,22,6,0.241,0.344,0.431,0.775,694671,2025
Trevor Larnach,28,364,Maj-AL,MIN,142,567,503,62,126,24,1,17,60,53,2,122,4,0,6,19,4,4,0.25,0.323,0.404,0.727,663616,2025
Ram\xc3\xb3n Laureano,30,368,"Maj-AL,Maj-NL","BAL,SDP",132,488,441,72,124,26,2,24,76,35,1,119,8,0,4,10,7,4,0.281,0.342,0.512,0.855,657656,2025
Jordan Lawlar,22,364,Maj-NL,ARI,27,74,66,9,12,7,0,0,5,6,0,26,1,0,1,0,2,0,0.182,0.257,0.288,0.545,691783,2025
Brooks Lee,24,364,Maj-AL,MIN,139,527,487,50,115,15,1,16,64,31,0,92,4,0,5,11,3,1,0.236,0.285,0.37,0.654,686797,2025
Korey Lee,26,365,Maj-AL,CHC,25,40,35,10,9,3,0,1,3,4,0,7,0,1,0,1,0,0,0.257,0.333,0.429,0.762,686676,2025
Jack Leiter,25,454,Maj-AL,TEX,1,1,1,0,0,0,0,0,0,0,0,1,0,0,0,0,0,0,0.0,0.0,0.0,0.0,683004,2025
DJ LeMahieu,36,448,Maj-AL,NYY,45,142,128,13,34,3,0,2,12,14,0,35,0,0,0,4,0,0,0.266,0.338,0.336,0.674,518934,2025
Sandy Le\xc3\xb3n,36,372,Maj-NL,ATL,5,12,12,1,1,0,0,1,3,0,0,4,0,0,0,0,0,0,0.083,0.083,0.333,0.417,506702,2025
Royce Lewis,26,364,Maj-AL,MIN,106,403,376,36,89,18,0,13,52,25,0,80,0,0,2,7,12,2,0.237,0.283,0.388,0.671,668904,2025
Francisco Lindor,31,364,Maj-NL,NYY,160,732,644,117,172,35,0,31,86,65,2,131,16,0,7,9,31,6,0.267,0.346,0.466,0.811,596019,2025
Tyler Locklear,24,385,Maj-NL,ARI,31,116,103,11,18,0,0,3,6,10,0,43,3,0,0,3,3,1,0.175,0.267,0.262,0.529,682988,2025
Brandon Lockridge,28,354,Maj-NL,"MIL,SDP",68,150,136,17,31,7,1,0,11,8,0,37,1,3,2,2,10,1,0.228,0.272,0.294,0.566,663604,2025
Nick Loftin,26,381,Maj-AL,KCR,67,188,168,17,35,9,2,4,20,14,0,27,3,1,2,7,1,1,0.208,0.278,0.357,0.635,679845,2025
Joey Loperfido,26,345,Maj-AL,TOR,42,105,97,12,32,4,0,4,14,4,0,27,3,1,0,2,1,2,0.33,0.375,0.495,0.87,694388,2025
Nicky Lopez,30,497,"Maj-AL,Maj-NL","CHC,LAD",18,28,24,2,1,0,0,0,1,4,0,4,0,0,0,1,0,0,0.042,0.179,0.042,0.22,670032,2025
Otto Lopez,26,364,Maj-NL,MIA,143,594,544,66,134,21,0,15,77,44,2,82,3,0,3,9,15,6,0.246,0.305,0.368,0.672,672640,2025
Brandon Lowe,30,365,Maj-AL,TBR,134,553,507,79,130,19,0,31,83,38,1,149,2,0,6,6,3,2,0.256,0.307,0.477,0.785,664040,2025
Josh Lowe,27,364,Maj-AL,TBR,108,435,396,56,87,21,2,11,40,33,1,109,3,1,2,7,18,4,0.22,0.283,0.366,0.65,666139,2025
Nathaniel Lowe,29,360,"Maj-AL,Maj-NL","BOS,Washington",156,616,547,64,124,23,3,18,84,62,2,160,2,0,5,7,1,0,0.227,0.305,0.378,0.684,663993,2025
Matthew Lugo,24,380,Maj-AL,LAD,31,70,69,9,16,2,1,4,9,0,0,24,1,0,0,3,0,0,0.232,0.243,0.464,0.707,683090,2025
Nathan Lukes,30,330,Maj-AL,TOR,152,506,450,60,116,23,2,12,73,43,2,70,2,8,3,13,2,4,0.258,0.323,0.398,0.721,664770,2025
Gavin Lux,27,361,Maj-NL,CIN,142,509,452,51,123,28,2,5,53,56,0,115,0,0,1,3,1,0,0.272,0.352,0.376,0.728,666158,2025
Manny Machado,32,360,Maj-NL,SDP,162,690,625,92,170,33,0,28,97,57,4,134,3,0,5,16,14,3,0.272,0.333,0.459,0.793,592518,2025
Vimael Mach\xc3\xadn,31,397,Maj-AL,BAL,4,12,11,1,1,0,0,1,1,1,0,2,0,0,0,0,0,0,0.091,0.167,0.364,0.53,605353,2025
Luke Maile,34,368,Maj-AL,KCR,25,54,45,6,11,2,0,1,6,7,0,16,0,2,0,1,1,0,0.244,0.346,0.356,0.702,571912,2025
Mart\xc3\xadn Maldonado,38,424,Maj-NL,SDP,64,161,147,11,30,6,0,4,12,8,0,57,0,6,0,3,0,0,0.204,0.245,0.327,0.572,455117,2025
Justyn-Henry Malloy,25,361,Maj-AL,DET,53,128,105,15,23,6,0,1,17,20,0,33,1,0,2,1,0,0,0.219,0.344,0.305,0.649,669234,2025
Jake Mangum,29,364,Maj-AL,TBR,118,428,405,37,120,18,1,3,40,19,0,64,2,1,1,4,27,6,0.296,0.33,0.368,0.698,663968,2025
Kyle Manzardo,24,360,Maj-AL,CLE,145,543,481,47,111,19,2,27,70,49,2,138,8,0,5,8,2,0,0.231,0.309,0.447,0.756,700932,2025
Rafael March\xc3\xa1n,26,364,Maj-NL,PHI,42,118,105,9,22,4,0,2,13,10,0,17,1,1,1,1,0,0,0.21,0.282,0.305,0.587,665561,2025
Manuel Margot,30,538,Maj-AL,DET,6,20,19,1,6,0,0,0,3,0,0,6,0,0,1,0,0,0,0.316,0.3,0.316,0.616,622534,2025
Jakob Marsee,24,364,Maj-NL,MIA,55,234,209,28,61,18,3,5,33,22,0,48,2,0,1,2,14,6,0.292,0.363,0.478,0.842,805300,2025
Brandon Marsh,27,353,Maj-NL,PHI,137,440,392,60,107,25,2,11,44,39,1,115,0,3,5,2,7,2,0.273,0.335,0.431,0.766,669016,2025
Ketel Marte,31,364,Maj-NL,ARI,126,556,480,87,136,28,0,28,72,64,6,83,9,0,3,12,4,2,0.283,0.376,0.517,0.893,606466,2025
Noelvi Marte,23,362,Maj-NL,CIN,91,364,342,46,89,17,2,14,51,17,0,87,3,0,2,7,10,3,0.26,0.299,0.444,0.744,682622,2025
Starling Marte,36,365,Maj-NL,NYY,98,329,293,37,79,14,0,9,34,22,0,68,9,1,4,7,7,2,0.27,0.335,0.41,0.745,516782,2025
Austin Martin,26,364,Maj-AL,MIN,50,181,156,22,44,8,1,1,7,22,0,31,1,2,0,6,11,4,0.282,0.374,0.365,0.74,668885,2025
Angel Mart\xc3\xadnez,23,362,Maj-AL,CLE,140,487,449,57,101,23,2,11,45,23,0,112,6,5,4,8,8,2,0.225,0.27,0.359,0.628,682657,2025
Michael Massey,27,364,Maj-AL,KCR,77,277,262,20,64,9,0,3,20,9,0,43,1,1,4,3,2,1,0.244,0.268,0.313,0.581,686681,2025
Miles Mastrobuoni,29,349,Maj-AL,SEA,77,176,153,20,38,4,0,1,12,17,0,30,0,5,1,2,6,3,0.248,0.322,0.294,0.616,670156,2025
Jorge Mateo,30,364,Maj-AL,BAL,42,83,79,9,14,4,0,1,3,4,0,30,0,0,0,1,15,2,0.177,0.217,0.266,0.483,622761,2025
Nick Maton,28,507,Maj-AL,CHC,25,63,54,5,9,2,0,2,4,9,0,19,0,0,0,0,0,1,0.167,0.286,0.315,0.601,665155,2025
Brice Matthews,23,364,Maj-AL,HOU,13,47,42,6,7,0,0,4,9,2,0,20,1,2,0,0,1,0,0.167,0.222,0.452,0.675,694728,2025
Ronny Mauricio,24,364,Maj-NL,NYY,61,184,168,19,38,6,0,6,10,15,1,54,1,0,0,5,4,0,0.226,0.293,0.369,0.663,677595,2025
Marcelo Mayer,22,431,Maj-AL,BOS,44,136,127,19,29,8,1,4,10,8,0,41,0,0,1,2,0,2,0.228,0.272,0.402,0.674,691785,2025
Coby Mayo,23,364,Maj-AL,BAL,85,294,263,30,57,12,0,11,28,27,0,84,4,0,0,2,3,0,0.217,0.299,0.388,0.687,691723,2025
James McCann,35,364,Maj-NL,ARI,42,137,123,18,32,6,0,5,17,8,0,33,4,1,1,3,0,0,0.26,0.324,0.431,0.754,543510,2025
Jake McCarthy,27,364,Maj-NL,ARI,67,222,206,18,42,7,5,4,20,10,0,40,2,3,1,2,6,0,0.204,0.247,0.345,0.591,664983,2025
Chas McCormick,30,395,Maj-AL,HOU,64,116,100,13,21,5,0,1,5,9,0,31,1,5,1,1,2,3,0.21,0.279,0.29,0.569,676801,2025
Mason McCoy,30,364,Maj-NL,SDP,18,26,22,5,3,1,0,0,1,3,0,7,1,0,0,0,2,0,0.136,0.269,0.182,0.451,669200,2025
Carson McCusker,27,364,Maj-AL,MIN,16,30,29,0,5,0,0,0,1,1,0,16,0,0,0,0,0,1,0.172,0.2,0.172,0.372,676812,2025
Reese McGuire,30,364,Maj-NL,CHC,44,140,133,17,30,2,0,9,24,4,0,27,0,1,2,3,0,0,0.226,0.245,0.444,0.688,624512,2025
Billy McKinney,30,364,Maj-AL,TEX,6,21,20,4,4,1,0,0,1,1,0,1,0,0,0,0,0,0,0.2,0.238,0.25,0.488,641856,2025
Zach McKinstry,30,352,Maj-AL,DET,152,545,481,70,122,23,11,12,52,50,1,121,7,2,5,6,20,5,0.254,0.33,0.422,0.752,656716,2025
Matt McLain,25,361,Maj-NL,CIN,149,585,517,74,114,19,0,15,50,56,0,172,5,3,4,8,18,2,0.221,0.301,0.344,0.645,680574,2025
Ryan McMahon,30,354,"Maj-AL,Maj-NL","Colorado,NYY",160,601,523,64,113,23,1,21,54,71,1,191,4,0,3,7,3,1,0.216,0.313,0.384,0.697,641857,2025
Jeff McNeil,33,364,Maj-NL,NYY,122,462,399,42,97,21,5,12,54,49,4,55,8,2,4,5,3,0,0.243,0.335,0.411,0.746,643446,2025
Curtis Mead,24,364,Maj-AL,"CHC,TBR",90,264,240,26,56,10,1,3,19,15,0,63,8,0,1,9,5,1,0.233,0.299,0.321,0.62,678554,2025
Parker Meadows,25,352,Maj-AL,DET,66,245,220,25,45,6,2,4,16,22,0,66,0,2,1,0,4,0,0.205,0.276,0.305,0.58,678009,2025
Chase Meidroth,23,364,Maj-AL,CHC,122,505,450,54,114,15,0,5,23,45,0,72,6,3,1,14,14,4,0.253,0.329,0.32,0.649,805367,2025
MJ Melendez,26,424,Maj-AL,KCR,23,65,60,5,5,2,0,1,1,3,0,23,2,0,0,0,0,0,0.083,0.154,0.167,0.321,669004,2025
Jacob Melton,24,364,Maj-AL,HOU,32,78,70,7,11,0,1,0,7,6,0,29,1,0,0,2,7,2,0.157,0.234,0.186,0.419,689200,2025
Jackson Merrill,22,360,Maj-NL,SDP,118,495,449,61,119,27,6,17,69,34,1,110,4,2,6,5,1,2,0.265,0.318,0.465,0.784,701538,2025
Matt Mervis,27,489,Maj-NL,MIA,42,134,120,15,21,4,0,7,14,11,1,50,2,0,1,1,0,0,0.175,0.254,0.383,0.637,670223,2025
V\xc3\xadctor Mesa Jr.,23,378,Maj-NL,MIA,16,38,32,7,6,2,0,1,6,5,0,5,0,1,0,0,0,0,0.188,0.297,0.344,0.641,683748,2025
Jake Meyers,29,368,Maj-AL,HOU,103,381,343,53,100,15,2,3,24,31,0,67,3,2,2,9,16,5,0.292,0.354,0.373,0.727,676694,2025
Jos\xc3\xa9 Miranda,27,533,Maj-AL,MIN,12,36,36,2,6,0,0,1,5,0,0,13,0,0,0,0,0,0,0.167,0.167,0.25,0.417,669304,2025
Kameron Misner,27,463,Maj-AL,TBR,71,217,197,27,42,9,1,5,22,16,0,69,1,1,2,1,8,1,0.213,0.273,0.345,0.618,670224,2025
Garrett Mitchell,26,520,Maj-NL,MIL,25,78,68,9,14,4,1,0,3,7,0,25,1,1,1,0,3,0,0.206,0.286,0.294,0.58,669003,2025
Andruw Monasterio,28,345,Maj-NL,MIL,69,136,126,19,34,9,0,4,16,8,0,32,2,0,0,1,2,1,0.27,0.324,0.437,0.76,655316,2025
Yo\xc3\xa1n Moncada,30,367,Maj-AL,LAD,83,289,248,39,58,13,2,12,35,32,1,75,7,0,2,4,0,0,0.234,0.336,0.448,0.783,660162,2025
Coco Montes,28,529,Maj-AL,TBR,5,10,10,0,2,0,0,0,1,0,0,3,0,0,0,0,0,0,0.2,0.2,0.2,0.4,663796,2025
Colson Montgomery,23,364,Maj-AL,CHC,71,284,255,43,61,9,1,21,55,25,1,83,2,0,1,3,0,0,0.239,0.311,0.529,0.84,695657,2025
Christian Moore,22,364,Maj-AL,LAD,53,184,162,20,32,5,1,7,16,19,0,62,1,1,1,3,3,0,0.198,0.284,0.37,0.655,695681,2025
Dylan Moore,32,364,Maj-AL,"SEA,TEX",106,243,219,35,44,5,0,11,25,20,0,82,1,0,3,1,14,5,0.201,0.267,0.374,0.642,664238,2025
Christopher Morel,26,365,Maj-AL,TBR,105,305,278,37,61,16,0,11,33,25,0,109,2,0,0,8,7,2,0.219,0.289,0.396,0.684,666624,2025
Gabriel Moreno,25,364,Maj-NL,ARI,83,309,277,44,79,12,1,9,40,29,3,53,1,0,2,6,2,2,0.285,0.353,0.433,0.786,672515,2025
Ryan Mountcastle,28,364,Maj-AL,BAL,89,357,332,34,83,18,0,7,35,15,0,98,4,0,6,10,3,0,0.25,0.286,0.367,0.653,663624,2025
Cedric Mullins,30,364,"Maj-AL,Maj-NL","BAL,NYY",133,498,435,58,94,23,1,17,59,50,0,120,4,3,6,2,22,4,0.216,0.299,0.391,0.69,656775,2025
Max Muncy,34,330,Maj-NL,LAD,117,456,369,56,88,12,2,22,70,75,3,100,7,0,5,6,4,0,0.238,0.373,0.461,0.834,571970,2025
Sean Murphy,30,386,Maj-NL,ATL,94,337,291,34,58,13,0,16,45,35,1,105,8,0,3,9,0,0,0.199,0.3,0.409,0.709,669221,2025
Dane Myers,29,369,Maj-NL,MIA,106,333,307,29,72,10,0,6,31,23,0,77,2,0,1,12,18,5,0.235,0.291,0.326,0.617,667472,2025
Carlos Narv\xc3\xa1ez,26,360,Maj-AL,BOS,121,457,411,51,97,27,0,15,50,41,0,115,1,2,2,13,1,1,0.236,0.305,0.411,0.717,665966,2025
Omar Narv\xc3\xa1ez,33,529,Maj-AL,CHC,4,10,7,1,2,0,0,0,3,2,0,1,0,0,1,0,0,0,0.286,0.4,0.286,0.686,553882,2025
Brian Navarreto,30,364,Maj-NL,MIA,8,15,14,3,4,2,0,1,5,0,0,3,0,0,1,0,0,0,0.286,0.267,0.643,0.91,640459,2025
Bo Naylor,25,360,Maj-AL,CLE,126,422,367,47,71,22,1,15,50,45,0,100,1,3,6,4,1,2,0.193,0.279,0.381,0.661,666310,2025
Josh Naylor,28,342,"Maj-AL,Maj-NL","ARI,SEA",159,655,590,88,176,31,1,23,97,52,4,89,4,0,5,18,32,2,0.298,0.356,0.471,0.828,647304,2025
Ryne Nelson,27,546,Maj-NL,ARI,1,1,1,1,1,0,0,0,1,0,0,0,0,0,0,0,0,0,1.0,1.0,1.0,2.0,669194,2025
Zach Neto,24,381,Maj-AL,LAD,128,554,502,82,129,29,1,26,62,33,6,149,14,2,3,5,26,9,0.257,0.319,0.474,0.793,687263,2025
Kevin Newman,31,425,Maj-AL,LAD,56,116,114,13,23,2,0,2,11,1,0,23,0,1,0,5,1,0,0.202,0.209,0.272,0.481,621028,2025
Tom\xc3\xa1s Nido,31,498,Maj-AL,DET,10,37,35,4,12,0,0,0,2,0,0,10,1,1,0,1,0,0,0.343,0.361,0.343,0.704,621512,2025
Brandon Nimmo,32,364,Maj-NL,NYY,155,652,587,81,154,27,0,25,92,50,1,141,7,1,7,8,13,1,0.262,0.324,0.436,0.76,607043,2025
Ryan Noda,29,410,Maj-AL,"BAL,CHC",23,59,47,3,5,0,0,1,2,11,2,25,0,1,0,0,1,0,0.106,0.276,0.17,0.446,676116,2025
Jhonkensy Noel,23,362,Maj-AL,CLE,70,156,151,19,24,2,0,6,13,4,0,55,0,0,1,4,0,0,0.159,0.179,0.291,0.471,678877,2025
Lars Nootbaar,27,365,Maj-NL,STL,135,583,509,68,119,24,1,13,48,64,3,119,6,1,3,4,4,5,0.234,0.325,0.361,0.686,663457,2025
Connor Norby,25,364,Maj-NL,MIA,88,337,311,42,78,17,1,8,34,18,0,90,5,0,3,3,8,2,0.251,0.3,0.389,0.689,681393,2025
Dom Nu\xc3\xb1ez,30,473,Maj-AL,CLE,2,7,7,2,2,0,0,0,0,0,0,4,0,0,0,0,0,0,0.286,0.286,0.286,0.571,624513,2025
Ryan O\'Hearn,31,360,"Maj-AL,Maj-NL","BAL,SDP",147,555,483,67,135,21,1,17,63,59,4,110,9,0,4,11,3,1,0.28,0.366,0.433,0.798,656811,2025
Logan O\'Hoppe,25,364,Maj-AL,LAD,119,451,423,35,90,8,1,19,43,24,0,139,2,1,1,12,2,1,0.213,0.258,0.371,0.629,681351,2025
Tyler O\'Neill,30,364,Maj-AL,BAL,54,209,181,22,36,6,1,9,26,22,1,51,3,0,3,2,4,0,0.199,0.292,0.392,0.684,641933,2025
Shohei Ohtani,30,330,Maj-NL,LAD,175,811,679,159,190,28,10,63,116,125,29,210,3,0,2,9,21,7,0.28,0.393,0.629,1.022,660271,2025
Matt Olson,31,364,Maj-NL,ATL,162,724,624,98,170,41,2,29,95,91,2,176,4,0,5,14,1,0,0.272,0.366,0.484,0.85,621566,2025
Jonathan Ornelas,25,415,"Maj-AL,Maj-NL","ATL,TEX",6,10,9,1,2,0,0,0,0,1,0,3,0,0,0,0,0,0,0.222,0.3,0.222,0.522,680716,2025
Tirso Ornelas,25,518,Maj-NL,SDP,7,16,14,0,1,0,0,0,1,2,0,2,0,0,0,1,0,0,0.071,0.188,0.071,0.259,672359,2025
Joey Ortiz,26,345,Maj-NL,MIL,158,529,489,63,110,18,1,7,45,30,0,78,3,7,0,10,14,3,0.225,0.274,0.309,0.583,687401,2025
Alejandro Osuna,22,364,Maj-AL,TEX,63,176,151,12,32,4,0,2,15,21,1,34,2,0,2,1,5,4,0.212,0.313,0.278,0.591,696030,2025
James Outman,28,364,"Maj-AL,Maj-NL","LAD,MIN",59,148,134,19,18,5,1,6,11,12,0,63,2,0,0,0,1,0,0.134,0.216,0.321,0.537,681546,2025
Marcell Ozuna,34,364,Maj-NL,ATL,145,592,487,61,113,19,0,21,68,94,2,144,3,0,7,11,0,0,0.232,0.355,0.4,0.756,542303,2025
Andy Pages,24,330,Maj-NL,LAD,171,679,632,76,162,28,1,27,87,29,0,146,10,2,6,9,14,7,0.256,0.297,0.432,0.729,681624,2025
Pedro Pag\xc3\xa9s,26,366,Maj-NL,STL,112,389,361,38,83,15,0,11,45,19,1,107,3,3,3,9,0,0,0.23,0.272,0.363,0.635,686780,2025
Joshua Palacios,29,472,Maj-AL,CHC,51,145,128,11,26,4,0,3,9,12,0,36,4,1,0,0,0,0,0.203,0.292,0.305,0.596,641943,2025
Richie Palacios,28,364,Maj-AL,TBR,17,48,42,10,14,2,0,1,3,5,0,9,0,0,1,3,4,0,0.333,0.396,0.452,0.848,680700,2025
Isaac Paredes,26,365,Maj-AL,HOU,102,438,378,53,96,15,1,20,53,50,0,76,8,0,2,10,0,1,0.254,0.352,0.458,0.809,670623,2025
Kyren Paris,23,460,Maj-AL,LAD,44,140,126,20,24,4,1,6,11,10,0,59,3,0,0,1,7,1,0.19,0.266,0.381,0.647,677347,2025
Vinnie Pasquantino,27,364,Maj-AL,KCR,160,682,621,72,164,33,1,32,113,49,5,107,7,0,5,14,1,0,0.264,0.323,0.475,0.798,686469,2025
Graham Pauley,24,364,Maj-NL,MIA,62,184,161,18,36,9,1,4,11,21,0,36,0,1,1,1,2,0,0.224,0.311,0.366,0.678,688363,2025
Joc Pederson,33,364,Maj-AL,TEX,96,306,265,28,48,10,1,9,26,34,0,65,5,0,1,5,2,0,0.181,0.285,0.328,0.614,592626,2025
Jeremy Pe\xc3\xb1a,27,372,Maj-AL,HOU,125,543,493,68,150,30,2,17,62,35,2,93,12,1,2,9,20,2,0.304,0.363,0.477,0.84,665161,2025
Oswald Peraza,25,365,Maj-AL,"LAD,NYY",106,265,244,24,40,6,0,5,20,17,0,80,2,0,1,6,9,0,0.164,0.223,0.25,0.473,672724,2025
Geraldo Perdomo,25,364,Maj-NL,ARI,161,720,597,98,173,33,5,20,100,94,1,83,10,8,11,11,27,6,0.29,0.389,0.462,0.851,672695,2025
Jhonny Pereda,29,371,Maj-AL,"Athletics,MIN",28,78,69,4,17,6,0,0,4,8,0,21,0,1,0,1,0,0,0.246,0.325,0.333,0.658,640902,2025
Everson Pereira,24,367,Maj-AL,TBR,23,73,65,7,9,1,0,2,8,7,0,28,0,0,1,2,2,0,0.138,0.219,0.246,0.465,677592,2025
Salvador Perez,35,364,Maj-AL,KCR,155,641,597,54,141,35,0,30,100,28,5,125,12,0,1,14,0,0,0.236,0.284,0.446,0.729,521692,2025
Wenceel P\xc3\xa9rez,25,354,Maj-AL,DET,106,403,363,49,86,18,4,13,45,31,0,94,3,1,5,6,8,3,0.237,0.299,0.416,0.714,672761,2025
Blake Perkins,28,345,Maj-NL,MIL,60,189,170,26,38,7,2,3,20,18,0,53,1,0,0,4,7,2,0.224,0.302,0.341,0.643,663368,2025
Tristan Peters,25,410,Maj-AL,TBR,4,12,12,0,0,0,0,0,0,0,0,7,0,0,0,0,0,0,0.0,0.0,0.0,0.0,671976,2025
Kevin Pillar,36,492,Maj-AL,TEX,20,43,43,6,9,2,0,0,1,0,0,8,0,0,0,0,3,0,0.209,0.209,0.256,0.465,607680,2025
Jorge Polanco,31,342,Maj-AL,SEA,150,576,519,71,135,31,0,29,86,46,1,94,3,3,5,8,6,3,0.26,0.321,0.487,0.809,593871,2025
Yohel Pozo,28,364,Maj-NL,STL,67,168,160,16,37,8,0,5,19,7,0,22,0,0,1,4,0,0,0.231,0.262,0.375,0.637,650968,2025
C\xc3\xa9sar Prieto,26,391,Maj-NL,STL,3,6,6,0,1,0,0,0,0,0,0,5,0,0,0,0,0,0,0.167,0.167,0.167,0.333,693409,2025
Jurickson Profar,32,364,Maj-NL,ATL,80,371,318,56,78,16,1,14,43,48,0,59,5,0,0,4,9,2,0.245,0.353,0.434,0.787,595777,2025
Edgar Quero,22,364,Maj-AL,CHC,111,403,365,31,98,17,0,5,36,32,0,71,4,0,2,8,0,1,0.268,0.333,0.356,0.689,700337,2025
Ceddanne Rafaela,24,360,Maj-AL,BOS,159,599,556,86,136,34,4,16,63,30,0,121,8,3,2,9,20,5,0.245,0.292,0.406,0.698,678882,2025
Cal Raleigh,28,342,Maj-AL,SEA,171,759,642,118,161,26,0,65,133,105,20,205,9,0,3,7,14,4,0.251,0.362,0.595,0.957,663728,2025
Luke Raley,30,354,Maj-AL,SEA,76,224,187,24,37,8,0,4,19,19,0,66,14,3,1,2,2,1,0.198,0.317,0.305,0.622,670042,2025
Agust\xc3\xadn Ram\xc3\xadrez,23,364,Maj-NL,MIA,136,585,537,72,124,33,1,21,67,36,2,113,8,0,4,13,16,3,0.231,0.287,0.413,0.701,682663,2025
Jos\xc3\xa9 Ram\xc3\xadrez,32,360,Maj-AL,CLE,161,685,602,104,170,34,3,30,86,70,23,76,8,0,5,9,44,8,0.282,0.362,0.498,0.86,608070,2025
Bryan Ramos,23,386,Maj-AL,CHC,4,12,12,1,2,2,0,0,2,0,0,4,0,0,0,0,0,0,0.167,0.167,0.333,0.5,682868,2025
John Rave,27,364,Maj-AL,KCR,72,175,153,18,30,5,0,4,14,18,0,46,1,2,1,1,7,2,0.196,0.283,0.307,0.59,670231,2025
Colin Rea,34,545,Maj-NL,CHC,1,1,1,0,0,0,0,0,0,0,0,1,0,0,0,0,0,0,0.0,0.0,0.0,0.0,607067,2025
J.T. Realmuto,34,353,Maj-NL,PHI,138,567,519,60,135,28,2,13,55,35,1,132,9,0,3,13,8,2,0.26,0.316,0.397,0.713,592663,2025
Rob Refsnyder,34,361,Maj-AL,BOS,72,215,187,29,49,12,0,9,30,25,1,56,1,0,2,6,3,0,0.262,0.349,0.471,0.819,608701,2025
Hunter Renfroe,33,495,Maj-AL,KCR,35,108,99,5,18,6,0,0,4,8,0,21,0,0,1,4,0,0,0.182,0.241,0.242,0.483,592669,2025
Luis Rengifo,28,364,Maj-AL,LAD,147,541,501,55,119,16,3,9,43,33,0,104,3,1,3,7,10,7,0.238,0.287,0.335,0.622,650859,2025
Pablo Reyes,31,471,Maj-AL,NYY,24,34,31,4,6,1,0,0,2,2,0,10,0,1,0,0,1,0,0.194,0.242,0.226,0.468,622569,2025
Ben Rice,26,354,Maj-AL,NYY,144,551,485,76,123,29,4,27,69,52,0,108,9,0,3,18,3,2,0.254,0.335,0.497,0.832,700250,2025
Austin Riley,28,421,Maj-NL,ATL,102,447,416,54,108,20,1,16,54,27,1,128,3,0,1,9,2,1,0.26,0.309,0.428,0.737,663586,2025
Leo Rivas,27,342,Maj-AL,SEA,55,132,107,20,24,2,0,2,10,24,0,33,1,0,0,1,6,0,0.224,0.371,0.299,0.67,660844,2025
Emmanuel Rivera,29,377,Maj-AL,BAL,42,127,120,5,30,4,0,0,13,6,0,24,1,0,0,3,1,0,0.25,0.291,0.283,0.575,656896,2025
Sebasti\xc3\xa1n Rivero,26,364,Maj-AL,LAD,11,34,33,4,6,2,0,0,2,1,0,9,0,0,0,0,1,0,0.182,0.206,0.242,0.448,665861,2025
Luis Robert Jr.,27,397,Maj-AL,CHC,110,431,382,52,85,12,0,14,53,40,3,112,2,1,3,8,33,8,0.223,0.297,0.364,0.661,673357,2025
Will Robertson,27,366,Maj-AL,"CHC,TOR",27,75,70,2,9,1,0,0,9,2,0,27,2,0,1,1,0,0,0.129,0.173,0.143,0.316,683770,2025
Chuckie Robinson,30,377,Maj-NL,LAD,1,2,1,1,0,0,0,0,0,0,0,0,0,1,0,0,0,0,0.0,0.0,0.0,0.0,642020,2025
V\xc3\xadctor Robles,28,342,Maj-AL,SEA,41,149,133,13,29,6,1,1,9,10,0,33,4,0,2,4,6,4,0.218,0.289,0.301,0.589,645302,2025
Brayan Rocchio,24,360,Maj-AL,CLE,118,392,353,36,82,18,2,6,45,22,0,80,8,4,5,4,8,4,0.232,0.289,0.346,0.634,677587,2025
Alan Roden,25,409,Maj-AL,"MIN,TOR",55,153,136,17,26,6,1,2,9,8,0,37,6,0,3,0,1,1,0.191,0.261,0.294,0.556,702176,2025
Brendan Rodgers,28,470,Maj-AL,HOU,43,128,115,12,22,4,0,2,11,11,0,46,1,0,1,2,0,1,0.191,0.266,0.278,0.544,663898,2025
Johnathan Rodr\xc3\xadguez,25,362,Maj-AL,CLE,31,80,74,6,14,4,1,2,10,6,0,24,0,0,0,2,1,0,0.189,0.25,0.351,0.601,671286,2025
Julio Rodr\xc3\xadguez,24,342,Maj-AL,SEA,172,765,700,112,184,33,4,36,104,51,6,171,12,0,2,17,30,6,0.263,0.323,0.476,0.799,677594,2025
Jake Rogers,30,355,Maj-AL,DET,47,143,124,15,24,5,2,3,19,15,0,39,1,1,2,3,0,0,0.194,0.282,0.339,0.62,668670,2025
Trevor Rogers,27,454,Maj-AL,BAL,1,2,2,0,0,0,0,0,0,0,0,2,0,0,0,0,0,0,0.0,0.0,0.0,0.0,669432,2025
Johan Rojas,24,424,Maj-NL,PHI,71,172,152,23,34,3,2,1,18,13,0,40,0,4,3,2,12,2,0.224,0.28,0.289,0.569,679032,2025
Josh Rojas,31,408,Maj-AL,CHC,69,211,189,14,34,9,0,2,11,19,0,48,0,1,2,6,4,1,0.18,0.252,0.259,0.512,668942,2025
Miguel Rojas,36,330,Maj-NL,LAD,120,337,308,38,81,18,0,8,29,24,1,48,1,4,0,7,5,0,0.263,0.318,0.399,0.718,500743,2025
Ben Rortvedt,27,356,"Maj-AL,Maj-NL","LAD,TBR",48,138,119,11,20,4,0,1,11,11,0,26,3,5,0,1,0,0,0.168,0.256,0.227,0.483,666163,2025
Amed Rosario,29,354,"Maj-AL,Maj-NL","NYY,Washington",66,201,191,22,53,12,0,6,24,7,0,32,2,0,1,6,1,0,0.277,0.308,0.435,0.743,642708,2025
Eddie Rosario,33,507,Maj-NL,"ATL,LAD",5,8,8,1,1,0,0,0,0,0,0,2,0,0,0,0,0,0,0.125,0.125,0.125,0.25,592696,2025
Esteury Ruiz,26,419,Maj-NL,LAD,19,23,21,2,4,0,0,1,2,2,0,8,0,0,0,0,4,0,0.19,0.261,0.333,0.594,665923,2025
Dalton Rushing,24,354,Maj-NL,LAD,54,156,143,15,29,5,0,4,24,10,0,59,1,0,2,1,0,0,0.203,0.256,0.322,0.578,687221,2025
Adley Rutschman,27,364,Maj-AL,BAL,90,365,322,37,71,16,2,9,29,40,0,57,1,0,2,8,0,0,0.22,0.307,0.366,0.673,668939,2025
Blake Sabol,27,519,Maj-AL,BOS,8,18,16,2,2,1,0,0,1,1,0,7,0,0,1,1,0,0,0.125,0.167,0.188,0.354,666165,2025
Thomas Saggese,23,364,Maj-NL,STL,82,295,275,25,71,17,0,2,25,16,0,83,1,1,2,5,3,0,0.258,0.299,0.342,0.641,695336,2025
C\xc3\xa9sar Salazar,29,390,Maj-AL,HOU,11,16,13,0,3,0,0,0,1,2,0,2,1,0,0,1,0,0,0.231,0.375,0.231,0.606,663967,2025
Ali S\xc3\xa1nchez,28,379,Maj-AL,"BOS,TOR",12,23,23,2,5,2,0,0,0,0,0,6,0,0,0,1,0,0,0.217,0.217,0.304,0.522,645305,2025
Gary S\xc3\xa1nchez,32,449,Maj-AL,BAL,29,101,91,13,21,2,0,5,24,4,0,27,5,0,1,2,0,0,0.231,0.297,0.418,0.715,596142,2025
Jes\xc3\xbas S\xc3\xa1nchez,27,364,"Maj-AL,Maj-NL","HOU,MIA",134,497,451,61,107,21,4,14,48,42,1,110,2,0,2,10,13,3,0.237,0.304,0.395,0.699,660821,2025
Javier Sanoja,22,364,Maj-NL,MIA,118,342,313,40,76,22,4,6,38,19,0,41,2,4,4,2,6,5,0.243,0.287,0.396,0.683,691594,2025
Carlos Santana,39,369,"Maj-AL,Maj-NL","CHC,CLE",124,474,415,49,91,11,0,11,54,52,1,91,3,0,4,7,7,0,0.219,0.308,0.325,0.633,467793,2025
Anthony Santander,30,347,Maj-AL,TOR,59,237,209,17,37,5,0,6,20,26,1,66,1,0,1,6,0,0,0.177,0.27,0.287,0.557,623993,2025
Nolan Schanuel,23,366,Maj-AL,LAD,132,564,488,64,129,23,1,12,53,59,4,71,10,3,4,10,5,1,0.264,0.353,0.389,0.742,694384,2025
Daniel Schneemann,28,360,Maj-AL,CLE,133,425,382,49,79,19,1,12,42,38,1,118,3,1,1,4,9,3,0.207,0.283,0.356,0.639,682177,2025
Davis Schneider,26,330,Maj-AL,TOR,90,251,208,37,48,6,0,12,32,40,0,69,2,0,1,5,3,1,0.231,0.359,0.433,0.791,676914,2025
Kyle Schwarber,32,353,Maj-NL,PHI,166,742,620,113,148,24,2,58,135,110,6,205,11,0,1,4,10,2,0.239,0.363,0.565,0.927,656941,2025
Victor Scott II,24,364,Maj-NL,STL,138,463,398,54,86,15,1,5,37,42,0,111,10,10,3,3,34,4,0.216,0.305,0.296,0.601,687363,2025
Corey Seager,31,396,Maj-AL,TEX,102,445,380,61,103,19,0,21,50,58,10,87,5,0,2,13,3,0,0.271,0.373,0.487,0.86,608369,2025
Anthony Seigler,26,389,Maj-NL,MIL,34,73,62,6,12,1,0,0,5,8,0,16,1,1,1,2,2,0,0.194,0.292,0.21,0.501,678011,2025
Marcus Semien,34,402,Maj-AL,TEX,127,534,470,62,108,16,1,15,62,50,0,93,5,0,9,8,11,1,0.23,0.305,0.364,0.669,543760,2025
Hayden Senger,28,376,Maj-NL,NYY,33,78,72,8,13,1,0,0,4,3,0,22,1,1,1,3,0,0,0.181,0.221,0.194,0.415,663584,2025
Bob Seymour,26,364,Maj-AL,TBR,26,83,78,9,16,1,1,1,5,4,0,32,1,0,0,0,1,0,0.205,0.253,0.282,0.535,676044,2025
Matt Shaw,23,351,Maj-NL,CHC,134,460,410,57,91,21,3,13,45,43,0,101,2,1,4,2,18,5,0.222,0.296,0.383,0.679,807713,2025
Gavin Sheets,29,360,Maj-NL,SDP,148,551,498,57,125,28,1,19,71,44,1,108,5,0,4,9,2,1,0.251,0.316,0.426,0.741,657757,2025
Zack Short,30,424,Maj-AL,HOU,22,56,50,9,11,2,0,2,7,4,0,18,1,1,0,0,0,1,0.22,0.291,0.38,0.671,670097,2025
Michael Siani,25,471,Maj-NL,STL,19,19,17,4,4,0,0,0,0,2,0,7,0,0,0,0,0,0,0.235,0.316,0.235,0.551,672279,2025
Ronny Simon,25,394,Maj-NL,"MIA,Pittsburgh",27,88,77,10,18,3,0,0,7,8,0,15,0,1,2,1,1,0,0.234,0.299,0.273,0.572,682927,2025
Chandler Simpson,24,365,Maj-AL,TBR,109,441,414,53,122,15,3,0,26,20,0,43,0,3,2,10,44,12,0.295,0.326,0.345,0.671,802415,2025
Jon Singleton,33,427,Maj-AL,HOU,3,9,9,0,1,0,0,0,0,0,0,1,0,0,0,0,0,0,0.111,0.111,0.111,0.222,572138,2025
Jose Siri,29,369,Maj-NL,NYY,16,36,32,7,2,2,0,0,1,4,0,17,0,0,0,0,2,0,0.063,0.167,0.125,0.292,642350,2025
Austin Slater,32,366,Maj-AL,"CHC,NYY",65,160,148,22,32,6,1,5,13,11,0,51,0,1,0,6,1,0,0.216,0.27,0.372,0.642,596103,2025
Cam Smith,22,364,Maj-AL,HOU,134,493,441,55,104,21,3,9,51,43,0,137,7,0,2,11,8,1,0.236,0.312,0.358,0.671,701358,2025
Josh Smith,27,367,Maj-AL,TEX,144,563,495,70,124,23,2,10,35,55,2,100,8,3,1,3,12,3,0.251,0.335,0.366,0.7,669701,2025
Pavin Smith,29,396,Maj-NL,ARI,87,288,244,36,63,17,1,8,28,41,1,92,0,0,2,7,2,2,0.258,0.362,0.434,0.797,656976,2025
Will Smith,30,330,Maj-NL,LAD,125,502,420,72,123,22,1,19,69,70,3,107,7,0,5,9,2,3,0.293,0.398,0.486,0.884,669257,2025
Nick Sogard,27,361,Maj-AL,BOS,32,111,102,14,27,9,0,0,9,5,0,25,3,1,0,3,2,1,0.265,0.318,0.353,0.671,686765,2025
Donovan Solano,37,364,Maj-AL,"SEA,TEX",71,179,166,10,41,4,1,3,21,8,0,40,3,0,2,9,0,0,0.247,0.291,0.337,0.628,456781,2025
Jorge Soler,33,431,Maj-AL,LAD,82,315,279,31,60,12,0,12,34,28,0,94,4,0,3,5,0,0,0.215,0.293,0.387,0.68,624585,2025
Edmundo Sosa,29,356,Maj-NL,PHI,91,264,246,30,68,12,1,11,39,10,0,57,2,3,2,7,1,1,0.276,0.308,0.467,0.775,624641,2025
Lenyn Sosa,25,364,Maj-AL,CHC,140,544,518,57,137,20,1,22,75,18,0,127,4,1,3,11,2,1,0.264,0.293,0.434,0.727,672820,2025
Juan Soto,26,364,Maj-NL,NYY,160,715,577,120,152,20,1,43,105,127,13,137,3,1,6,17,38,4,0.263,0.396,0.525,0.921,665742,2025
George Springer,35,330,Maj-AL,TOR,156,661,565,120,173,33,1,36,94,74,3,128,10,0,5,15,18,2,0.306,0.393,0.559,0.952,543807,2025
Jacob Stallings,35,428,"Maj-AL,Maj-NL","BAL,Colorado",42,129,119,5,16,4,0,0,9,6,0,40,3,1,0,5,0,0,0.134,0.195,0.168,0.363,607732,2025
Giancarlo Stanton,35,354,Maj-AL,NYY,84,311,275,37,73,10,0,24,70,32,3,102,1,0,2,6,0,0,0.265,0.342,0.564,0.906,519317,2025
Spencer Steer,27,361,Maj-NL,CIN,148,577,517,66,124,21,2,21,76,51,0,131,6,1,2,12,7,1,0.24,0.314,0.41,0.724,668715,2025
Michael Stefanic,29,486,Maj-AL,TOR,9,25,22,1,4,0,0,0,0,3,0,3,0,0,0,0,0,0,0.182,0.28,0.182,0.462,683021,2025
Tyler Stephenson,28,361,Maj-NL,CIN,90,350,306,40,70,19,0,13,52,37,1,120,2,0,5,4,0,1,0.229,0.311,0.418,0.73,663886,2025
Chad Stevens,26,447,Maj-AL,LAD,5,14,13,1,2,0,0,0,0,0,0,7,0,1,0,0,0,1,0.154,0.154,0.154,0.308,677060,2025
Cal Stevenson,28,513,Maj-NL,PHI,5,8,8,0,2,0,0,0,1,0,0,2,0,0,0,0,0,0,0.25,0.25,0.25,0.5,670276,2025
Sal Stewart,21,361,Maj-NL,CIN,20,63,59,11,16,1,0,5,12,4,0,16,0,0,0,1,1,0,0.271,0.317,0.542,0.86,701398,2025
Trevor Story,32,360,Maj-AL,BOS,160,667,625,93,166,29,0,26,99,33,1,180,7,1,1,3,32,1,0.266,0.309,0.437,0.746,596115,2025
Bryson Stott,27,353,Maj-NL,PHI,151,574,512,66,130,22,3,13,66,54,1,95,1,3,4,4,25,5,0.254,0.324,0.385,0.709,681082,2025
Kyle Stowers,27,408,Maj-NL,MIA,117,457,399,61,115,21,3,25,73,48,3,125,5,1,4,6,5,1,0.288,0.368,0.544,0.912,669065,2025
Myles Straw,30,330,Maj-AL,TOR,148,318,285,53,72,14,1,4,33,20,0,55,1,11,1,4,12,1,0.253,0.303,0.351,0.654,664702,2025
Garrett Stubbs,32,364,Maj-NL,PHI,5,1,1,2,0,0,0,0,0,0,0,0,0,0,0,0,0,0,0.0,0.0,0.0,0.0,596117,2025
Eugenio Su\xc3\xa1rez,33,342,"Maj-AL,Maj-NL","ARI,SEA",171,708,635,95,144,29,0,52,126,50,2,214,16,0,7,13,4,1,0.227,0.297,0.518,0.815,553993,2025
Seiya Suzuki,30,351,Maj-NL,CHC,159,683,602,79,147,34,3,35,108,72,1,174,1,0,8,14,5,2,0.244,0.322,0.485,0.807,673548,2025
Dansby Swanson,31,351,Maj-NL,CHC,167,674,616,85,148,25,3,24,78,50,1,183,2,1,5,9,20,3,0.24,0.297,0.407,0.705,621020,2025
Trey Sweeney,25,364,Maj-AL,DET,118,326,296,36,58,6,2,6,32,26,0,92,0,0,4,2,3,1,0.196,0.258,0.291,0.548,700242,2025
Fernando Tatis Jr.,26,360,Maj-NL,SDP,158,704,606,113,160,27,2,25,71,90,7,133,6,0,2,6,33,7,0.264,0.364,0.439,0.803,665487,2025
Mike Tauchman,34,372,Maj-AL,CHC,93,385,335,44,88,17,1,9,40,45,0,86,4,0,1,5,0,0,0.263,0.356,0.4,0.756,643565,2025
Leody Taveras,26,477,Maj-AL,"SEA,TEX",58,180,171,13,35,6,1,3,17,5,0,50,0,3,1,0,9,3,0.205,0.226,0.304,0.53,665750,2025
Tim Tawa,26,364,Maj-NL,ARI,74,225,199,29,40,8,0,7,18,20,0,64,1,2,3,6,8,2,0.201,0.274,0.347,0.62,694374,2025
Chris Taylor,34,364,"Maj-AL,Maj-NL",LAD,58,125,113,15,21,7,0,2,12,5,0,42,6,0,1,1,2,2,0.186,0.256,0.301,0.557,621035,2025
Michael A. Taylor,34,364,Maj-AL,CHC,134,325,295,33,59,20,1,9,35,23,1,110,1,4,2,7,8,3,0.2,0.259,0.366,0.625,572191,2025
Samad Taylor,26,510,Maj-AL,SEA,4,9,8,1,1,0,0,0,0,0,0,1,0,1,0,0,0,0,0.125,0.125,0.125,0.25,669392,2025
Tyrone Taylor,31,364,Maj-NL,NYY,113,341,310,34,69,18,3,2,27,16,1,76,9,3,2,4,12,2,0.223,0.279,0.319,0.598,621438,2025
Kyle Teel,23,364,Maj-AL,CHC,78,297,253,38,69,11,0,8,35,37,0,77,5,1,1,1,3,1,0.273,0.375,0.411,0.786,691019,2025
Rowdy Tellez,30,364,Maj-AL,"SEA,TEX",112,312,289,34,66,11,0,17,49,17,0,83,3,0,3,9,1,0,0.228,0.276,0.443,0.719,642133,2025
Bryce Teodosio,26,364,Maj-AL,LAD,50,150,138,12,28,7,2,1,7,5,0,47,4,1,2,2,7,1,0.203,0.248,0.304,0.553,669326,2025
Matt Thaiss,30,423,Maj-AL,"CHC,TBR",60,190,156,16,34,6,1,1,16,29,0,46,3,1,1,2,1,1,0.218,0.349,0.288,0.638,642136,2025
Alek Thomas,25,364,Maj-NL,ARI,143,469,433,51,108,19,3,9,38,21,0,122,5,6,4,2,7,4,0.249,0.289,0.37,0.659,677950,2025
Lane Thomas,29,450,Maj-AL,CLE,39,142,125,10,20,2,0,4,11,14,0,44,1,0,2,4,4,1,0.16,0.246,0.272,0.518,657041,2025
Rhylan Thomas,25,510,Maj-AL,SEA,3,10,8,2,1,1,0,0,2,1,0,0,0,0,1,0,0,0,0.125,0.2,0.25,0.45,689041,2025
Tyler Tolbert,27,364,Maj-AL,KCR,64,57,50,19,14,2,0,1,6,1,0,11,3,1,2,1,20,2,0.28,0.321,0.38,0.701,686475,2025
Spencer Torkelson,25,352,Maj-AL,DET,163,686,595,85,141,30,1,31,84,75,6,180,11,0,5,12,2,1,0.237,0.331,0.447,0.778,679529,2025
Abraham Toro,28,404,Maj-AL,BOS,77,284,259,33,62,13,0,7,27,14,1,42,6,0,5,1,2,1,0.239,0.289,0.371,0.659,647351,2025
Luis Torrens,29,366,Maj-NL,NYY,92,283,261,20,59,14,1,5,29,19,0,56,2,1,0,7,1,0,0.226,0.284,0.345,0.629,620443,2025
Gleyber Torres,28,352,Maj-AL,DET,153,666,566,81,144,24,0,17,75,88,1,111,5,0,7,12,4,1,0.254,0.356,0.387,0.743,650402,2025
Taylor Trammell,27,365,Maj-AL,HOU,52,135,117,15,23,7,0,3,12,17,0,41,0,0,1,0,3,2,0.197,0.296,0.333,0.63,666211,2025
Jose Trevino,32,364,Maj-NL,CIN,93,302,282,30,67,20,0,4,22,15,0,39,0,1,4,9,0,0,0.238,0.272,0.351,0.623,624431,2025
Chadwick Tromp,30,454,"Maj-AL,Maj-NL","ATL,BAL",8,22,21,2,3,1,0,1,1,1,0,6,0,0,0,1,0,0,0.143,0.182,0.333,0.515,644433,2025
Mike Trout,33,364,Maj-AL,LAD,130,556,456,73,106,14,1,26,64,87,10,178,6,0,6,7,2,0,0.232,0.359,0.439,0.797,545361,2025
Kyle Tucker,28,351,Maj-NL,CHC,144,629,527,96,140,25,4,23,74,92,7,93,4,1,3,8,25,4,0.266,0.377,0.459,0.836,663656,2025
Brice Turang,25,345,Maj-NL,MIL,165,696,619,99,172,29,2,19,84,68,1,164,2,2,5,3,24,8,0.278,0.349,0.423,0.772,668930,2025
Justin Turner,40,356,Maj-NL,CHC,81,193,171,14,38,7,0,3,18,17,0,37,1,0,4,3,2,0,0.222,0.29,0.316,0.606,457759,2025
Trea Turner,32,353,Maj-NL,PHI,145,658,606,95,183,31,7,15,72,45,1,112,5,0,2,11,38,7,0.302,0.354,0.45,0.805,607208,2025
Ram\xc3\xb3n Ur\xc3\xadas,31,364,Maj-AL,"BAL,HOU",112,391,352,33,85,17,0,11,44,27,0,88,2,0,10,6,3,0,0.241,0.292,0.384,0.675,602104,2025
George Valera,24,360,Maj-AL,CLE,19,55,48,9,11,3,0,3,6,7,0,15,0,0,0,1,0,0,0.229,0.327,0.479,0.806,671655,2025
Ildemaro Vargas,33,364,Maj-NL,ARI,38,121,115,12,31,2,1,3,19,2,0,15,2,1,1,3,0,0,0.27,0.292,0.383,0.674,545121,2025
Miguel Vargas,25,364,Maj-AL,CHC,138,569,504,80,118,32,2,16,60,56,0,100,6,0,3,9,6,0,0.234,0.316,0.401,0.717,678246,2025
Daulton Varsho,28,330,Maj-AL,TOR,89,352,323,55,76,17,3,23,65,21,1,96,3,0,5,3,2,1,0.235,0.284,0.52,0.804,662139,2025
Andrew Vaughn,27,345,"Maj-AL,Maj-NL","CHC,MIL",121,477,432,39,107,22,0,16,69,35,0,82,3,1,6,13,0,0,0.248,0.305,0.41,0.714,683734,2025
Terrin Vavra,28,421,Maj-AL,BAL,1,1,1,0,0,0,0,0,0,0,0,0,0,0,0,0,0,0,0.0,0.0,0.0,0.0,679631,2025
Christian V\xc3\xa1zquez,34,364,Maj-AL,MIN,65,214,190,14,36,7,0,3,14,18,0,35,4,0,2,3,1,1,0.189,0.271,0.274,0.545,543877,2025
Luis V\xc3\xa1zquez,25,371,Maj-AL,BAL,32,53,50,6,8,1,0,1,3,3,0,14,0,0,0,0,2,0,0.16,0.208,0.24,0.448,676679,2025
Alex Verdugo,29,453,Maj-NL,ATL,56,213,197,21,47,10,0,0,12,14,0,31,2,0,0,1,1,0,0.239,0.296,0.289,0.585,657077,2025
Mark Vientos,25,364,Maj-NL,NYY,121,463,424,44,99,21,2,17,61,30,0,115,5,0,4,11,1,0,0.233,0.289,0.413,0.702,668901,2025
Matt Vierling,28,414,Maj-AL,DET,31,100,88,6,21,3,0,1,11,7,0,24,3,0,2,1,2,0,0.239,0.31,0.307,0.617,663837,2025
Ryan Vilade,26,457,Maj-NL,"CIN,STL",8,15,13,1,1,0,0,0,0,2,0,5,0,0,0,1,0,0,0.077,0.2,0.077,0.277,668723,2025
Jorbit Vivas,24,429,Maj-AL,NYY,29,66,56,6,9,2,0,1,5,5,0,13,3,0,0,0,0,0,0.161,0.266,0.25,0.516,678391,2025
Anthony Volpe,24,354,Maj-AL,NYY,160,622,565,67,119,33,4,20,74,43,0,166,4,3,7,11,18,8,0.211,0.268,0.389,0.658,683011,2025
LaMonte Wade Jr.,31,428,"Maj-AL,Maj-NL","LAD,San Francisco",80,242,209,19,35,8,2,2,18,27,1,58,3,2,1,2,1,0,0.167,0.271,0.254,0.524,664774,2025
Tyler Wade,30,427,Maj-NL,SDP,59,127,107,13,22,1,2,0,9,15,0,31,1,4,0,0,1,2,0.206,0.309,0.252,0.561,642180,2025
Eric Wagaman,27,364,Maj-NL,MIA,140,514,476,56,119,28,3,9,53,32,0,100,1,0,5,11,4,1,0.25,0.296,0.378,0.674,676572,2025
Will Wagner,26,364,"Maj-AL,Maj-NL","SDP,TOR",55,149,129,15,29,7,0,0,7,17,0,28,2,1,0,3,1,0,0.225,0.324,0.279,0.603,695238,2025
Christian Walker,34,365,Maj-AL,HOU,154,640,585,72,139,24,1,27,88,40,1,177,11,0,4,10,2,1,0.238,0.297,0.421,0.717,572233,2025
Jordan Walker,23,364,Maj-NL,STL,111,396,363,40,78,13,1,6,41,29,1,126,3,0,1,9,10,3,0.215,0.278,0.306,0.584,691023,2025
Chad Wallach,33,380,Maj-AL,LAD,1,0,0,0,0,0,0,0,0,0,0,0,0,0,0,0,0,0,,,,,595453,2025
Matt Wallner,27,375,Maj-AL,MIN,104,392,336,47,68,16,3,22,40,46,0,114,8,0,2,3,4,3,0.202,0.311,0.464,0.776,670242,2025
Taylor Walls,28,415,Maj-AL,TBR,101,317,282,36,62,14,1,4,38,26,0,70,0,3,6,1,14,6,0.22,0.28,0.319,0.599,670764,2025
Donovan Walton,31,379,Maj-NL,PHI,2,9,8,1,1,0,0,0,1,0,0,1,0,1,0,0,0,0,0.125,0.125,0.125,0.25,622268,2025
Taylor Ward,31,364,Maj-AL,LAD,157,663,579,86,132,31,2,36,103,75,1,175,3,0,6,13,4,1,0.228,0.317,0.475,0.792,621493,2025
Drew Waters,26,451,Maj-AL,KCR,71,219,206,21,50,6,3,1,14,11,0,60,2,0,0,2,5,3,0.243,0.288,0.316,0.603,671221,2025
Austin Wells,25,354,Maj-AL,NYY,133,471,423,52,93,22,1,21,74,31,0,124,5,0,11,10,5,1,0.22,0.274,0.426,0.7,669224,2025
Jordan Westburg,26,364,Maj-AL,BAL,85,352,328,59,87,10,1,17,41,17,0,80,6,0,1,5,1,2,0.265,0.313,0.457,0.77,676059,2025
Shay Whitcomb,26,425,Maj-AL,HOU,20,32,32,4,4,0,0,1,1,0,0,10,0,0,0,0,0,0,0.125,0.125,0.219,0.344,694376,2025
Eli White,31,365,Maj-NL,ATL,105,271,256,43,60,8,3,10,35,11,1,70,2,1,1,2,10,1,0.234,0.27,0.406,0.677,642201,2025
Joey Wiemer,26,364,Maj-NL,MIA,27,61,55,7,13,2,0,3,12,2,1,23,2,0,2,0,0,0,0.236,0.279,0.436,0.715,686894,2025
Carson Williams,22,364,Maj-AL,TBR,32,106,99,11,17,3,0,5,12,6,0,44,0,1,0,3,2,1,0.172,0.219,0.354,0.573,700246,2025
Luke Williams,28,371,Maj-NL,ATL,39,34,31,5,4,2,0,0,5,1,0,9,1,0,1,2,5,0,0.129,0.176,0.194,0.37,663897,2025
Ben Williamson,24,424,Maj-AL,SEA,85,295,277,36,70,13,0,1,21,15,0,64,1,2,0,5,5,1,0.253,0.294,0.31,0.604,810938,2025
Weston Wilson,30,364,Maj-NL,PHI,52,125,111,15,22,4,0,5,17,12,0,34,1,1,0,1,2,3,0.198,0.282,0.369,0.652,642215,2025
Will Wilson,26,392,Maj-AL,CLE,34,91,78,7,15,4,0,0,2,7,0,34,1,5,0,1,2,0,0.192,0.267,0.244,0.511,669717,2025
Jesse Winker,31,444,Maj-NL,NYY,26,81,70,8,16,5,2,1,10,9,1,21,0,0,2,1,1,0,0.229,0.309,0.4,0.709,608385,2025
Jack Winkler,26,378,Maj-NL,MIA,14,16,16,2,4,2,0,0,0,0,0,4,0,0,0,0,1,0,0.25,0.25,0.375,0.625,676466,2025
Masyn Winn,23,384,Maj-NL,STL,129,537,491,72,124,27,0,9,51,34,0,102,8,2,2,11,9,5,0.253,0.31,0.363,0.673,691026,2025
Brett Wisely,26,365,Maj-NL,"ATL,San Francisco",26,63,54,5,10,4,0,1,10,7,0,14,0,2,0,0,1,1,0.185,0.279,0.315,0.594,689172,2025
Bobby Witt Jr.,25,364,Maj-AL,KCR,157,687,623,99,184,47,6,23,88,49,8,125,8,0,7,7,38,9,0.295,0.351,0.501,0.852,677951,2025
Connor Wong,29,364,Maj-AL,BOS,63,188,168,16,32,8,0,0,7,16,0,42,1,1,2,7,2,1,0.19,0.262,0.238,0.5,657136,2025
Gage Workman,25,515,"Maj-AL,Maj-NL",CHC,12,17,16,0,3,1,0,0,2,1,0,7,0,0,0,0,1,0,0.188,0.235,0.25,0.485,669398,2025
Austin Wynns,34,420,"Maj-AL,Maj-NL","Athletics,CIN",39,110,103,13,30,8,0,6,21,5,0,32,0,1,1,3,0,0,0.291,0.321,0.544,0.865,642851,2025
Mike Yastrzemski,34,364,"Maj-AL,Maj-NL","KCR,San Francisco",146,558,477,68,111,28,1,17,46,72,4,108,2,2,5,7,7,2,0.233,0.333,0.403,0.735,573262,2025
Christian Yelich,33,345,Maj-NL,MIL,159,682,606,91,157,22,0,29,103,69,6,176,6,0,1,6,17,6,0.259,0.34,0.439,0.779,592885,2025
Masataka Yoshida,31,360,Maj-AL,BOS,58,212,195,16,54,11,0,4,28,10,0,25,3,0,4,3,3,0,0.277,0.316,0.395,0.711,807799,2025
Cole Young,21,364,Maj-AL,SEA,77,257,223,24,47,7,1,4,24,28,1,47,2,2,2,4,1,0,0.211,0.302,0.305,0.607,702284,2025
Jared Young,29,364,Maj-NL,NYY,22,47,43,5,8,1,0,4,6,2,0,16,1,0,1,1,0,0,0.186,0.234,0.488,0.722,676724,2025
